#include <pgmspace.h>
const prog_uint16_t health_160 [0x6400] PROGMEM = {
    // 'health_160', 160x160px
0x0000, 0x0000, 0x0000, 0x0000, 0x0000, 0x0000, 0x0000, 0x0000, 0x0000, 0x0000, 0x0000, 0x0000, 0x0000, 0x0000, 0x0000, 0x0000, 
0x0000, 0x0000, 0x0000, 0x0000, 0x0000, 0x0000, 0x0000, 0x0000, 0x0000, 0x0000, 0x0000, 0x0000, 0x0000, 0x0000, 0x0000, 0x0000, 
0x0000, 0x0000, 0x0000, 0x0000, 0x0000, 0x0000, 0x0000, 0x0000, 0x0000, 0x0000, 0x0000, 0x0000, 0x0000, 0x0000, 0x0000, 0x0000, 
0x0000, 0x0000, 0x0000, 0x0000, 0x0000, 0x0000, 0x0000, 0x0000, 0x0000, 0x0000, 0x0000, 0x0000, 0x0000, 0x0000, 0x0000, 0x0000, 
0x0000, 0x0000, 0x0000, 0x0000, 0x0000, 0x0000, 0x0000, 0x0000, 0x0000, 0x0000, 0x0000, 0x0000, 0x0020, 0x0020, 0x0020, 0x0841, 
0x0841, 0x0020, 0x0020, 0x0020, 0x0000, 0x0000, 0x0000, 0x0000, 0x0000, 0x0000, 0x0000, 0x0000, 0x0000, 0x0000, 0x0000, 0x0000, 
0x0000, 0x0000, 0x0000, 0x0000, 0x0000, 0x0000, 0x0000, 0x0000, 0x0000, 0x0000, 0x0000, 0x0000, 0x0000, 0x0000, 0x0000, 0x0000, 
0x0000, 0x0000, 0x0000, 0x0000, 0x0000, 0x0000, 0x0000, 0x0000, 0x0000, 0x0000, 0x0000, 0x0000, 0x0000, 0x0000, 0x0000, 0x0000, 
0x0000, 0x0000, 0x0000, 0x0000, 0x0000, 0x0000, 0x0000, 0x0000, 0x0000, 0x0000, 0x0000, 0x0000, 0x0000, 0x0000, 0x0000, 0x0000, 
0x0000, 0x0000, 0x0000, 0x0000, 0x0000, 0x0000, 0x0000, 0x0000, 0x0000, 0x0000, 0x0000, 0x0000, 0x0000, 0x0000, 0x0000, 0x0000, 
0x0000, 0x0000, 0x0000, 0x0000, 0x0000, 0x0000, 0x0000, 0x0000, 0x0000, 0x0000, 0x0000, 0x0000, 0x0000, 0x0000, 0x0000, 0x0000, 
0x0000, 0x0000, 0x0000, 0x0000, 0x0000, 0x0000, 0x0000, 0x0000, 0x0000, 0x0000, 0x0000, 0x0000, 0x0000, 0x0000, 0x0000, 0x0000, 
0x0000, 0x0000, 0x0000, 0x0000, 0x0000, 0x0000, 0x0000, 0x0000, 0x0000, 0x0000, 0x0000, 0x0000, 0x0000, 0x0000, 0x0000, 0x0000, 
0x0000, 0x0000, 0x0000, 0x0000, 0x0000, 0x0000, 0x0000, 0x0000, 0x0000, 0x0000, 0x0000, 0x0000, 0x0000, 0x0000, 0x0000, 0x0000, 
0x0000, 0x0000, 0x0000, 0x0841, 0x10a2, 0x2104, 0x2965, 0x39c7, 0x4228, 0x52aa, 0x6b4d, 0x7bcf, 0x8430, 0x8c51, 0x9492, 0x94b2, 
0x94b2, 0x9492, 0x8c51, 0x8430, 0x7bcf, 0x6b4d, 0x52aa, 0x4228, 0x39c7, 0x2965, 0x2104, 0x10a2, 0x0841, 0x0000, 0x0000, 0x0000, 
0x0000, 0x0000, 0x0000, 0x0000, 0x0000, 0x0000, 0x0000, 0x0000, 0x0000, 0x0000, 0x0000, 0x0000, 0x0000, 0x0000, 0x0000, 0x0000, 
0x0000, 0x0000, 0x0000, 0x0000, 0x0000, 0x0000, 0x0000, 0x0000, 0x0000, 0x0000, 0x0000, 0x0000, 0x0000, 0x0000, 0x0000, 0x0000, 
0x0000, 0x0000, 0x0000, 0x0000, 0x0000, 0x0000, 0x0000, 0x0000, 0x0000, 0x0000, 0x0000, 0x0000, 0x0000, 0x0000, 0x0000, 0x0000, 
0x0000, 0x0000, 0x0000, 0x0000, 0x0000, 0x0000, 0x0000, 0x0000, 0x0000, 0x0000, 0x0000, 0x0000, 0x0000, 0x0000, 0x0000, 0x0000, 
0x0000, 0x0000, 0x0000, 0x0000, 0x0000, 0x0000, 0x0000, 0x0000, 0x0000, 0x0000, 0x0000, 0x0000, 0x0000, 0x0000, 0x0000, 0x0000, 
0x0000, 0x0000, 0x0000, 0x0000, 0x0000, 0x0000, 0x0000, 0x0000, 0x0000, 0x0000, 0x0000, 0x0000, 0x0000, 0x0000, 0x0000, 0x0000, 
0x0000, 0x0000, 0x0000, 0x0000, 0x0000, 0x0000, 0x0000, 0x0000, 0x0000, 0x0000, 0x0000, 0x0000, 0x0000, 0x0000, 0x0000, 0x0000, 
0x0000, 0x0000, 0x0000, 0x0000, 0x0000, 0x0000, 0x0000, 0x0000, 0x0000, 0x0000, 0x0000, 0x0000, 0x0000, 0x0000, 0x0000, 0x2104, 
0x4208, 0x5acb, 0x73ae, 0x94b2, 0xb5b6, 0xce79, 0xe73c, 0xffff, 0xffff, 0xffff, 0xffff, 0xffff, 0xffff, 0xffff, 0xffff, 0xffff, 
0xffff, 0xffff, 0xffff, 0xffff, 0xffff, 0xffff, 0xffff, 0xffff, 0xffff, 0xe73c, 0xce79, 0xb5b6, 0x94b2, 0x73ae, 0x5acb, 0x4208, 
0x2104, 0x0000, 0x0000, 0x0000, 0x0000, 0x0000, 0x0000, 0x0000, 0x0000, 0x0000, 0x0000, 0x0000, 0x0000, 0x0000, 0x0000, 0x0000, 
0x0000, 0x0000, 0x0000, 0x0000, 0x0000, 0x0000, 0x0000, 0x0000, 0x0000, 0x0000, 0x0000, 0x0000, 0x0000, 0x0000, 0x0000, 0x0000, 
0x0000, 0x0000, 0x0000, 0x0000, 0x0000, 0x0000, 0x0000, 0x0000, 0x0000, 0x0000, 0x0000, 0x0000, 0x0000, 0x0000, 0x0000, 0x0000, 
0x0000, 0x0000, 0x0000, 0x0000, 0x0000, 0x0000, 0x0000, 0x0000, 0x0000, 0x0000, 0x0000, 0x0000, 0x0000, 0x0000, 0x0000, 0x0000, 
0x0000, 0x0000, 0x0000, 0x0000, 0x0000, 0x0000, 0x0000, 0x0000, 0x0000, 0x0000, 0x0000, 0x0000, 0x0000, 0x0000, 0x0000, 0x0000, 
0x0000, 0x0000, 0x0000, 0x0000, 0x0000, 0x0000, 0x0000, 0x0000, 0x0000, 0x0000, 0x0000, 0x0000, 0x0000, 0x0000, 0x0000, 0x0000, 
0x0000, 0x0000, 0x0000, 0x0000, 0x0000, 0x0000, 0x0000, 0x0000, 0x0000, 0x0000, 0x0000, 0x0000, 0x0000, 0x0000, 0x0000, 0x0000, 
0x0000, 0x0000, 0x0000, 0x0000, 0x0000, 0x0000, 0x0000, 0x0000, 0x0000, 0x0000, 0x0000, 0x18e3, 0x528a, 0x7bef, 0xa534, 0xc638, 
0xe73c, 0xffff, 0xffff, 0xffff, 0xffff, 0xffff, 0xffff, 0xffff, 0xffff, 0xffff, 0xffff, 0xffff, 0xffff, 0xffff, 0xffff, 0xffff, 
0xffff, 0xffff, 0xffff, 0xffff, 0xffff, 0xffff, 0xffff, 0xffff, 0xffff, 0xffff, 0xffff, 0xffff, 0xffff, 0xffff, 0xffff, 0xe73c, 
0xce59, 0xa534, 0x8410, 0x528a, 0x18e3, 0x0000, 0x0000, 0x0000, 0x0000, 0x0000, 0x0000, 0x0000, 0x0000, 0x0000, 0x0000, 0x0000, 
0x0000, 0x0000, 0x0000, 0x0000, 0x0000, 0x0000, 0x0000, 0x0000, 0x0000, 0x0000, 0x0000, 0x0000, 0x0000, 0x0000, 0x0000, 0x0000, 
0x0000, 0x0000, 0x0000, 0x0000, 0x0000, 0x0000, 0x0000, 0x0000, 0x0000, 0x0000, 0x0000, 0x0000, 0x0000, 0x0000, 0x0000, 0x0000, 
0x0000, 0x0000, 0x0000, 0x0000, 0x0000, 0x0000, 0x0000, 0x0000, 0x0000, 0x0000, 0x0000, 0x0000, 0x0000, 0x0000, 0x0000, 0x0000, 
0x0000, 0x0000, 0x0000, 0x0000, 0x0000, 0x0000, 0x0000, 0x0000, 0x0000, 0x0000, 0x0000, 0x0000, 0x0000, 0x0000, 0x0000, 0x0000, 
0x0000, 0x0000, 0x0000, 0x0000, 0x0000, 0x0000, 0x0000, 0x0000, 0x0000, 0x0000, 0x0000, 0x0000, 0x0000, 0x0000, 0x0000, 0x0000, 
0x0000, 0x0000, 0x0000, 0x0000, 0x0000, 0x0000, 0x0000, 0x0000, 0x0000, 0x0000, 0x0000, 0x0000, 0x0000, 0x0000, 0x0000, 0x0000, 
0x0000, 0x0000, 0x0000, 0x0000, 0x0000, 0x0000, 0x0000, 0x0000, 0x2945, 0x738e, 0xb596, 0xd69a, 0xef7d, 0xffff, 0xffff, 0xffff, 
0xffff, 0xffff, 0xffff, 0xffff, 0xffff, 0xffff, 0xffff, 0xffff, 0xffff, 0xffff, 0xffff, 0xffff, 0xf7be, 0xf79e, 0xef5d, 0xe73c, 
0xe73c, 0xef5d, 0xf79e, 0xf7be, 0xffff, 0xffff, 0xffff, 0xffff, 0xffff, 0xffff, 0xffff, 0xffff, 0xffff, 0xffff, 0xffff, 0xffff, 
0xffff, 0xffff, 0xffff, 0xef7d, 0xd6ba, 0xb596, 0x738e, 0x2965, 0x0000, 0x0000, 0x0000, 0x0000, 0x0000, 0x0000, 0x0000, 0x0000, 
0x0000, 0x0000, 0x0000, 0x0000, 0x0000, 0x0000, 0x0000, 0x0000, 0x0000, 0x0000, 0x0000, 0x0000, 0x0000, 0x0000, 0x0000, 0x0000, 
0x0000, 0x0000, 0x0000, 0x0000, 0x0000, 0x0000, 0x0000, 0x0000, 0x0000, 0x0000, 0x0000, 0x0000, 0x0000, 0x0000, 0x0000, 0x0000, 
0x0000, 0x0000, 0x0000, 0x0000, 0x0000, 0x0000, 0x0000, 0x0000, 0x0000, 0x0000, 0x0000, 0x0000, 0x0000, 0x0000, 0x0000, 0x0000, 
0x0000, 0x0000, 0x0000, 0x0000, 0x0000, 0x0000, 0x0000, 0x0000, 0x0000, 0x0000, 0x0000, 0x0000, 0x0000, 0x0000, 0x0000, 0x0000, 
0x0000, 0x0000, 0x0000, 0x0000, 0x0000, 0x0000, 0x0000, 0x0000, 0x0000, 0x0000, 0x0000, 0x0000, 0x0000, 0x0000, 0x0000, 0x0000, 
0x0000, 0x0000, 0x0000, 0x0000, 0x0000, 0x0000, 0x0000, 0x0000, 0x0000, 0x0000, 0x0000, 0x0000, 0x0000, 0x0000, 0x0000, 0x0000, 
0x0000, 0x0000, 0x0000, 0x0000, 0x0000, 0x18e3, 0x6b6d, 0xc618, 0xef5d, 0xffdf, 0xffff, 0xffff, 0xffff, 0xffff, 0xffff, 0xffff, 
0xffff, 0xffff, 0xffdf, 0xf7be, 0xdedb, 0xb5b6, 0x94b2, 0x73ae, 0x52aa, 0x4208, 0x2965, 0x18e3, 0x18c3, 0x18c3, 0x18c3, 0x10a2, 
0x10a2, 0x18c3, 0x18c3, 0x18c3, 0x18e3, 0x2965, 0x4208, 0x52aa, 0x738e, 0x9492, 0xb596, 0xdedb, 0xf7be, 0xffdf, 0xffff, 0xffff, 
0xffff, 0xffff, 0xffff, 0xffff, 0xffff, 0xffff, 0xffdf, 0xef5d, 0xc618, 0x738e, 0x18e3, 0x0020, 0x0000, 0x0000, 0x0000, 0x0000, 
0x0000, 0x0000, 0x0000, 0x0000, 0x0000, 0x0000, 0x0000, 0x0000, 0x0000, 0x0000, 0x0000, 0x0000, 0x0000, 0x0000, 0x0000, 0x0000, 
0x0000, 0x0000, 0x0000, 0x0000, 0x0000, 0x0000, 0x0000, 0x0000, 0x0000, 0x0000, 0x0000, 0x0000, 0x0000, 0x0000, 0x0000, 0x0000, 
0x0000, 0x0000, 0x0000, 0x0000, 0x0000, 0x0000, 0x0000, 0x0000, 0x0000, 0x0000, 0x0000, 0x0000, 0x0000, 0x0000, 0x0000, 0x0000, 
0x0000, 0x0000, 0x0000, 0x0000, 0x0000, 0x0000, 0x0000, 0x0000, 0x0000, 0x0000, 0x0000, 0x0000, 0x0000, 0x0000, 0x0000, 0x0000, 
0x0000, 0x0000, 0x0000, 0x0000, 0x0000, 0x0000, 0x0000, 0x0000, 0x0000, 0x0000, 0x0000, 0x0000, 0x0000, 0x0000, 0x0000, 0x0000, 
0x0000, 0x0000, 0x0000, 0x0000, 0x0000, 0x0000, 0x0000, 0x0000, 0x0000, 0x0000, 0x0000, 0x0000, 0x0000, 0x0000, 0x0000, 0x0000, 
0x0000, 0x0000, 0x10a2, 0x4a69, 0xad75, 0xf7be, 0xffff, 0xffff, 0xffff, 0xffff, 0xffff, 0xffff, 0xffff, 0xf79e, 0xe73c, 0xd69a, 
0x9cf3, 0x6b4d, 0x39e7, 0x1082, 0x0000, 0x0000, 0x0000, 0x0000, 0x0000, 0x0000, 0x0000, 0x0000, 0x0000, 0x0000, 0x0000, 0x0000, 
0x0000, 0x0000, 0x0000, 0x0000, 0x0000, 0x0000, 0x0000, 0x0000, 0x0000, 0x0000, 0x0000, 0x0000, 0x1082, 0x39c7, 0x6b4d, 0x9cf3, 
0xd69a, 0xe73c, 0xf79e, 0xffff, 0xffff, 0xffff, 0xffff, 0xffff, 0xffff, 0xffff, 0xffdf, 0xb596, 0x528a, 0x10a2, 0x0000, 0x0000, 
0x0000, 0x0000, 0x0000, 0x0000, 0x0000, 0x0000, 0x0000, 0x0000, 0x0000, 0x0000, 0x0000, 0x0000, 0x0000, 0x0000, 0x0000, 0x0000, 
0x0000, 0x0000, 0x0000, 0x0000, 0x0000, 0x0000, 0x0000, 0x0000, 0x0000, 0x0000, 0x0000, 0x0000, 0x0000, 0x0000, 0x0000, 0x0000, 
0x0000, 0x0000, 0x0000, 0x0000, 0x0000, 0x0000, 0x0000, 0x0000, 0x0000, 0x0000, 0x0000, 0x0000, 0x0000, 0x0000, 0x0000, 0x0000, 
0x0000, 0x0000, 0x0000, 0x0000, 0x0000, 0x0000, 0x0000, 0x0000, 0x0000, 0x0000, 0x0000, 0x0000, 0x0000, 0x0000, 0x0000, 0x0000, 
0x0000, 0x0000, 0x0000, 0x0000, 0x0000, 0x0000, 0x0000, 0x0000, 0x0000, 0x0000, 0x0000, 0x0000, 0x0000, 0x0000, 0x0000, 0x0000, 
0x0000, 0x0000, 0x0000, 0x0000, 0x0000, 0x0000, 0x0000, 0x0000, 0x0000, 0x0000, 0x0000, 0x0000, 0x0000, 0x0000, 0x0000, 0x0020, 
0x3186, 0x73ae, 0xd6ba, 0xffff, 0xffff, 0xffff, 0xffff, 0xffff, 0xffff, 0xffff, 0xe71c, 0xc638, 0x9cd3, 0x5aeb, 0x2124, 0x0000, 
0x0000, 0x0000, 0x0000, 0x0000, 0x0000, 0x0000, 0x0000, 0x0000, 0x0000, 0x0000, 0x0000, 0x0000, 0x0000, 0x0000, 0x0000, 0x0000, 
0x0000, 0x0000, 0x0000, 0x0000, 0x0000, 0x0000, 0x0000, 0x0000, 0x0000, 0x0000, 0x0000, 0x0000, 0x0000, 0x0000, 0x0000, 0x0000, 
0x0000, 0x2124, 0x5acb, 0x9cd3, 0xc638, 0xe71c, 0xffff, 0xffff, 0xffff, 0xffff, 0xffff, 0xffff, 0xffff, 0xd6ba, 0x7bcf, 0x3186, 
0x0020, 0x0000, 0x0000, 0x0000, 0x0000, 0x0000, 0x0000, 0x0000, 0x0000, 0x0000, 0x0000, 0x0000, 0x0000, 0x0000, 0x0000, 0x0000, 
0x0000, 0x0000, 0x0000, 0x0000, 0x0000, 0x0000, 0x0000, 0x0000, 0x0000, 0x0000, 0x0000, 0x0000, 0x0000, 0x0000, 0x0000, 0x0000, 
0x0000, 0x0000, 0x0000, 0x0000, 0x0000, 0x0000, 0x0000, 0x0000, 0x0000, 0x0000, 0x0000, 0x0000, 0x0000, 0x0000, 0x0000, 0x0000, 
0x0000, 0x0000, 0x0000, 0x0000, 0x0000, 0x0000, 0x0000, 0x0000, 0x0000, 0x0000, 0x0000, 0x0000, 0x0000, 0x0000, 0x0000, 0x0000, 
0x0000, 0x0000, 0x0000, 0x0000, 0x0000, 0x0000, 0x0000, 0x0000, 0x0000, 0x0000, 0x0000, 0x0000, 0x0000, 0x0000, 0x0000, 0x0000, 
0x0000, 0x0000, 0x0000, 0x0000, 0x0000, 0x0000, 0x0000, 0x0000, 0x0000, 0x0000, 0x0000, 0x0000, 0x0000, 0x0020, 0x4228, 0x9492, 
0xe71c, 0xffff, 0xffff, 0xffff, 0xffff, 0xffff, 0xffff, 0xe71c, 0xad75, 0x73ae, 0x4208, 0x0841, 0x0000, 0x0000, 0x0000, 0x0000, 
0x0000, 0x0000, 0x0000, 0x0000, 0x0000, 0x0000, 0x0000, 0x0000, 0x0000, 0x0000, 0x0000, 0x0000, 0x0000, 0x0000, 0x0000, 0x0000, 
0x0000, 0x0000, 0x0000, 0x0000, 0x0000, 0x0000, 0x0000, 0x0000, 0x0000, 0x0000, 0x0000, 0x0000, 0x0000, 0x0000, 0x0000, 0x0000, 
0x0000, 0x0000, 0x0000, 0x0000, 0x0841, 0x39e7, 0x73ae, 0xad55, 0xdefb, 0xffff, 0xffff, 0xffff, 0xffff, 0xffff, 0xffff, 0xe73c, 
0x94b2, 0x4a49, 0x0841, 0x0000, 0x0000, 0x0000, 0x0000, 0x0000, 0x0000, 0x0000, 0x0000, 0x0000, 0x0000, 0x0000, 0x0000, 0x0000, 
0x0000, 0x0000, 0x0000, 0x0000, 0x0000, 0x0000, 0x0000, 0x0000, 0x0000, 0x0000, 0x0000, 0x0000, 0x0000, 0x0000, 0x0000, 0x0000, 
0x0000, 0x0000, 0x0000, 0x0000, 0x0000, 0x0000, 0x0000, 0x0000, 0x0000, 0x0000, 0x0000, 0x0000, 0x0000, 0x0000, 0x0000, 0x0000, 
0x0000, 0x0000, 0x0000, 0x0000, 0x0000, 0x0000, 0x0000, 0x0000, 0x0000, 0x0000, 0x0000, 0x0000, 0x0000, 0x0000, 0x0000, 0x0000, 
0x0000, 0x0000, 0x0000, 0x0000, 0x0000, 0x0000, 0x0000, 0x0000, 0x0000, 0x0000, 0x0000, 0x0000, 0x0000, 0x0000, 0x0000, 0x0000, 
0x0000, 0x0000, 0x0000, 0x0000, 0x0000, 0x0000, 0x0000, 0x0000, 0x0000, 0x0000, 0x0000, 0x0000, 0x4a69, 0xad55, 0xef5d, 0xffff, 
0xffff, 0xffff, 0xffff, 0xffff, 0xffdf, 0xb596, 0x6b6d, 0x39c7, 0x0841, 0x0000, 0x0000, 0x0000, 0x0000, 0x0000, 0x0000, 0x0000, 
0x0000, 0x0000, 0x0000, 0x0000, 0x0000, 0x0000, 0x0000, 0x0000, 0x0000, 0x0000, 0x0000, 0x0000, 0x0000, 0x0000, 0x0000, 0x0000, 
0x0000, 0x0000, 0x0000, 0x0000, 0x0000, 0x0000, 0x0000, 0x0000, 0x0000, 0x0000, 0x0000, 0x0000, 0x0000, 0x0000, 0x0000, 0x0000, 
0x0000, 0x0000, 0x0000, 0x0000, 0x0000, 0x0000, 0x0000, 0x0841, 0x39c7, 0x6b4d, 0xb596, 0xffdf, 0xffff, 0xffff, 0xffff, 0xffff, 
0xffff, 0xef7d, 0xad55, 0x4a69, 0x0000, 0x0000, 0x0000, 0x0000, 0x0000, 0x0000, 0x0000, 0x0000, 0x0000, 0x0000, 0x0000, 0x0000, 
0x0000, 0x0000, 0x0000, 0x0000, 0x0000, 0x0000, 0x0000, 0x0000, 0x0000, 0x0000, 0x0000, 0x0000, 0x0000, 0x0000, 0x0000, 0x0000, 
0x0000, 0x0000, 0x0000, 0x0000, 0x0000, 0x0000, 0x0000, 0x0000, 0x0000, 0x0000, 0x0000, 0x0000, 0x0000, 0x0000, 0x0000, 0x0000, 
0x0000, 0x0000, 0x0000, 0x0000, 0x0000, 0x0000, 0x0000, 0x0000, 0x0000, 0x0000, 0x0000, 0x0000, 0x0000, 0x0000, 0x0000, 0x0000, 
0x0000, 0x0000, 0x0000, 0x0000, 0x0000, 0x0000, 0x0000, 0x0000, 0x0000, 0x0000, 0x0000, 0x0000, 0x0000, 0x0000, 0x0000, 0x0000, 
0x0000, 0x0000, 0x0000, 0x0000, 0x0000, 0x0000, 0x0000, 0x0000, 0x0000, 0x0000, 0x39e7, 0xad75, 0xef5d, 0xffff, 0xffff, 0xffff, 
0xffff, 0xffff, 0xe73c, 0x8c51, 0x39e7, 0x10a2, 0x0000, 0x0000, 0x0000, 0x0000, 0x0000, 0x0000, 0x0000, 0x0000, 0x0000, 0x0000, 
0x0000, 0x0000, 0x0000, 0x0000, 0x0000, 0x0000, 0x0000, 0x0000, 0x0000, 0x0000, 0x0000, 0x0000, 0x0000, 0x0000, 0x0000, 0x0000, 
0x0000, 0x0000, 0x0000, 0x0000, 0x0000, 0x0000, 0x0000, 0x0000, 0x0000, 0x0000, 0x0000, 0x0000, 0x0000, 0x0000, 0x0000, 0x0000, 
0x0000, 0x0000, 0x0000, 0x0000, 0x0000, 0x0000, 0x0000, 0x0000, 0x0000, 0x0000, 0x10a2, 0x39c7, 0x8430, 0xe71c, 0xffff, 0xffff, 
0xffff, 0xffff, 0xffff, 0xef5d, 0xad75, 0x4208, 0x0000, 0x0000, 0x0000, 0x0000, 0x0000, 0x0000, 0x0000, 0x0000, 0x0000, 0x0000, 
0x0000, 0x0000, 0x0000, 0x0000, 0x0000, 0x0000, 0x0000, 0x0000, 0x0000, 0x0000, 0x0000, 0x0000, 0x0000, 0x0000, 0x0000, 0x0000, 
0x0000, 0x0000, 0x0000, 0x0000, 0x0000, 0x0000, 0x0000, 0x0000, 0x0000, 0x0000, 0x0000, 0x0000, 0x0000, 0x0000, 0x0000, 0x0000, 
0x0000, 0x0000, 0x0000, 0x0000, 0x0000, 0x0000, 0x0000, 0x0000, 0x0000, 0x0000, 0x0000, 0x0000, 0x0000, 0x0000, 0x0000, 0x0000, 
0x0000, 0x0000, 0x0000, 0x0000, 0x0000, 0x0000, 0x0000, 0x0000, 0x0000, 0x0000, 0x0000, 0x0000, 0x0000, 0x0000, 0x0000, 0x0000, 
0x0000, 0x0000, 0x0000, 0x0000, 0x0000, 0x0000, 0x0000, 0x0000, 0x18e3, 0x9cd3, 0xef7d, 0xffff, 0xffff, 0xffff, 0xffff, 0xffff, 
0xdefb, 0x738e, 0x18e3, 0x0020, 0x0000, 0x0000, 0x0000, 0x0000, 0x0000, 0x0000, 0x0000, 0x0000, 0x0000, 0x0000, 0x0000, 0x0000, 
0x0000, 0x0000, 0x0000, 0x0000, 0x0000, 0x0000, 0x0000, 0x0000, 0x0000, 0x0000, 0x0000, 0x0000, 0x0000, 0x0000, 0x0000, 0x0000, 
0x0000, 0x0000, 0x0000, 0x0000, 0x0000, 0x0000, 0x0000, 0x0000, 0x0000, 0x0000, 0x0000, 0x0000, 0x0000, 0x0000, 0x0000, 0x0000, 
0x0000, 0x0000, 0x0000, 0x0000, 0x0000, 0x0000, 0x0000, 0x0000, 0x0000, 0x0000, 0x0000, 0x0000, 0x0020, 0x18c3, 0x6b6d, 0xdefb, 
0xffff, 0xffff, 0xffff, 0xffff, 0xffff, 0xf79e, 0x9cf3, 0x18e3, 0x0000, 0x0000, 0x0000, 0x0000, 0x0000, 0x0000, 0x0000, 0x0000, 
0x0000, 0x0000, 0x0000, 0x0000, 0x0000, 0x0000, 0x0000, 0x0000, 0x0000, 0x0000, 0x0000, 0x0000, 0x0000, 0x0000, 0x0000, 0x0000, 
0x0000, 0x0000, 0x0000, 0x0000, 0x0000, 0x0000, 0x0000, 0x0000, 0x0000, 0x0000, 0x0000, 0x0000, 0x0000, 0x0000, 0x0000, 0x0000, 
0x0000, 0x0000, 0x0000, 0x0000, 0x0000, 0x0000, 0x0000, 0x0000, 0x0000, 0x0000, 0x0000, 0x0000, 0x0000, 0x0000, 0x0000, 0x0000, 
0x0000, 0x0000, 0x0000, 0x0000, 0x0000, 0x0000, 0x0000, 0x0000, 0x0000, 0x0000, 0x0000, 0x0000, 0x0000, 0x0000, 0x0000, 0x0000, 
0x0000, 0x0000, 0x0000, 0x0000, 0x0000, 0x0000, 0x1082, 0x6b6d, 0xef5d, 0xffff, 0xffff, 0xffff, 0xffff, 0xffdf, 0xd69a, 0x632c, 
0x0841, 0x0000, 0x0000, 0x0000, 0x0000, 0x0000, 0x0000, 0x0000, 0x0000, 0x0000, 0x0000, 0x0000, 0x0000, 0x0000, 0x0000, 0x0000, 
0x0000, 0x0000, 0x0000, 0x0000, 0x0000, 0x0000, 0x0000, 0x0000, 0x0000, 0x0000, 0x0000, 0x0000, 0x0000, 0x0000, 0x0000, 0x0000, 
0x0000, 0x0000, 0x0000, 0x0000, 0x0000, 0x0000, 0x0000, 0x0000, 0x0000, 0x0000, 0x0000, 0x0000, 0x0000, 0x0000, 0x0000, 0x0000, 
0x0000, 0x0000, 0x0000, 0x0000, 0x0000, 0x0000, 0x0000, 0x0000, 0x0000, 0x0000, 0x0000, 0x0000, 0x0000, 0x0000, 0x0000, 0x0841, 
0x630c, 0xd69a, 0xffdf, 0xffff, 0xffff, 0xffff, 0xffff, 0xef5d, 0x738e, 0x1082, 0x0000, 0x0000, 0x0000, 0x0000, 0x0000, 0x0000, 
0x0000, 0x0000, 0x0000, 0x0000, 0x0000, 0x0000, 0x0000, 0x0000, 0x0000, 0x0000, 0x0000, 0x0000, 0x0000, 0x0000, 0x0000, 0x0000, 
0x0000, 0x0000, 0x0000, 0x0000, 0x0000, 0x0000, 0x0000, 0x0000, 0x0000, 0x0000, 0x0000, 0x0000, 0x0000, 0x0000, 0x0000, 0x0000, 
0x0000, 0x0000, 0x0000, 0x0000, 0x0000, 0x0000, 0x0000, 0x0000, 0x0000, 0x0000, 0x0000, 0x0000, 0x0000, 0x0000, 0x0000, 0x0000, 
0x0000, 0x0000, 0x0000, 0x0000, 0x0000, 0x0000, 0x0000, 0x0000, 0x0000, 0x0000, 0x0000, 0x0000, 0x0000, 0x0000, 0x0000, 0x0000, 
0x0000, 0x0000, 0x0000, 0x0000, 0x0000, 0x4208, 0xb5b6, 0xffff, 0xffff, 0xffff, 0xffff, 0xffff, 0xce79, 0x738e, 0x0861, 0x0000, 
0x0000, 0x0000, 0x0000, 0x0000, 0x0000, 0x0000, 0x0000, 0x0000, 0x0000, 0x0000, 0x0000, 0x0000, 0x0000, 0x0000, 0x0000, 0x0000, 
0x0000, 0x0000, 0x0000, 0x0000, 0x0000, 0x0000, 0x0000, 0x0000, 0x0000, 0x0000, 0x0000, 0x0000, 0x0000, 0x0000, 0x0000, 0x0000, 
0x0000, 0x0000, 0x0000, 0x0000, 0x0000, 0x0000, 0x0000, 0x0000, 0x0000, 0x0000, 0x0000, 0x0000, 0x0000, 0x0000, 0x0000, 0x0000, 
0x0000, 0x0000, 0x0000, 0x0000, 0x0000, 0x0000, 0x0000, 0x0000, 0x0000, 0x0000, 0x0000, 0x0000, 0x0000, 0x0000, 0x0000, 0x0000, 
0x0000, 0x0841, 0x738e, 0xce59, 0xffff, 0xffff, 0xffff, 0xffff, 0xffff, 0xbdf7, 0x4208, 0x0000, 0x0000, 0x0000, 0x0000, 0x0000, 
0x0000, 0x0000, 0x0000, 0x0000, 0x0000, 0x0000, 0x0000, 0x0000, 0x0000, 0x0000, 0x0000, 0x0000, 0x0000, 0x0000, 0x0000, 0x0000, 
0x0000, 0x0000, 0x0000, 0x0000, 0x0000, 0x0000, 0x0000, 0x0000, 0x0000, 0x0000, 0x0000, 0x0000, 0x0000, 0x0000, 0x0000, 0x0000, 
0x0000, 0x0000, 0x0000, 0x0000, 0x0000, 0x0000, 0x0000, 0x0000, 0x0000, 0x0000, 0x0000, 0x0000, 0x0000, 0x0000, 0x0000, 0x0000, 
0x0000, 0x0000, 0x0000, 0x0000, 0x0000, 0x0000, 0x0000, 0x0000, 0x0000, 0x0000, 0x0000, 0x0000, 0x0000, 0x0000, 0x0000, 0x0000, 
0x0000, 0x0000, 0x0000, 0x18c3, 0x8410, 0xef5d, 0xffff, 0xffff, 0xffff, 0xffff, 0xd6ba, 0x7bef, 0x18c3, 0x0000, 0x0000, 0x0000, 
0x0000, 0x0000, 0x0000, 0x0000, 0x0000, 0x0000, 0x0000, 0x0000, 0x0000, 0x0000, 0x0000, 0x0000, 0x0000, 0x0000, 0x0000, 0x0000, 
0x0000, 0x0000, 0x0000, 0x0000, 0x0000, 0x0000, 0x0000, 0x0000, 0x0000, 0x0000, 0x0000, 0x0000, 0x0000, 0x0000, 0x0000, 0x0000, 
0x0000, 0x0000, 0x0000, 0x0000, 0x0000, 0x0000, 0x0000, 0x0000, 0x0000, 0x0000, 0x0000, 0x0000, 0x0000, 0x0000, 0x0000, 0x0000, 
0x0000, 0x0000, 0x0000, 0x0000, 0x0000, 0x0000, 0x0000, 0x0000, 0x0000, 0x0000, 0x0000, 0x0000, 0x0000, 0x0000, 0x0000, 0x0000, 
0x0000, 0x0000, 0x0000, 0x18c3, 0x7bcf, 0xd6ba, 0xffff, 0xffff, 0xffff, 0xffff, 0xef7d, 0x8430, 0x18e3, 0x0000, 0x0000, 0x0000, 
0x0000, 0x0000, 0x0000, 0x0000, 0x0000, 0x0000, 0x0000, 0x0000, 0x0000, 0x0000, 0x0000, 0x0000, 0x0000, 0x0000, 0x0000, 0x0000, 
0x0000, 0x0000, 0x0000, 0x0000, 0x0000, 0x0000, 0x0000, 0x0000, 0x0000, 0x0000, 0x0000, 0x0000, 0x0000, 0x0000, 0x0000, 0x0000, 
0x0000, 0x0000, 0x0000, 0x0000, 0x0000, 0x0000, 0x0000, 0x0000, 0x0000, 0x0000, 0x0000, 0x0000, 0x0000, 0x0000, 0x0000, 0x0000, 
0x0000, 0x0000, 0x0000, 0x0000, 0x0000, 0x0000, 0x0000, 0x0000, 0x0000, 0x0000, 0x0000, 0x0000, 0x0000, 0x0000, 0x0000, 0x0000, 
0x0000, 0x0000, 0x4228, 0xbdf7, 0xffff, 0xffff, 0xffff, 0xffff, 0xf7be, 0x8c71, 0x3186, 0x0000, 0x0000, 0x0000, 0x0000, 0x0000, 
0x0000, 0x0000, 0x0000, 0x0000, 0x0000, 0x0000, 0x0000, 0x0000, 0x0000, 0x0000, 0x0000, 0x0000, 0x0000, 0x0000, 0x0000, 0x0000, 
0x0000, 0x0000, 0x0000, 0x0000, 0x0000, 0x0000, 0x0000, 0x0000, 0x0000, 0x0000, 0x0000, 0x0000, 0x0000, 0x0000, 0x0000, 0x0000, 
0x0000, 0x0000, 0x0000, 0x0000, 0x0000, 0x0000, 0x0000, 0x0000, 0x0000, 0x0000, 0x0000, 0x0000, 0x0000, 0x0000, 0x0000, 0x0000, 
0x0000, 0x0000, 0x0000, 0x0000, 0x0000, 0x0000, 0x0000, 0x0000, 0x0000, 0x0000, 0x0000, 0x0000, 0x0000, 0x0000, 0x0000, 0x0000, 
0x0000, 0x0000, 0x0000, 0x0000, 0x0000, 0x2965, 0x8c51, 0xf79e, 0xffff, 0xffff, 0xffff, 0xffff, 0xc618, 0x4a49, 0x0000, 0x0000, 
0x0000, 0x0000, 0x0000, 0x0000, 0x0000, 0x0000, 0x0000, 0x0000, 0x0000, 0x0000, 0x0000, 0x0000, 0x0000, 0x0000, 0x0000, 0x0000, 
0x0000, 0x0000, 0x0000, 0x0000, 0x0000, 0x0000, 0x0000, 0x0000, 0x0000, 0x0000, 0x0000, 0x0000, 0x0000, 0x0000, 0x0000, 0x0000, 
0x0000, 0x0000, 0x0000, 0x0000, 0x0000, 0x0000, 0x0000, 0x0000, 0x0000, 0x0000, 0x0000, 0x0000, 0x0000, 0x0000, 0x0000, 0x0000, 
0x0000, 0x0000, 0x0000, 0x0000, 0x0000, 0x0000, 0x0000, 0x0000, 0x0000, 0x0000, 0x0000, 0x0000, 0x0000, 0x0000, 0x0000, 0x0000, 
0x0020, 0x7bcf, 0xe73c, 0xffff, 0xffff, 0xffff, 0xffff, 0xc618, 0x4208, 0x0020, 0x0000, 0x0000, 0x0000, 0x0000, 0x0000, 0x0000, 
0x0000, 0x0000, 0x0000, 0x0000, 0x0000, 0x0000, 0x0000, 0x0000, 0x0000, 0x0000, 0x0000, 0x0000, 0x0000, 0x0000, 0x0000, 0x0000, 
0x0000, 0x0000, 0x0000, 0x0000, 0x0000, 0x0000, 0x0000, 0x0000, 0x0000, 0x0000, 0x0000, 0x0000, 0x0000, 0x0000, 0x0000, 0x0000, 
0x0000, 0x0000, 0x0000, 0x0000, 0x0000, 0x0000, 0x0000, 0x0000, 0x0000, 0x0000, 0x0000, 0x0000, 0x0000, 0x0000, 0x0000, 0x0000, 
0x0000, 0x0000, 0x0000, 0x0000, 0x0000, 0x0000, 0x0000, 0x0000, 0x0000, 0x0000, 0x0000, 0x0000, 0x0000, 0x0000, 0x0000, 0x0000, 
0x0000, 0x0000, 0x0000, 0x0000, 0x0000, 0x0000, 0x0020, 0x4208, 0xbdf7, 0xffff, 0xffff, 0xffff, 0xffff, 0xef5d, 0x7bef, 0x0841, 
0x0000, 0x0000, 0x0000, 0x0000, 0x0000, 0x0000, 0x0000, 0x0000, 0x0000, 0x0000, 0x0000, 0x0000, 0x0000, 0x0000, 0x0000, 0x0000, 
0x0000, 0x0000, 0x0000, 0x0000, 0x0000, 0x0000, 0x0000, 0x0000, 0x0000, 0x0000, 0x0000, 0x0000, 0x0000, 0x0000, 0x0000, 0x0000, 
0x0000, 0x0000, 0x0000, 0x0000, 0x0000, 0x0000, 0x0000, 0x0000, 0x0000, 0x0000, 0x0000, 0x0000, 0x0000, 0x0000, 0x0000, 0x0000, 
0x0000, 0x0000, 0x0000, 0x0000, 0x0000, 0x0000, 0x0000, 0x0000, 0x0000, 0x0000, 0x0000, 0x0000, 0x0000, 0x0000, 0x0000, 0x18c3, 
0xa534, 0xffdf, 0xffff, 0xffff, 0xffff, 0xf79e, 0x8410, 0x1082, 0x0000, 0x0000, 0x0000, 0x0000, 0x0000, 0x0000, 0x0000, 0x0000, 
0x0000, 0x0000, 0x0000, 0x0000, 0x0000, 0x0000, 0x0000, 0x0000, 0x0000, 0x0000, 0x0000, 0x0000, 0x0000, 0x0000, 0x0000, 0x0000, 
0x0000, 0x0000, 0x0000, 0x0000, 0x0000, 0x0000, 0x0000, 0x0000, 0x0000, 0x0000, 0x0000, 0x0000, 0x0000, 0x0000, 0x0000, 0x0000, 
0x0000, 0x0000, 0x0000, 0x0000, 0x0000, 0x0000, 0x0000, 0x0000, 0x0000, 0x0000, 0x0000, 0x0000, 0x0000, 0x0000, 0x0000, 0x0000, 
0x0000, 0x0000, 0x0000, 0x0000, 0x0000, 0x0000, 0x0000, 0x0000, 0x0000, 0x0000, 0x0000, 0x0000, 0x0000, 0x0000, 0x0000, 0x0000, 
0x0000, 0x0000, 0x0000, 0x0000, 0x0000, 0x0000, 0x0000, 0x0000, 0x1082, 0x7bef, 0xef7d, 0xffff, 0xffff, 0xffff, 0xffdf, 0xad55, 
0x18e3, 0x0000, 0x0000, 0x0000, 0x0000, 0x0000, 0x0000, 0x0000, 0x0000, 0x0000, 0x0000, 0x0000, 0x0000, 0x0000, 0x0000, 0x0000, 
0x0000, 0x0000, 0x0000, 0x0000, 0x0000, 0x0000, 0x0000, 0x0000, 0x0000, 0x0000, 0x0000, 0x0000, 0x0000, 0x0000, 0x0000, 0x0000, 
0x0000, 0x0000, 0x0000, 0x0000, 0x0000, 0x0000, 0x0000, 0x0000, 0x0000, 0x0000, 0x0000, 0x0000, 0x0000, 0x0000, 0x0000, 0x0000, 
0x0000, 0x0000, 0x0000, 0x0000, 0x0000, 0x0000, 0x0000, 0x0000, 0x0000, 0x0000, 0x0000, 0x0000, 0x0000, 0x0000, 0x31a6, 0xce59, 
0xffff, 0xffff, 0xffff, 0xffff, 0xce79, 0x4228, 0x0000, 0x0000, 0x0000, 0x0000, 0x0000, 0x0000, 0x0000, 0x0000, 0x0000, 0x0000, 
0x0000, 0x0000, 0x0000, 0x0000, 0x0000, 0x0000, 0x0000, 0x0000, 0x0000, 0x0000, 0x0000, 0x0000, 0x0000, 0x0000, 0x0000, 0x0000, 
0x0000, 0x0000, 0x0000, 0x0000, 0x0000, 0x0000, 0x0000, 0x0000, 0x0000, 0x0000, 0x0000, 0x0000, 0x0000, 0x0000, 0x0000, 0x0000, 
0x0000, 0x0000, 0x0000, 0x0000, 0x0000, 0x0000, 0x0000, 0x0000, 0x0000, 0x0000, 0x0000, 0x0000, 0x0000, 0x0000, 0x0000, 0x0000, 
0x0000, 0x0000, 0x0000, 0x0000, 0x0000, 0x0000, 0x0000, 0x0000, 0x0000, 0x0000, 0x0000, 0x0000, 0x0000, 0x0000, 0x0000, 0x0000, 
0x0000, 0x0000, 0x0000, 0x0000, 0x0000, 0x0000, 0x0000, 0x0000, 0x0000, 0x0000, 0x4208, 0xce79, 0xffff, 0xffff, 0xffff, 0xffff, 
0xce79, 0x39c7, 0x0000, 0x0000, 0x0000, 0x0000, 0x0000, 0x0000, 0x0000, 0x0000, 0x0000, 0x0000, 0x0000, 0x0000, 0x0000, 0x0000, 
0x0000, 0x0000, 0x0000, 0x0000, 0x0000, 0x0000, 0x0000, 0x0000, 0x0000, 0x0000, 0x0000, 0x0000, 0x0000, 0x0000, 0x0000, 0x0000, 
0x0000, 0x0000, 0x0000, 0x0000, 0x0000, 0x0000, 0x0000, 0x0000, 0x0000, 0x0000, 0x0000, 0x0000, 0x0000, 0x0000, 0x0000, 0x0000, 
0x0000, 0x0000, 0x0000, 0x0000, 0x0000, 0x0000, 0x0000, 0x0000, 0x0000, 0x0000, 0x0000, 0x0000, 0x0000, 0x52aa, 0xe73c, 0xffff, 
0xffff, 0xffff, 0xf7be, 0x9cf3, 0x18c3, 0x0000, 0x0000, 0x0000, 0x0000, 0x0000, 0x0000, 0x0000, 0x0000, 0x0000, 0x0000, 0x0000, 
0x0000, 0x0000, 0x0000, 0x0000, 0x0000, 0x0000, 0x0000, 0x0000, 0x0000, 0x0000, 0x0000, 0x0000, 0x0000, 0x0000, 0x0000, 0x0000, 
0x0000, 0x0000, 0x0000, 0x0000, 0x0000, 0x0000, 0x0000, 0x0000, 0x0000, 0x0000, 0x0000, 0x0000, 0x0000, 0x0000, 0x0000, 0x0000, 
0x0000, 0x0000, 0x0000, 0x0000, 0x0000, 0x0000, 0x0000, 0x0000, 0x0000, 0x0000, 0x0000, 0x0000, 0x0000, 0x0000, 0x0000, 0x0000, 
0x0000, 0x0000, 0x0000, 0x0000, 0x0000, 0x0000, 0x0000, 0x0000, 0x0000, 0x0000, 0x0000, 0x0000, 0x0000, 0x0000, 0x0000, 0x0000, 
0x0000, 0x0000, 0x0000, 0x0000, 0x0000, 0x0000, 0x0000, 0x0000, 0x0000, 0x0000, 0x0000, 0x10a2, 0x9cd3, 0xf79e, 0xffff, 0xffff, 
0xffff, 0xef5d, 0x5acb, 0x0000, 0x0000, 0x0000, 0x0000, 0x0000, 0x0000, 0x0000, 0x0000, 0x0000, 0x0000, 0x0000, 0x0000, 0x0000, 
0x0000, 0x0000, 0x0000, 0x0000, 0x0000, 0x0000, 0x0000, 0x0000, 0x0000, 0x0000, 0x0000, 0x0000, 0x0000, 0x0000, 0x0000, 0x0000, 
0x0000, 0x0000, 0x0000, 0x0000, 0x0000, 0x0000, 0x0000, 0x0000, 0x0000, 0x0000, 0x0000, 0x0000, 0x0000, 0x0000, 0x0000, 0x0000, 
0x0000, 0x0000, 0x0000, 0x0000, 0x0000, 0x0000, 0x0000, 0x0000, 0x0000, 0x0000, 0x0000, 0x0020, 0x738e, 0xf7be, 0xffff, 0xffff, 
0xffff, 0xe71c, 0x6b4d, 0x0000, 0x0000, 0x0000, 0x0000, 0x0000, 0x0000, 0x0000, 0x0000, 0x0000, 0x0000, 0x0000, 0x0000, 0x0000, 
0x0000, 0x0000, 0x0000, 0x0000, 0x0000, 0x0000, 0x0000, 0x0000, 0x0000, 0x0000, 0x0000, 0x0000, 0x0000, 0x0000, 0x0000, 0x0000, 
0x0000, 0x0000, 0x0000, 0x0000, 0x0000, 0x0000, 0x0000, 0x0000, 0x0000, 0x0000, 0x0000, 0x0000, 0x0000, 0x0000, 0x0000, 0x0000, 
0x0000, 0x0000, 0x0000, 0x0000, 0x0000, 0x0000, 0x0000, 0x0000, 0x0000, 0x0000, 0x0000, 0x0000, 0x0000, 0x0000, 0x0000, 0x0000, 
0x0000, 0x0000, 0x0000, 0x0000, 0x0000, 0x0000, 0x0000, 0x0000, 0x0000, 0x0000, 0x0000, 0x0000, 0x0000, 0x0000, 0x0000, 0x0000, 
0x0000, 0x0000, 0x0000, 0x0000, 0x0000, 0x0000, 0x0000, 0x0000, 0x0000, 0x0000, 0x0000, 0x0000, 0x0000, 0x632c, 0xdefb, 0xffff, 
0xffff, 0xffff, 0xf7be, 0x73ae, 0x0841, 0x0000, 0x0000, 0x0000, 0x0000, 0x0000, 0x0000, 0x0000, 0x0000, 0x0000, 0x0000, 0x0000, 
0x0000, 0x0000, 0x0000, 0x0000, 0x0000, 0x0000, 0x0000, 0x0000, 0x0000, 0x0000, 0x0000, 0x0000, 0x0000, 0x0000, 0x0000, 0x0000, 
0x0000, 0x0000, 0x0000, 0x0000, 0x0000, 0x0000, 0x0000, 0x0000, 0x0000, 0x0000, 0x0000, 0x0000, 0x0000, 0x0000, 0x0000, 0x0000, 
0x0000, 0x0000, 0x0000, 0x0000, 0x0000, 0x0000, 0x0000, 0x0000, 0x0000, 0x0000, 0x0861, 0x8c51, 0xffdf, 0xffff, 0xffff, 0xffff, 
0xc638, 0x4208, 0x0000, 0x0000, 0x0000, 0x0000, 0x0000, 0x0000, 0x0000, 0x0000, 0x0000, 0x0000, 0x0000, 0x0000, 0x0000, 0x0000, 
0x0000, 0x0000, 0x0000, 0x0000, 0x0000, 0x0000, 0x0000, 0x0000, 0x0000, 0x0000, 0x0000, 0x0000, 0x0000, 0x0000, 0x0000, 0x0000, 
0x0000, 0x0000, 0x0000, 0x0000, 0x0000, 0x0000, 0x0000, 0x0000, 0x0000, 0x0000, 0x0000, 0x0000, 0x0000, 0x0000, 0x0000, 0x0000, 
0x0000, 0x0000, 0x0000, 0x0000, 0x0000, 0x0000, 0x0000, 0x0000, 0x0000, 0x0000, 0x0000, 0x0000, 0x0000, 0x0000, 0x0000, 0x0000, 
0x0000, 0x0000, 0x0000, 0x0000, 0x0000, 0x0000, 0x0000, 0x0000, 0x0000, 0x0000, 0x0000, 0x0000, 0x0000, 0x0000, 0x0000, 0x0000, 
0x0000, 0x0000, 0x0000, 0x0000, 0x0000, 0x0000, 0x0000, 0x0000, 0x0000, 0x0000, 0x0000, 0x0000, 0x0000, 0x0000, 0x39e7, 0xc638, 
0xffff, 0xffff, 0xffff, 0xffdf, 0x9492, 0x1082, 0x0000, 0x0000, 0x0000, 0x0000, 0x0000, 0x0000, 0x0000, 0x0000, 0x0000, 0x0000, 
0x0000, 0x0000, 0x0000, 0x0000, 0x0000, 0x0000, 0x0000, 0x0000, 0x0000, 0x0000, 0x0000, 0x0000, 0x0000, 0x0000, 0x0000, 0x0000, 
0x0000, 0x0000, 0x0000, 0x0000, 0x0000, 0x0000, 0x0000, 0x0000, 0x0000, 0x0000, 0x0000, 0x0000, 0x0000, 0x0000, 0x0000, 0x0000, 
0x0000, 0x0000, 0x0000, 0x0000, 0x0000, 0x0000, 0x0000, 0x0000, 0x0000, 0x1082, 0x94b2, 0xffdf, 0xffff, 0xffff, 0xffff, 0xb5b6, 
0x2104, 0x0000, 0x0000, 0x0000, 0x0000, 0x0000, 0x0000, 0x0000, 0x0000, 0x0000, 0x0000, 0x0000, 0x0000, 0x0000, 0x0000, 0x0000, 
0x0000, 0x0000, 0x0000, 0x0000, 0x0000, 0x0000, 0x0000, 0x0000, 0x0000, 0x0000, 0x0000, 0x0000, 0x0000, 0x0000, 0x0000, 0x0000, 
0x0000, 0x0000, 0x0000, 0x0000, 0x0000, 0x0000, 0x0000, 0x0000, 0x0000, 0x0000, 0x0000, 0x0000, 0x0000, 0x0000, 0x0000, 0x0000, 
0x0000, 0x0000, 0x0000, 0x0000, 0x0000, 0x0000, 0x0000, 0x0000, 0x0000, 0x0000, 0x0000, 0x0000, 0x0000, 0x0000, 0x0000, 0x0000, 
0x0000, 0x0000, 0x0000, 0x0000, 0x0000, 0x0000, 0x0000, 0x0000, 0x0000, 0x0000, 0x0000, 0x0000, 0x0000, 0x0000, 0x0000, 0x0000, 
0x0000, 0x0000, 0x0000, 0x0000, 0x0000, 0x0000, 0x0000, 0x0000, 0x0000, 0x0000, 0x0000, 0x0000, 0x0000, 0x0000, 0x0000, 0x18e3, 
0xb596, 0xffff, 0xffff, 0xffff, 0xffff, 0x9cf3, 0x1082, 0x0000, 0x0000, 0x0000, 0x0000, 0x0000, 0x0000, 0x0000, 0x0000, 0x0000, 
0x0000, 0x0000, 0x0000, 0x0000, 0x0000, 0x0000, 0x0000, 0x0000, 0x0000, 0x0000, 0x0000, 0x0000, 0x0000, 0x0000, 0x0000, 0x0000, 
0x0000, 0x0000, 0x0000, 0x0000, 0x0000, 0x0000, 0x0000, 0x0000, 0x0000, 0x0000, 0x0000, 0x0000, 0x0000, 0x0000, 0x0000, 0x0000, 
0x0000, 0x0000, 0x0000, 0x0000, 0x0000, 0x0000, 0x0000, 0x0000, 0x1082, 0x9cf3, 0xffff, 0xffff, 0xffff, 0xffff, 0xa514, 0x0861, 
0x0000, 0x0000, 0x0000, 0x0000, 0x0000, 0x0000, 0x0000, 0x0000, 0x0000, 0x0000, 0x0000, 0x0000, 0x0000, 0x0000, 0x0000, 0x0000, 
0x0000, 0x0000, 0x0000, 0x0000, 0x0000, 0x0000, 0x0000, 0x0000, 0x0000, 0x0000, 0x0000, 0x0000, 0x0000, 0x0000, 0x0000, 0x0000, 
0x0000, 0x0000, 0x0000, 0x0000, 0x0000, 0x0000, 0x0000, 0x0000, 0x0000, 0x0000, 0x0000, 0x0000, 0x0000, 0x0000, 0x0000, 0x0000, 
0x0000, 0x0000, 0x0000, 0x0000, 0x0000, 0x0000, 0x0000, 0x0000, 0x0000, 0x0000, 0x0000, 0x0000, 0x0000, 0x0000, 0x0000, 0x0000, 
0x0000, 0x0000, 0x0000, 0x0000, 0x0000, 0x0000, 0x0000, 0x0000, 0x0000, 0x0000, 0x0000, 0x0000, 0x0000, 0x0000, 0x0000, 0x0000, 
0x0000, 0x0000, 0x0000, 0x0000, 0x0000, 0x0000, 0x0000, 0x0000, 0x0000, 0x0000, 0x0000, 0x0000, 0x0000, 0x0000, 0x0000, 0x0000, 
0x0861, 0x9cf3, 0xffff, 0xffff, 0xffff, 0xffff, 0xa534, 0x1082, 0x0000, 0x0000, 0x0000, 0x0000, 0x0000, 0x0000, 0x0000, 0x0000, 
0x0000, 0x0000, 0x0000, 0x0000, 0x0000, 0x0000, 0x0000, 0x0000, 0x0000, 0x0000, 0x0000, 0x0000, 0x0000, 0x0000, 0x0000, 0x0000, 
0x0000, 0x0000, 0x0000, 0x0000, 0x0000, 0x0000, 0x0000, 0x0000, 0x0000, 0x0000, 0x0000, 0x0000, 0x0000, 0x0000, 0x0000, 0x0000, 
0x0000, 0x0000, 0x0000, 0x0000, 0x0000, 0x0000, 0x0000, 0x1082, 0xa534, 0xffff, 0xffff, 0xffff, 0xffdf, 0x8c51, 0x0000, 0x0000, 
0x0000, 0x0000, 0x0000, 0x0000, 0x0000, 0x0000, 0x0000, 0x0000, 0x0000, 0x0000, 0x0000, 0x0000, 0x0000, 0x0000, 0x0000, 0x0000, 
0x0000, 0x0000, 0x0000, 0x0000, 0x0000, 0x0000, 0x0000, 0x0000, 0x0000, 0x0000, 0x0000, 0x0000, 0x0000, 0x0000, 0x0000, 0x0000, 
0x0000, 0x0000, 0x0000, 0x0000, 0x0000, 0x0000, 0x0000, 0x0000, 0x0000, 0x0000, 0x0000, 0x0000, 0x0000, 0x0000, 0x0000, 0x0000, 
0x0000, 0x0000, 0x0000, 0x0000, 0x0000, 0x0000, 0x0000, 0x0000, 0x0000, 0x0000, 0x0000, 0x0000, 0x0000, 0x0000, 0x0000, 0x0000, 
0x0000, 0x0000, 0x0000, 0x0000, 0x0000, 0x0000, 0x0000, 0x0000, 0x0000, 0x0000, 0x0000, 0x0000, 0x0000, 0x0000, 0x0000, 0x0000, 
0x0000, 0x0000, 0x0000, 0x0000, 0x0000, 0x0000, 0x0000, 0x0000, 0x0000, 0x0000, 0x0000, 0x0000, 0x0000, 0x0000, 0x0000, 0x0000, 
0x0000, 0x0000, 0x8430, 0xf7be, 0xffff, 0xffff, 0xffff, 0xad75, 0x1082, 0x0000, 0x0000, 0x0000, 0x0000, 0x0000, 0x0000, 0x0000, 
0x0000, 0x0000, 0x0000, 0x0000, 0x0000, 0x0000, 0x0000, 0x0000, 0x0000, 0x0000, 0x0000, 0x0000, 0x0000, 0x0000, 0x0000, 0x0000, 
0x0000, 0x0000, 0x0000, 0x0000, 0x0000, 0x0000, 0x0000, 0x0000, 0x0000, 0x0000, 0x0000, 0x0000, 0x0000, 0x0000, 0x0000, 0x0000, 
0x0000, 0x0000, 0x0000, 0x0000, 0x0000, 0x0000, 0x1082, 0x9cf3, 0xffff, 0xffff, 0xffff, 0xf79e, 0x7bef, 0x0000, 0x0000, 0x0000, 
0x0000, 0x0000, 0x0000, 0x0000, 0x0000, 0x0000, 0x0000, 0x0000, 0x0000, 0x0000, 0x0000, 0x0000, 0x0000, 0x0000, 0x0000, 0x0000, 
0x0000, 0x0000, 0x0000, 0x0000, 0x0000, 0x0000, 0x0000, 0x0000, 0x0000, 0x0000, 0x0000, 0x0000, 0x0000, 0x0000, 0x0000, 0x0000, 
0x0000, 0x0000, 0x0000, 0x0000, 0x0000, 0x0000, 0x0000, 0x0000, 0x0000, 0x0000, 0x0000, 0x0000, 0x0000, 0x0000, 0x0000, 0x0000, 
0x0000, 0x0000, 0x0000, 0x0000, 0x0000, 0x0000, 0x0000, 0x0000, 0x0000, 0x0000, 0x0000, 0x0000, 0x0000, 0x0000, 0x0000, 0x0000, 
0x0000, 0x0000, 0x0000, 0x0000, 0x0000, 0x0000, 0x0000, 0x0000, 0x0000, 0x0000, 0x0000, 0x0000, 0x0000, 0x0000, 0x0000, 0x0000, 
0x0000, 0x0000, 0x0000, 0x0000, 0x0000, 0x0000, 0x0000, 0x0000, 0x0000, 0x0000, 0x0000, 0x0000, 0x0000, 0x0000, 0x0000, 0x0000, 
0x0000, 0x0000, 0x0000, 0x7bcf, 0xf79e, 0xffff, 0xffff, 0xffff, 0xa534, 0x10a2, 0x0000, 0x0000, 0x0000, 0x0000, 0x0000, 0x0000, 
0x0000, 0x0000, 0x0000, 0x0000, 0x0000, 0x0000, 0x0000, 0x0000, 0x0000, 0x0000, 0x0000, 0x0000, 0x0000, 0x0000, 0x0000, 0x0000, 
0x0000, 0x0000, 0x0000, 0x0000, 0x0000, 0x0000, 0x0000, 0x0000, 0x0000, 0x0000, 0x0000, 0x0000, 0x0000, 0x0000, 0x0000, 0x0000, 
0x0000, 0x0000, 0x0000, 0x0000, 0x0000, 0x1082, 0x9cd3, 0xffff, 0xffff, 0xffff, 0xf79e, 0x73ae, 0x0020, 0x0000, 0x0000, 0x0000, 
0x0000, 0x0000, 0x0000, 0x0000, 0x0000, 0x0000, 0x0000, 0x0000, 0x0000, 0x0000, 0x0000, 0x0000, 0x0000, 0x0000, 0x0000, 0x0000, 
0x0000, 0x0000, 0x0000, 0x0000, 0x0000, 0x0000, 0x0000, 0x0000, 0x0000, 0x0000, 0x0000, 0x0000, 0x0000, 0x0000, 0x0000, 0x0000, 
0x0000, 0x0000, 0x0000, 0x0000, 0x0000, 0x0000, 0x0000, 0x0000, 0x0000, 0x0000, 0x0000, 0x0000, 0x0000, 0x0000, 0x0000, 0x0000, 
0x0000, 0x0000, 0x0000, 0x0000, 0x0000, 0x0000, 0x0000, 0x0000, 0x0000, 0x0000, 0x0000, 0x0000, 0x0000, 0x0000, 0x0000, 0x0000, 
0x0000, 0x0000, 0x0000, 0x0000, 0x0000, 0x0000, 0x0000, 0x0000, 0x0000, 0x0000, 0x0000, 0x0000, 0x0000, 0x0000, 0x0000, 0x0000, 
0x0000, 0x0000, 0x0000, 0x0000, 0x0000, 0x0000, 0x0000, 0x0000, 0x0000, 0x0000, 0x0000, 0x0000, 0x0000, 0x0000, 0x0000, 0x0000, 
0x0000, 0x0000, 0x0000, 0x0000, 0x6b6d, 0xef7d, 0xffff, 0xffff, 0xffff, 0x9cf3, 0x1082, 0x0000, 0x0000, 0x0000, 0x0000, 0x0000, 
0x0000, 0x0000, 0x0000, 0x0000, 0x0000, 0x0000, 0x0000, 0x0000, 0x0000, 0x0000, 0x0000, 0x0000, 0x0000, 0x0000, 0x0000, 0x0000, 
0x0000, 0x0000, 0x0000, 0x0000, 0x0000, 0x0000, 0x0000, 0x0000, 0x0000, 0x0000, 0x0000, 0x0000, 0x0000, 0x0000, 0x0000, 0x0000, 
0x0000, 0x0000, 0x0000, 0x0000, 0x0841, 0x8c51, 0xffff, 0xffff, 0xffff, 0xf7be, 0x73ae, 0x0020, 0x0000, 0x0000, 0x0000, 0x0000, 
0x0000, 0x0000, 0x0000, 0x0000, 0x0000, 0x0000, 0x0000, 0x0000, 0x0000, 0x0000, 0x0000, 0x0000, 0x0000, 0x0000, 0x0000, 0x0000, 
0x0000, 0x0000, 0x0000, 0x0000, 0x0000, 0x0000, 0x0000, 0x0000, 0x0000, 0x0000, 0x0000, 0x0000, 0x0000, 0x0000, 0x0000, 0x0000, 
0x0000, 0x0000, 0x0000, 0x0000, 0x0000, 0x0000, 0x0000, 0x0000, 0x0000, 0x0000, 0x0000, 0x0000, 0x0000, 0x0000, 0x0000, 0x0000, 
0x0000, 0x0000, 0x0000, 0x0000, 0x0000, 0x0000, 0x0000, 0x0000, 0x0000, 0x0000, 0x0000, 0x0000, 0x0000, 0x0000, 0x0000, 0x0000, 
0x0000, 0x0000, 0x0000, 0x0000, 0x0000, 0x0000, 0x0000, 0x0000, 0x0000, 0x0000, 0x0000, 0x0000, 0x0000, 0x0000, 0x0000, 0x0000, 
0x0000, 0x0000, 0x0000, 0x0000, 0x0000, 0x0000, 0x0000, 0x0000, 0x0000, 0x0000, 0x0000, 0x0000, 0x0000, 0x0000, 0x0000, 0x0000, 
0x0000, 0x0000, 0x0000, 0x0000, 0x0020, 0x6b6d, 0xf79e, 0xffff, 0xffff, 0xffff, 0x9492, 0x0841, 0x0000, 0x0000, 0x0000, 0x0000, 
0x0000, 0x0000, 0x0000, 0x0000, 0x0000, 0x0000, 0x0000, 0x0000, 0x0000, 0x0000, 0x0000, 0x0000, 0x0000, 0x0000, 0x0000, 0x0000, 
0x0000, 0x0000, 0x0000, 0x0000, 0x0000, 0x0000, 0x0000, 0x0000, 0x0000, 0x0000, 0x0000, 0x0000, 0x0000, 0x0000, 0x0000, 0x0000, 
0x0000, 0x0000, 0x0000, 0x0000, 0x738e, 0xffdf, 0xffff, 0xffff, 0xffdf, 0x7bef, 0x0020, 0x0000, 0x0000, 0x0000, 0x0000, 0x0000, 
0x0000, 0x0000, 0x0000, 0x0000, 0x0000, 0x0000, 0x0000, 0x0000, 0x0000, 0x0000, 0x0000, 0x0000, 0x0000, 0x0000, 0x0000, 0x0000, 
0x0000, 0x0000, 0x0000, 0x0000, 0x0000, 0x0000, 0x0000, 0x0000, 0x0000, 0x0000, 0x0000, 0x0000, 0x0000, 0x0000, 0x0000, 0x0000, 
0x0000, 0x0000, 0x0000, 0x0000, 0x0000, 0x0000, 0x0000, 0x0000, 0x0000, 0x0000, 0x0000, 0x0000, 0x0000, 0x0000, 0x0000, 0x0000, 
0x0000, 0x0000, 0x0000, 0x0000, 0x0000, 0x0000, 0x0000, 0x0000, 0x0000, 0x0000, 0x0000, 0x0000, 0x0000, 0x0000, 0x0000, 0x0000, 
0x0000, 0x0000, 0x0000, 0x0000, 0x0000, 0x0000, 0x0000, 0x0000, 0x0000, 0x0000, 0x0000, 0x0000, 0x0000, 0x0000, 0x0000, 0x0000, 
0x0000, 0x0000, 0x0000, 0x0000, 0x0000, 0x0000, 0x0000, 0x0000, 0x0000, 0x0000, 0x0000, 0x0000, 0x0000, 0x0000, 0x0000, 0x0000, 
0x0000, 0x0000, 0x0000, 0x0000, 0x0000, 0x0020, 0x7bcf, 0xffdf, 0xffff, 0xffff, 0xffdf, 0x73ae, 0x0000, 0x0000, 0x0000, 0x0000, 
0x0000, 0x0000, 0x0000, 0x0000, 0x0000, 0x0000, 0x0000, 0x0000, 0x0000, 0x0000, 0x0000, 0x0000, 0x0000, 0x0000, 0x0000, 0x0000, 
0x0000, 0x0000, 0x0000, 0x0000, 0x0000, 0x0000, 0x0000, 0x0000, 0x0000, 0x0000, 0x0000, 0x0000, 0x0000, 0x0000, 0x0000, 0x0000, 
0x0000, 0x0000, 0x0000, 0x52aa, 0xf7be, 0xffff, 0xffff, 0xffff, 0x8c51, 0x0020, 0x0000, 0x0000, 0x0000, 0x0000, 0x0000, 0x0000, 
0x0000, 0x0000, 0x0000, 0x0000, 0x0000, 0x0000, 0x0000, 0x0000, 0x0000, 0x0000, 0x0000, 0x0000, 0x0000, 0x0000, 0x0000, 0x0000, 
0x0000, 0x0000, 0x0000, 0x0000, 0x0000, 0x0000, 0x0000, 0x0000, 0x0000, 0x0000, 0x0000, 0x0000, 0x0000, 0x0000, 0x0000, 0x0000, 
0x0000, 0x0000, 0x0000, 0x0000, 0x0000, 0x0000, 0x0000, 0x0000, 0x0000, 0x0000, 0x0000, 0x0000, 0x0000, 0x0000, 0x0000, 0x0000, 
0x0000, 0x0000, 0x0000, 0x0000, 0x0000, 0x0000, 0x0000, 0x0000, 0x0000, 0x0000, 0x0000, 0x0000, 0x0000, 0x0000, 0x0000, 0x0000, 
0x0000, 0x0000, 0x0000, 0x0000, 0x0000, 0x0000, 0x0000, 0x0000, 0x0000, 0x0000, 0x0000, 0x0000, 0x0000, 0x0000, 0x0000, 0x0000, 
0x0000, 0x0000, 0x0000, 0x0000, 0x0000, 0x0000, 0x0000, 0x0000, 0x0000, 0x0000, 0x0000, 0x0000, 0x0000, 0x0000, 0x0000, 0x0000, 
0x0000, 0x0000, 0x0000, 0x0000, 0x0000, 0x0000, 0x0020, 0x8430, 0xffff, 0xffff, 0xffff, 0xffdf, 0x5acb, 0x0000, 0x0000, 0x0000, 
0x0000, 0x0000, 0x0000, 0x0000, 0x0000, 0x0000, 0x0000, 0x0000, 0x0000, 0x0000, 0x0000, 0x0000, 0x0000, 0x0000, 0x0000, 0x0000, 
0x0000, 0x0000, 0x0000, 0x0000, 0x0000, 0x0000, 0x0000, 0x0000, 0x0000, 0x0000, 0x0000, 0x0000, 0x0000, 0x0000, 0x0000, 0x0000, 
0x0000, 0x0000, 0x31a6, 0xe73c, 0xffff, 0xffff, 0xffff, 0xa514, 0x0000, 0x0000, 0x0000, 0x0000, 0x0000, 0x0000, 0x0000, 0x0000, 
0x0000, 0x0000, 0x0000, 0x0000, 0x0000, 0x0000, 0x0000, 0x0000, 0x0000, 0x0000, 0x0000, 0x0000, 0x0000, 0x0000, 0x0000, 0x0800, 
0x1020, 0x1820, 0x1820, 0x2020, 0x2040, 0x2040, 0x2040, 0x2020, 0x1820, 0x1820, 0x1020, 0x0800, 0x0000, 0x0000, 0x0000, 0x0000, 
0x0000, 0x0000, 0x0000, 0x0000, 0x0000, 0x0000, 0x0000, 0x0000, 0x0000, 0x0000, 0x0000, 0x0000, 0x0000, 0x0000, 0x0000, 0x0000, 
0x0000, 0x0000, 0x0000, 0x0000, 0x0000, 0x0000, 0x0000, 0x0000, 0x0000, 0x0000, 0x0000, 0x0000, 0x0000, 0x0000, 0x0000, 0x0000, 
0x0000, 0x0000, 0x0000, 0x0000, 0x0800, 0x1020, 0x1820, 0x1820, 0x2020, 0x2040, 0x2040, 0x2040, 0x2020, 0x1820, 0x1820, 0x1020, 
0x0800, 0x0000, 0x0000, 0x0000, 0x0000, 0x0000, 0x0000, 0x0000, 0x0000, 0x0000, 0x0000, 0x0000, 0x0000, 0x0000, 0x0000, 0x0000, 
0x0000, 0x0000, 0x0000, 0x0000, 0x0000, 0x0000, 0x0000, 0x0000, 0x9cf3, 0xffff, 0xffff, 0xffff, 0xef5d, 0x39e7, 0x0000, 0x0000, 
0x0000, 0x0000, 0x0000, 0x0000, 0x0000, 0x0000, 0x0000, 0x0000, 0x0000, 0x0000, 0x0000, 0x0000, 0x0000, 0x0000, 0x0000, 0x0000, 
0x0000, 0x0000, 0x0000, 0x0000, 0x0000, 0x0000, 0x0000, 0x0000, 0x0000, 0x0000, 0x0000, 0x0000, 0x0000, 0x0000, 0x0000, 0x0000, 
0x0000, 0x18c3, 0xce59, 0xffff, 0xffff, 0xffff, 0xb5b6, 0x0861, 0x0000, 0x0000, 0x0000, 0x0000, 0x0000, 0x0000, 0x0000, 0x0000, 
0x0000, 0x0000, 0x0000, 0x0000, 0x0000, 0x0000, 0x0000, 0x0000, 0x0000, 0x0000, 0x0000, 0x0000, 0x2020, 0x5081, 0x78e2, 0x9902, 
0xa923, 0xb943, 0xd163, 0xd984, 0xd984, 0xe184, 0xe184, 0xd984, 0xc963, 0xc163, 0xa923, 0x9102, 0x70c2, 0x5081, 0x3861, 0x2020, 
0x0000, 0x0000, 0x0000, 0x0000, 0x0000, 0x0000, 0x0000, 0x0000, 0x0000, 0x0000, 0x0000, 0x0000, 0x0000, 0x0000, 0x0000, 0x0000, 
0x0000, 0x0000, 0x0000, 0x0000, 0x0000, 0x0000, 0x0000, 0x0000, 0x0000, 0x0000, 0x0000, 0x0000, 0x0000, 0x0000, 0x0000, 0x0000, 
0x1820, 0x3861, 0x5081, 0x70c2, 0x9102, 0xa923, 0xc163, 0xc963, 0xd984, 0xe184, 0xe184, 0xd984, 0xd984, 0xd183, 0xc143, 0xa923, 
0x9902, 0x80e2, 0x5081, 0x2040, 0x0000, 0x0000, 0x0000, 0x0000, 0x0000, 0x0000, 0x0000, 0x0000, 0x0000, 0x0000, 0x0000, 0x0000, 
0x0000, 0x0000, 0x0000, 0x0000, 0x0000, 0x0000, 0x0000, 0x0000, 0x0861, 0xb596, 0xffff, 0xffff, 0xffff, 0xd69a, 0x18e3, 0x0000, 
0x0000, 0x0000, 0x0000, 0x0000, 0x0000, 0x0000, 0x0000, 0x0000, 0x0000, 0x0000, 0x0000, 0x0000, 0x0000, 0x0000, 0x0000, 0x0000, 
0x0000, 0x0000, 0x0000, 0x0000, 0x0000, 0x0000, 0x0000, 0x0000, 0x0000, 0x0000, 0x0000, 0x0000, 0x0000, 0x0000, 0x0000, 0x0000, 
0x0841, 0xa534, 0xffff, 0xffff, 0xffff, 0xce59, 0x2104, 0x0000, 0x0000, 0x0000, 0x0000, 0x0000, 0x0000, 0x0000, 0x0000, 0x0000, 
0x0000, 0x0000, 0x0000, 0x0000, 0x0000, 0x0000, 0x0000, 0x0000, 0x0000, 0x0000, 0x3061, 0x70c2, 0xb943, 0xf1a4, 0xf9c4, 0xf1c4, 
0xf1a4, 0xf1a4, 0xf1a4, 0xf1a4, 0xe9a4, 0xe9a4, 0xe9a4, 0xf1a4, 0xf1a4, 0xf1a4, 0xf1a4, 0xf1c4, 0xf9c4, 0xf1c4, 0xd984, 0xb943, 
0x8902, 0x58a1, 0x2840, 0x0000, 0x0000, 0x0000, 0x0000, 0x0000, 0x0000, 0x0000, 0x0000, 0x0000, 0x0000, 0x0000, 0x0000, 0x0000, 
0x0000, 0x0000, 0x0000, 0x0000, 0x0000, 0x0000, 0x0000, 0x0000, 0x0000, 0x0000, 0x0000, 0x0000, 0x0000, 0x2040, 0x58a1, 0x88e2, 
0xb943, 0xd984, 0xf1c4, 0xf9c4, 0xf1c4, 0xf1a4, 0xf1a4, 0xf1a4, 0xf1a4, 0xe9a4, 0xe9a4, 0xe9a4, 0xf1a4, 0xf1a4, 0xf1a4, 0xf1a4, 
0xf1c4, 0xf9c4, 0xf1a4, 0xb943, 0x78c2, 0x3061, 0x0000, 0x0000, 0x0000, 0x0000, 0x0000, 0x0000, 0x0000, 0x0000, 0x0000, 0x0000, 
0x0000, 0x0000, 0x0000, 0x0000, 0x0000, 0x0000, 0x0000, 0x0000, 0x0000, 0x18e3, 0xc638, 0xffff, 0xffff, 0xffff, 0xad75, 0x0841, 
0x0000, 0x0000, 0x0000, 0x0000, 0x0000, 0x0000, 0x0000, 0x0000, 0x0000, 0x0000, 0x0000, 0x0000, 0x0000, 0x0000, 0x0000, 0x0000, 
0x0000, 0x0000, 0x0000, 0x0000, 0x0000, 0x0000, 0x0000, 0x0000, 0x0000, 0x0000, 0x0000, 0x0000, 0x0000, 0x0000, 0x0000, 0x0000, 
0x7bcf, 0xffff, 0xffff, 0xffff, 0xdefb, 0x4208, 0x0000, 0x0000, 0x0000, 0x0000, 0x0000, 0x0000, 0x0000, 0x0000, 0x0000, 0x0000, 
0x0000, 0x0000, 0x0000, 0x0000, 0x0000, 0x0000, 0x0000, 0x0000, 0x2040, 0x80e2, 0xc963, 0xf1a4, 0xf1c4, 0xe9a4, 0xe9a4, 0xe9a4, 
0xe9a4, 0xe9a4, 0xe9a4, 0xe9a4, 0xe9a4, 0xe9a4, 0xe9a4, 0xe9a4, 0xe9a4, 0xe9a4, 0xe9a4, 0xe9a4, 0xe9a4, 0xe9a4, 0xf1a4, 0xf1c4, 
0xf9c4, 0xe9a4, 0xc163, 0x9102, 0x4061, 0x0000, 0x0000, 0x0000, 0x0000, 0x0000, 0x0000, 0x0000, 0x0000, 0x0000, 0x0000, 0x0000, 
0x0000, 0x0000, 0x0000, 0x0000, 0x0000, 0x0000, 0x0000, 0x0000, 0x0000, 0x0000, 0x0000, 0x3861, 0x9102, 0xc163, 0xe9a4, 0xf9c4, 
0xf1c4, 0xf1a4, 0xe9a4, 0xe9a4, 0xe9a4, 0xe9a4, 0xe9a4, 0xe9a4, 0xe9a4, 0xe9a4, 0xe9a4, 0xe9a4, 0xe9a4, 0xe9a4, 0xe9a4, 0xe9a4, 
0xe9a4, 0xe9a4, 0xe9a4, 0xf1c4, 0xf1a4, 0xc963, 0x88e2, 0x2040, 0x0000, 0x0000, 0x0000, 0x0000, 0x0000, 0x0000, 0x0000, 0x0000, 
0x0000, 0x0000, 0x0000, 0x0000, 0x0000, 0x0000, 0x0000, 0x0000, 0x0000, 0x0000, 0x39e7, 0xdedb, 0xffff, 0xffff, 0xffff, 0x8410, 
0x0000, 0x0000, 0x0000, 0x0000, 0x0000, 0x0000, 0x0000, 0x0000, 0x0000, 0x0000, 0x0000, 0x0000, 0x0000, 0x0000, 0x0000, 0x0000, 
0x0000, 0x0000, 0x0000, 0x0000, 0x0000, 0x0000, 0x0000, 0x0000, 0x0000, 0x0000, 0x0000, 0x0000, 0x0000, 0x0000, 0x0000, 0x4228, 
0xef5d, 0xffff, 0xffff, 0xf7be, 0x6b4d, 0x0000, 0x0000, 0x0000, 0x0000, 0x0000, 0x0000, 0x0000, 0x0000, 0x0000, 0x0000, 0x0000, 
0x0000, 0x0000, 0x0000, 0x0000, 0x0000, 0x0000, 0x0000, 0x68c2, 0xc963, 0xf1a4, 0xf1a4, 0xe9a4, 0xe9a4, 0xe9a4, 0xe9a4, 0xe9a4, 
0xe9a4, 0xe9a4, 0xe9a4, 0xe9a4, 0xe9a4, 0xe9a4, 0xe9a4, 0xe9a4, 0xe9a4, 0xe9a4, 0xe9a4, 0xe9a4, 0xe9a4, 0xe9a4, 0xe9a4, 0xe9a4, 
0xe9a4, 0xe9a4, 0xf1c4, 0xf1a4, 0xd984, 0xa923, 0x3861, 0x0000, 0x0000, 0x0000, 0x0000, 0x0000, 0x0000, 0x0000, 0x0000, 0x0000, 
0x0000, 0x0000, 0x0000, 0x0000, 0x0000, 0x0000, 0x0000, 0x0000, 0x0000, 0x3061, 0xa123, 0xd984, 0xf1a4, 0xf1c4, 0xe9a4, 0xe9a4, 
0xe9a4, 0xe9a4, 0xe9a4, 0xe9a4, 0xe9a4, 0xe9a4, 0xe9a4, 0xe9a4, 0xe9a4, 0xe9a4, 0xe9a4, 0xe9a4, 0xe9a4, 0xe9a4, 0xe9a4, 0xe9a4, 
0xe9a4, 0xe9a4, 0xe9a4, 0xe9a4, 0xe9a4, 0xf1a4, 0xf1a4, 0xc963, 0x70c2, 0x0800, 0x0000, 0x0000, 0x0000, 0x0000, 0x0000, 0x0000, 
0x0000, 0x0000, 0x0000, 0x0000, 0x0000, 0x0000, 0x0000, 0x0000, 0x0000, 0x0000, 0x0000, 0x632c, 0xf79e, 0xffff, 0xffff, 0xef5d, 
0x4a49, 0x0000, 0x0000, 0x0000, 0x0000, 0x0000, 0x0000, 0x0000, 0x0000, 0x0000, 0x0000, 0x0000, 0x0000, 0x0000, 0x0000, 0x0000, 
0x0000, 0x0000, 0x0000, 0x0000, 0x0000, 0x0000, 0x0000, 0x0000, 0x0000, 0x0000, 0x0000, 0x0000, 0x0000, 0x0000, 0x18c3, 0xc618, 
0xffff, 0xffff, 0xffff, 0x9cf3, 0x0000, 0x0000, 0x0000, 0x0000, 0x0000, 0x0000, 0x0000, 0x0000, 0x0000, 0x0000, 0x0000, 0x0000, 
0x0000, 0x0000, 0x0000, 0x0000, 0x0000, 0x2040, 0xa923, 0xe9a4, 0xf1a4, 0xe9a4, 0xe9a4, 0xe9a4, 0xe9a4, 0xe9a4, 0xe9a4, 0xe9a4, 
0xe9a4, 0xe9a4, 0xe9a4, 0xe9a4, 0xe9a4, 0xe9a4, 0xe9a4, 0xe9a4, 0xe9a4, 0xe9a4, 0xe9a4, 0xe9a4, 0xe9a4, 0xe9a4, 0xe9a4, 0xe9a4, 
0xe9a4, 0xe9a4, 0xe9a4, 0xe9a4, 0xf1a4, 0xf1a4, 0xe1a4, 0x9102, 0x1820, 0x0000, 0x0000, 0x0000, 0x0000, 0x0000, 0x0000, 0x0000, 
0x0000, 0x0000, 0x0000, 0x0000, 0x0000, 0x0000, 0x0000, 0x1820, 0x88e2, 0xe1a4, 0xf1a4, 0xf1a4, 0xe9a4, 0xe9a4, 0xe9a4, 0xe9a4, 
0xe9a4, 0xe9a4, 0xe9a4, 0xe9a4, 0xe9a4, 0xe9a4, 0xe9a4, 0xe9a4, 0xe9a4, 0xe9a4, 0xe9a4, 0xe9a4, 0xe9a4, 0xe9a4, 0xe9a4, 0xe9a4, 
0xe9a4, 0xe9a4, 0xe9a4, 0xe9a4, 0xe9a4, 0xe9a4, 0xe9a4, 0xf1a4, 0xe9a4, 0xa923, 0x2840, 0x0000, 0x0000, 0x0000, 0x0000, 0x0000, 
0x0000, 0x0000, 0x0000, 0x0000, 0x0000, 0x0000, 0x0000, 0x0000, 0x0000, 0x0000, 0x0000, 0x0000, 0x94b2, 0xffff, 0xffff, 0xffff, 
0xc638, 0x18e3, 0x0000, 0x0000, 0x0000, 0x0000, 0x0000, 0x0000, 0x0000, 0x0000, 0x0000, 0x0000, 0x0000, 0x0000, 0x0000, 0x0000, 
0x0000, 0x0000, 0x0000, 0x0000, 0x0000, 0x0000, 0x0000, 0x0000, 0x0000, 0x0000, 0x0000, 0x0000, 0x0000, 0x0020, 0x8430, 0xffff, 
0xffff, 0xffff, 0xce79, 0x18c3, 0x0000, 0x0000, 0x0000, 0x0000, 0x0000, 0x0000, 0x0000, 0x0000, 0x0000, 0x0000, 0x0000, 0x0000, 
0x0000, 0x0000, 0x0000, 0x0000, 0x4881, 0xd184, 0xf1a4, 0xe9a4, 0xe9a4, 0xe9a4, 0xe9a4, 0xe9a4, 0xe9a4, 0xe9a4, 0xe9a4, 0xe9a4, 
0xe9a4, 0xe9a4, 0xe9a4, 0xe9a4, 0xe9a4, 0xe9a4, 0xe9a4, 0xe9a4, 0xe9a4, 0xe9a4, 0xe9a4, 0xe9a4, 0xe9a4, 0xe9a4, 0xe9a4, 0xe9a4, 
0xe9a4, 0xe9a4, 0xe9a4, 0xe9a4, 0xe9a4, 0xe9a4, 0xe9a4, 0xf1a4, 0xc963, 0x4881, 0x0000, 0x0000, 0x0000, 0x0000, 0x0000, 0x0000, 
0x0000, 0x0000, 0x0000, 0x0000, 0x0000, 0x0000, 0x4081, 0xc963, 0xf1a4, 0xe9a4, 0xe9a4, 0xe9a4, 0xe9a4, 0xe9a4, 0xe9a4, 0xe9a4, 
0xe9a4, 0xe9a4, 0xe9a4, 0xe9a4, 0xe9a4, 0xe9a4, 0xe9a4, 0xe9a4, 0xe9a4, 0xe9a4, 0xe9a4, 0xe9a4, 0xe9a4, 0xe9a4, 0xe9a4, 0xe9a4, 
0xe9a4, 0xe9a4, 0xe9a4, 0xe9a4, 0xe9a4, 0xe9a4, 0xe9a4, 0xe9a4, 0xe9a4, 0xf1a4, 0xd184, 0x4881, 0x0000, 0x0000, 0x0000, 0x0000, 
0x0000, 0x0000, 0x0000, 0x0000, 0x0000, 0x0000, 0x0000, 0x0000, 0x0000, 0x0000, 0x0000, 0x0000, 0x10a2, 0xce59, 0xffff, 0xffff, 
0xffff, 0x8c51, 0x0020, 0x0000, 0x0000, 0x0000, 0x0000, 0x0000, 0x0000, 0x0000, 0x0000, 0x0000, 0x0000, 0x0000, 0x0000, 0x0000, 
0x0000, 0x0000, 0x0000, 0x0000, 0x0000, 0x0000, 0x0000, 0x0000, 0x0000, 0x0000, 0x0000, 0x0000, 0x0000, 0x4208, 0xef5d, 0xffff, 
0xffff, 0xf79e, 0x4208, 0x0000, 0x0000, 0x0000, 0x0000, 0x0000, 0x0000, 0x0000, 0x0000, 0x0000, 0x0000, 0x0000, 0x0000, 0x0000, 
0x0000, 0x0000, 0x0000, 0x58a1, 0xe184, 0xf1a4, 0xe9a4, 0xe9a4, 0xe9a4, 0xe9a4, 0xe9a4, 0xe9a4, 0xe9a4, 0xe9a4, 0xe9a4, 0xe9a4, 
0xe9a4, 0xe9a4, 0xe9a4, 0xe9a4, 0xe9a4, 0xe9a4, 0xe9a4, 0xe9a4, 0xe9a4, 0xe9a4, 0xe9a4, 0xe9a4, 0xe9a4, 0xe9a4, 0xe9a4, 0xe9a4, 
0xe9a4, 0xe9a4, 0xe9a4, 0xe9a4, 0xe9a4, 0xe9a4, 0xe9a4, 0xe9a4, 0xf1a4, 0xe1a4, 0x70c2, 0x0800, 0x0000, 0x0000, 0x0000, 0x0000, 
0x0000, 0x0000, 0x0000, 0x0000, 0x0800, 0x70c2, 0xe1a4, 0xf1a4, 0xe9a4, 0xe9a4, 0xe9a4, 0xe9a4, 0xe9a4, 0xe9a4, 0xe9a4, 0xe9a4, 
0xe9a4, 0xe9a4, 0xe9a4, 0xe9a4, 0xe9a4, 0xe9a4, 0xe9a4, 0xe9a4, 0xe9a4, 0xe9a4, 0xe9a4, 0xe9a4, 0xe9a4, 0xe9a4, 0xe9a4, 0xe9a4, 
0xe9a4, 0xe9a4, 0xe9a4, 0xe9a4, 0xe9a4, 0xe9a4, 0xe9a4, 0xe9a4, 0xe9a4, 0xe9a4, 0xe9a4, 0xe1a4, 0x60a1, 0x0000, 0x0000, 0x0000, 
0x0000, 0x0000, 0x0000, 0x0000, 0x0000, 0x0000, 0x0000, 0x0000, 0x0000, 0x0000, 0x0000, 0x0000, 0x0000, 0x39e7, 0xef7d, 0xffff, 
0xffff, 0xef7d, 0x4228, 0x0000, 0x0000, 0x0000, 0x0000, 0x0000, 0x0000, 0x0000, 0x0000, 0x0000, 0x0000, 0x0000, 0x0000, 0x0000, 
0x0000, 0x0000, 0x0000, 0x0000, 0x0000, 0x0000, 0x0000, 0x0000, 0x0000, 0x0000, 0x0000, 0x0000, 0x0861, 0xbdd7, 0xffff, 0xffff, 
0xffff, 0x8410, 0x0000, 0x0000, 0x0000, 0x0000, 0x0000, 0x0000, 0x0000, 0x0000, 0x0000, 0x0000, 0x0000, 0x0000, 0x0000, 0x0000, 
0x0000, 0x0000, 0x60a2, 0xe9a4, 0xf1a4, 0xe9a4, 0xe9a4, 0xe9a4, 0xe9a4, 0xe9a4, 0xe9a4, 0xe9a4, 0xe9a4, 0xe9a4, 0xe9a4, 0xe9a4, 
0xe9a4, 0xe9a4, 0xe9a4, 0xe9a4, 0xe9a4, 0xe9a4, 0xe9a4, 0xe9a4, 0xe9a4, 0xe9a4, 0xe9a4, 0xe9a4, 0xe9a4, 0xe9a4, 0xe9a4, 0xe9a4, 
0xe9a4, 0xe9a4, 0xe9a4, 0xe9a4, 0xe9a4, 0xe9a4, 0xe9a4, 0xe9a4, 0xe9a4, 0xf1a4, 0xe9a4, 0x8902, 0x1020, 0x0000, 0x0000, 0x0000, 
0x0000, 0x0000, 0x0000, 0x0800, 0x88e2, 0xe9a4, 0xf1a4, 0xe9a4, 0xe9a4, 0xe9a4, 0xe9a4, 0xe9a4, 0xe9a4, 0xe9a4, 0xe9a4, 0xe9a4, 
0xe9a4, 0xe9a4, 0xe9a4, 0xe9a4, 0xe9a4, 0xe9a4, 0xe9a4, 0xe9a4, 0xe9a4, 0xe9a4, 0xe9a4, 0xe9a4, 0xe9a4, 0xe9a4, 0xe9a4, 0xe9a4, 
0xe9a4, 0xe9a4, 0xe9a4, 0xe9a4, 0xe9a4, 0xe9a4, 0xe9a4, 0xe9a4, 0xe9a4, 0xe9a4, 0xe9a4, 0xf1a4, 0xe9a4, 0x68c2, 0x0000, 0x0000, 
0x0000, 0x0000, 0x0000, 0x0000, 0x0000, 0x0000, 0x0000, 0x0000, 0x0000, 0x0000, 0x0000, 0x0000, 0x0000, 0x0000, 0x7bcf, 0xffff, 
0xffff, 0xffff, 0xc618, 0x1082, 0x0000, 0x0000, 0x0000, 0x0000, 0x0000, 0x0000, 0x0000, 0x0000, 0x0000, 0x0000, 0x0000, 0x0000, 
0x0000, 0x0000, 0x0000, 0x0000, 0x0000, 0x0000, 0x0000, 0x0000, 0x0000, 0x0000, 0x0000, 0x0000, 0x6b6d, 0xffff, 0xffff, 0xffff, 
0xc618, 0x1082, 0x0000, 0x0000, 0x0000, 0x0000, 0x0000, 0x0000, 0x0000, 0x0000, 0x0000, 0x0000, 0x0000, 0x0000, 0x0000, 0x0000, 
0x0000, 0x58a1, 0xe184, 0xf1a4, 0xe9a4, 0xe9a4, 0xe9a4, 0xe9a4, 0xe9a4, 0xe9a4, 0xe9a4, 0xe9a4, 0xe9a4, 0xe9a4, 0xe9a4, 0xe9a4, 
0xe9a4, 0xe9a4, 0xe9a4, 0xe9a4, 0xe9a4, 0xe9a4, 0xe9a4, 0xe9a4, 0xe9a4, 0xe9a4, 0xe9a4, 0xe9a4, 0xe9a4, 0xe9a4, 0xe9a4, 0xe9a4, 
0xe9a4, 0xe9a4, 0xe9a4, 0xe9a4, 0xe9a4, 0xe9a4, 0xe9a4, 0xe9a4, 0xe9a4, 0xe9a4, 0xe9a4, 0xf1a4, 0xa123, 0x0800, 0x0000, 0x0000, 
0x0000, 0x0000, 0x0800, 0x9902, 0xf1a4, 0xe9a4, 0xe9a4, 0xe9a4, 0xe9a4, 0xe9a4, 0xe9a4, 0xe9a4, 0xe9a4, 0xe9a4, 0xe9a4, 0xe9a4, 
0xe9a4, 0xe9a4, 0xe9a4, 0xe9a4, 0xe9a4, 0xe9a4, 0xe9a4, 0xe9a4, 0xe9a4, 0xe9a4, 0xe9a4, 0xe9a4, 0xe9a4, 0xe9a4, 0xe9a4, 0xe9a4, 
0xe9a4, 0xe9a4, 0xe9a4, 0xe9a4, 0xe9a4, 0xe9a4, 0xe9a4, 0xe9a4, 0xe9a4, 0xe9a4, 0xe9a4, 0xe9a4, 0xf1a4, 0xe1a4, 0x58a1, 0x0000, 
0x0000, 0x0000, 0x0000, 0x0000, 0x0000, 0x0000, 0x0000, 0x0000, 0x0000, 0x0000, 0x0000, 0x0000, 0x0000, 0x0000, 0x0861, 0xbdf7, 
0xffff, 0xffff, 0xffff, 0x73ae, 0x0000, 0x0000, 0x0000, 0x0000, 0x0000, 0x0000, 0x0000, 0x0000, 0x0000, 0x0000, 0x0000, 0x0000, 
0x0000, 0x0000, 0x0000, 0x0000, 0x0000, 0x0000, 0x0000, 0x0000, 0x0000, 0x0000, 0x0000, 0x18e3, 0xef5d, 0xffff, 0xffff, 0xf79e, 
0x4208, 0x0000, 0x0000, 0x0000, 0x0000, 0x0000, 0x0000, 0x0000, 0x0000, 0x0000, 0x0000, 0x0000, 0x0000, 0x0000, 0x0000, 0x0000, 
0x3861, 0xd163, 0xf1a4, 0xe9a4, 0xe9a4, 0xe9a4, 0xe9a4, 0xe9a4, 0xe9a4, 0xe9a4, 0xe9a4, 0xe9a4, 0xe9a4, 0xe9a4, 0xe9a4, 0xe9a4, 
0xe9a4, 0xe9a4, 0xe9a4, 0xe9a4, 0xe9a4, 0xe9a4, 0xe9a4, 0xe9a4, 0xe9a4, 0xe9a4, 0xe9a4, 0xe9a4, 0xe9a4, 0xe9a4, 0xe9a4, 0xe9a4, 
0xe9a4, 0xe9a4, 0xe9a4, 0xe9a4, 0xe9a4, 0xe9a4, 0xe9a4, 0xe9a4, 0xe9a4, 0xe9a4, 0xe9a4, 0xe9a4, 0xf1a4, 0x9902, 0x0000, 0x0000, 
0x0000, 0x0000, 0x9102, 0xf1a4, 0xe9a4, 0xe9a4, 0xe9a4, 0xe9a4, 0xe9a4, 0xe9a4, 0xe9a4, 0xe9a4, 0xe9a4, 0xe9a4, 0xe9a4, 0xe9a4, 
0xe9a4, 0xe9a4, 0xe9a4, 0xe9a4, 0xe9a4, 0xe9a4, 0xe9a4, 0xe9a4, 0xe9a4, 0xe9a4, 0xe9a4, 0xe9a4, 0xe9a4, 0xe9a4, 0xe9a4, 0xe9a4, 
0xe9a4, 0xe9a4, 0xe9a4, 0xe9a4, 0xe9a4, 0xe9a4, 0xe9a4, 0xe9a4, 0xe9a4, 0xe9a4, 0xe9a4, 0xe9a4, 0xe9a4, 0xf1a4, 0xd184, 0x3861, 
0x0000, 0x0000, 0x0000, 0x0000, 0x0000, 0x0000, 0x0000, 0x0000, 0x0000, 0x0000, 0x0000, 0x0000, 0x0000, 0x0000, 0x0000, 0x39e7, 
0xf79e, 0xffff, 0xffff, 0xef7d, 0x2104, 0x0000, 0x0000, 0x0000, 0x0000, 0x0000, 0x0000, 0x0000, 0x0000, 0x0000, 0x0000, 0x0000, 
0x0000, 0x0000, 0x0000, 0x0000, 0x0000, 0x0000, 0x0000, 0x0000, 0x0000, 0x0000, 0x0000, 0x9cd3, 0xffff, 0xffff, 0xffff, 0x8c71, 
0x0020, 0x0000, 0x0000, 0x0000, 0x0000, 0x0000, 0x0000, 0x0000, 0x0000, 0x0000, 0x0000, 0x0000, 0x0000, 0x0000, 0x0000, 0x1020, 
0xa123, 0xf1c4, 0xe9a4, 0xe9a4, 0xe9a4, 0xe9a4, 0xe9a4, 0xe9a4, 0xe9a4, 0xe9a4, 0xe9a4, 0xe9a4, 0xe9a4, 0xe9a4, 0xe9a4, 0xe9a4, 
0xe9a4, 0xe9a4, 0xe9a4, 0xe9a4, 0xe9a4, 0xe9a4, 0xe9a4, 0xe9a4, 0xe9a4, 0xe9a4, 0xe9a4, 0xe9a4, 0xe9a4, 0xe9a4, 0xe9a4, 0xe9a4, 
0xe9a4, 0xe9a4, 0xe9a4, 0xe9a4, 0xe9a4, 0xe9a4, 0xe9a4, 0xe9a4, 0xe9a4, 0xe9a4, 0xe9a4, 0xe9a4, 0xe9a4, 0xe9a4, 0x88e2, 0x0000, 
0x0000, 0x80e2, 0xe9a4, 0xe9a4, 0xe9a4, 0xe9a4, 0xe9a4, 0xe9a4, 0xe9a4, 0xe9a4, 0xe9a4, 0xe9a4, 0xe9a4, 0xe9a4, 0xe9a4, 0xe9a4, 
0xe9a4, 0xe9a4, 0xe9a4, 0xe9a4, 0xe9a4, 0xe9a4, 0xe9a4, 0xe9a4, 0xe9a4, 0xe9a4, 0xe9a4, 0xe9a4, 0xe9a4, 0xe9a4, 0xe9a4, 0xe9a4, 
0xe9a4, 0xe9a4, 0xe9a4, 0xe9a4, 0xe9a4, 0xe9a4, 0xe9a4, 0xe9a4, 0xe9a4, 0xe9a4, 0xe9a4, 0xe9a4, 0xe9a4, 0xe9a4, 0xf1c4, 0xa923, 
0x1020, 0x0000, 0x0000, 0x0000, 0x0000, 0x0000, 0x0000, 0x0000, 0x0000, 0x0000, 0x0000, 0x0000, 0x0000, 0x0000, 0x0000, 0x0000, 
0x8430, 0xffff, 0xffff, 0xffff, 0xa514, 0x0000, 0x0000, 0x0000, 0x0000, 0x0000, 0x0000, 0x0000, 0x0000, 0x0000, 0x0000, 0x0000, 
0x0000, 0x0000, 0x0000, 0x0000, 0x0000, 0x0000, 0x0000, 0x0000, 0x0000, 0x0000, 0x39e7, 0xf79e, 0xffff, 0xffff, 0xdedb, 0x2965, 
0x0000, 0x0000, 0x0000, 0x0000, 0x0000, 0x0000, 0x0000, 0x0000, 0x0000, 0x0000, 0x0000, 0x0000, 0x0000, 0x0000, 0x0000, 0x60a1, 
0xf1c4, 0xe9a4, 0xe9a4, 0xe9a4, 0xe9a4, 0xe9a4, 0xe9a4, 0xe9a4, 0xe9a4, 0xe9a4, 0xe9a4, 0xe9a4, 0xe9a4, 0xe9a4, 0xe9a4, 0xe9a4, 
0xe9a4, 0xe9a4, 0xe9a4, 0xe9a4, 0xe9a4, 0xe9a4, 0xe9a4, 0xe9a4, 0xe9a4, 0xe9a4, 0xe9a4, 0xe9a4, 0xe9a4, 0xe9a4, 0xe9a4, 0xe9a4, 
0xe9a4, 0xe9a4, 0xe9a4, 0xe9a4, 0xe9a4, 0xe9a4, 0xe9a4, 0xe9a4, 0xe9a4, 0xe9a4, 0xe9a4, 0xe9a4, 0xe9a4, 0xf1a4, 0xe184, 0x58a1, 
0x58a1, 0xe184, 0xf1a4, 0xe9a4, 0xe9a4, 0xe9a4, 0xe9a4, 0xe9a4, 0xe9a4, 0xe9a4, 0xe9a4, 0xe9a4, 0xe9a4, 0xe9a4, 0xe9a4, 0xe9a4, 
0xe9a4, 0xe9a4, 0xe9a4, 0xe9a4, 0xe9a4, 0xe9a4, 0xe9a4, 0xe9a4, 0xe9a4, 0xe9a4, 0xe9a4, 0xe9a4, 0xe9a4, 0xe9a4, 0xe9a4, 0xe9a4, 
0xe9a4, 0xe9a4, 0xe9a4, 0xe9a4, 0xe9a4, 0xe9a4, 0xe9a4, 0xe9a4, 0xe9a4, 0xe9a4, 0xe9a4, 0xe9a4, 0xe9a4, 0xe9a4, 0xe9a4, 0xf1c4, 
0x60a1, 0x0000, 0x0000, 0x0000, 0x0000, 0x0000, 0x0000, 0x0000, 0x0000, 0x0000, 0x0000, 0x0000, 0x0000, 0x0000, 0x0000, 0x0000, 
0x2965, 0xd6ba, 0xffff, 0xffff, 0xf79e, 0x4228, 0x0000, 0x0000, 0x0000, 0x0000, 0x0000, 0x0000, 0x0000, 0x0000, 0x0000, 0x0000, 
0x0000, 0x0000, 0x0000, 0x0000, 0x0000, 0x0000, 0x0000, 0x0000, 0x0000, 0x0020, 0xad75, 0xffff, 0xffff, 0xffdf, 0x7bcf, 0x0000, 
0x0000, 0x0000, 0x0000, 0x0000, 0x0000, 0x0000, 0x0000, 0x0000, 0x0000, 0x0000, 0x0000, 0x0000, 0x0000, 0x0000, 0x1820, 0xc163, 
0xf1a4, 0xe9a4, 0xe9a4, 0xe9a4, 0xe9a4, 0xe9a4, 0xe9a4, 0xe9a4, 0xe9a4, 0xe9a4, 0xe9a4, 0xe9a4, 0xe9a4, 0xe9a4, 0xe9a4, 0xe9a4, 
0xe9a4, 0xe9a4, 0xe9a4, 0xe9a4, 0xe9a4, 0xe9a4, 0xe9a4, 0xe9a4, 0xe9a4, 0xe9a4, 0xe9a4, 0xe9a4, 0xe9a4, 0xe9a4, 0xe9a4, 0xe9a4, 
0xe9a4, 0xe9a4, 0xe9a4, 0xe9a4, 0xe9a4, 0xe9a4, 0xe9a4, 0xe9a4, 0xe9a4, 0xe9a4, 0xe9a4, 0xe9a4, 0xe9a4, 0xe9a4, 0xf1a4, 0xd184, 
0xd184, 0xf1a4, 0xe9a4, 0xe9a4, 0xe9a4, 0xe9a4, 0xe9a4, 0xe9a4, 0xe9a4, 0xe9a4, 0xe9a4, 0xe9a4, 0xe9a4, 0xe9a4, 0xe9a4, 0xe9a4, 
0xe9a4, 0xe9a4, 0xe9a4, 0xe9a4, 0xe9a4, 0xe9a4, 0xe9a4, 0xe9a4, 0xe9a4, 0xe9a4, 0xe9a4, 0xe9a4, 0xe9a4, 0xe9a4, 0xe9a4, 0xe9a4, 
0xe9a4, 0xe9a4, 0xe9a4, 0xe9a4, 0xe9a4, 0xe9a4, 0xe9a4, 0xe9a4, 0xe9a4, 0xe9a4, 0xe9a4, 0xe9a4, 0xe9a4, 0xe9a4, 0xe9a4, 0xf1a4, 
0xc163, 0x1820, 0x0000, 0x0000, 0x0000, 0x0000, 0x0000, 0x0000, 0x0000, 0x0000, 0x0000, 0x0000, 0x0000, 0x0000, 0x0000, 0x0000, 
0x0000, 0x73ae, 0xffdf, 0xffff, 0xffff, 0xb596, 0x0841, 0x0000, 0x0000, 0x0000, 0x0000, 0x0000, 0x0000, 0x0000, 0x0000, 0x0000, 
0x0000, 0x0000, 0x0000, 0x0000, 0x0000, 0x0000, 0x0000, 0x0000, 0x0000, 0x4a49, 0xef7d, 0xffff, 0xffff, 0xce79, 0x18c3, 0x0000, 
0x0000, 0x0000, 0x0000, 0x0000, 0x0000, 0x0000, 0x0000, 0x0000, 0x0000, 0x0000, 0x0000, 0x0000, 0x0000, 0x0000, 0x58a1, 0xf1c4, 
0xe9a4, 0xe9a4, 0xe9a4, 0xe9a4, 0xe9a4, 0xe9a4, 0xe9a4, 0xe9a4, 0xe9a4, 0xe9a4, 0xe9a4, 0xe9a4, 0xe9a4, 0xe9a4, 0xe9a4, 0xe9a4, 
0xe9a4, 0xe9a4, 0xe9a4, 0xe9a4, 0xe9a4, 0xe9a4, 0xe9a4, 0xe9a4, 0xe9a4, 0xe9a4, 0xe9a4, 0xe9a4, 0xe9a4, 0xe9a4, 0xe9a4, 0xe9a4, 
0xe9a4, 0xe9a4, 0xe9a4, 0xe9a4, 0xe9a4, 0xe9a4, 0xe9a4, 0xe9a4, 0xe9a4, 0xe9a4, 0xe9a4, 0xe9a4, 0xe9a4, 0xe9a4, 0xe9a4, 0xf1a4, 
0xf1a4, 0xe9a4, 0xe9a4, 0xe9a4, 0xe9a4, 0xe9a4, 0xe9a4, 0xe9a4, 0xe9a4, 0xe9a4, 0xe9a4, 0xe9a4, 0xe9a4, 0xe9a4, 0xe9a4, 0xe9a4, 
0xe9a4, 0xe9a4, 0xe9a4, 0xe9a4, 0xe9a4, 0xe9a4, 0xe9a4, 0xe9a4, 0xe9a4, 0xe9a4, 0xe9a4, 0xe9a4, 0xe9a4, 0xe9a4, 0xe9a4, 0xe9a4, 
0xe9a4, 0xe9a4, 0xe9a4, 0xe9a4, 0xe9a4, 0xe9a4, 0xe9a4, 0xe9a4, 0xe9a4, 0xe9a4, 0xe9a4, 0xe9a4, 0xe9a4, 0xe9a4, 0xe9a4, 0xe9a4, 
0xf1c4, 0x58a1, 0x0000, 0x0000, 0x0000, 0x0000, 0x0000, 0x0000, 0x0000, 0x0000, 0x0000, 0x0000, 0x0000, 0x0000, 0x0000, 0x0000, 
0x0000, 0x18c3, 0xce59, 0xffff, 0xffff, 0xf79e, 0x528a, 0x0000, 0x0000, 0x0000, 0x0000, 0x0000, 0x0000, 0x0000, 0x0000, 0x0000, 
0x0000, 0x0000, 0x0000, 0x0000, 0x0000, 0x0000, 0x0000, 0x0000, 0x0861, 0xad55, 0xffff, 0xffff, 0xf7be, 0x738e, 0x0000, 0x0000, 
0x0000, 0x0000, 0x0000, 0x0000, 0x0000, 0x0000, 0x0000, 0x0000, 0x0000, 0x0000, 0x0000, 0x0000, 0x0000, 0x0000, 0xb143, 0xf1a4, 
0xe9a4, 0xe9a4, 0xe9a4, 0xe9a4, 0xe9a4, 0xe9a4, 0xe9a4, 0xe9a4, 0xe9a4, 0xe9a4, 0xe9a4, 0xe9a4, 0xe9a4, 0xe9a4, 0xe9a4, 0xe9a4, 
0xe9a4, 0xe9a4, 0xe9a4, 0xe9a4, 0xe9a4, 0xe9a4, 0xe9a4, 0xe9a4, 0xe9a4, 0xe9a4, 0xe9a4, 0xe9a4, 0xe9a4, 0xe9a4, 0xe9a4, 0xe9a4, 
0xe9a4, 0xe9a4, 0xe9a4, 0xe9a4, 0xe9a4, 0xe9a4, 0xe9a4, 0xe9a4, 0xe9a4, 0xe9a4, 0xe9a4, 0xe9a4, 0xe9a4, 0xe9a4, 0xe9a4, 0xe9a4, 
0xe9a4, 0xe9a4, 0xe9a4, 0xe9a4, 0xe9a4, 0xe9a4, 0xe9a4, 0xe9a4, 0xe9a4, 0xe9a4, 0xe9a4, 0xe9a4, 0xe9a4, 0xe9a4, 0xe9a4, 0xe9a4, 
0xe9a4, 0xe9a4, 0xe9a4, 0xe9a4, 0xe9a4, 0xe9a4, 0xe9a4, 0xe9a4, 0xe9a4, 0xe9a4, 0xe9a4, 0xe9a4, 0xe9a4, 0xe9a4, 0xe9a4, 0xe9a4, 
0xe9a4, 0xe9a4, 0xe9a4, 0xe9a4, 0xe9a4, 0xe9a4, 0xe9a4, 0xe9a4, 0xe9a4, 0xe9a4, 0xe9a4, 0xe9a4, 0xe9a4, 0xe9a4, 0xe9a4, 0xe9a4, 
0xf1a4, 0xb143, 0x0000, 0x0000, 0x0000, 0x0000, 0x0000, 0x0000, 0x0000, 0x0000, 0x0000, 0x0000, 0x0000, 0x0000, 0x0000, 0x0000, 
0x0000, 0x0000, 0x6b4d, 0xf7be, 0xffff, 0xffff, 0xad75, 0x1082, 0x0000, 0x0000, 0x0000, 0x0000, 0x0000, 0x0000, 0x0000, 0x0000, 
0x0000, 0x0000, 0x0000, 0x0000, 0x0000, 0x0000, 0x0000, 0x0000, 0x4228, 0xef7d, 0xffff, 0xffff, 0xd69a, 0x0861, 0x0000, 0x0000, 
0x0000, 0x0000, 0x0000, 0x0000, 0x0000, 0x0000, 0x0000, 0x0000, 0x0000, 0x0000, 0x0000, 0x0000, 0x0000, 0x2840, 0xe9a4, 0xe9a4, 
0xe9a4, 0xe9a4, 0xe9a4, 0xe9a4, 0xe9a4, 0xe9a4, 0xe9a4, 0xe9a4, 0xe9a4, 0xe9a4, 0xe9a4, 0xe9a4, 0xe9a4, 0xe9a4, 0xe9a4, 0xe9a4, 
0xe9a4, 0xe9a4, 0xe9a4, 0xe9a4, 0xe9a4, 0xe9a4, 0xe9a4, 0xe9a4, 0xe9a4, 0xe9a4, 0xe9a4, 0xe9a4, 0xe9a4, 0xe9a4, 0xe9a4, 0xe9a4, 
0xe9a4, 0xe9a4, 0xe9a4, 0xe9a4, 0xe9a4, 0xe9a4, 0xe9a4, 0xe9a4, 0xe9a4, 0xe9a4, 0xe9a4, 0xe9a4, 0xe9a4, 0xe9a4, 0xe9a4, 0xe9a4, 
0xe9a4, 0xe9a4, 0xe9a4, 0xe9a4, 0xe9a4, 0xe9a4, 0xe9a4, 0xe9a4, 0xe9a4, 0xe9a4, 0xe9a4, 0xe9a4, 0xe9a4, 0xe9a4, 0xe9a4, 0xe9a4, 
0xe9a4, 0xe9a4, 0xe9a4, 0xe9a4, 0xe9a4, 0xe9a4, 0xe9a4, 0xe9a4, 0xe9a4, 0xe9a4, 0xe9a4, 0xe9a4, 0xe9a4, 0xe9a4, 0xe9a4, 0xe9a4, 
0xe9a4, 0xe9a4, 0xe9a4, 0xe9a4, 0xe9a4, 0xe9a4, 0xe9a4, 0xe9a4, 0xe9a4, 0xe9a4, 0xe9a4, 0xe9a4, 0xe9a4, 0xe9a4, 0xe9a4, 0xe9a4, 
0xe9a4, 0xe9a4, 0x2040, 0x0000, 0x0000, 0x0000, 0x0000, 0x0000, 0x0000, 0x0000, 0x0000, 0x0000, 0x0000, 0x0000, 0x0000, 0x0000, 
0x0000, 0x0000, 0x0841, 0xce79, 0xffff, 0xffff, 0xf79e, 0x4a69, 0x0000, 0x0000, 0x0000, 0x0000, 0x0000, 0x0000, 0x0000, 0x0000, 
0x0000, 0x0000, 0x0000, 0x0000, 0x0000, 0x0000, 0x0000, 0x0020, 0x9492, 0xffff, 0xffff, 0xffff, 0x632c, 0x0000, 0x0000, 0x0000, 
0x0000, 0x0000, 0x0000, 0x0000, 0x0000, 0x0000, 0x0000, 0x0000, 0x0000, 0x0000, 0x0000, 0x0000, 0x0000, 0x60a1, 0xe9a4, 0xe9a4, 
0xe9a4, 0xe9a4, 0xe9a4, 0xe9a4, 0xe9a4, 0xe9a4, 0xe9a4, 0xe9a4, 0xe9a4, 0xe9a4, 0xe9a4, 0xe9a4, 0xe9a4, 0xe9a4, 0xe9a4, 0xe9a4, 
0xe9a4, 0xe9a4, 0xe9a4, 0xe9a4, 0xe9a4, 0xe9a4, 0xe9a4, 0xe9a4, 0xe9a4, 0xe9a4, 0xe9a4, 0xe9a4, 0xe9a4, 0xe9a4, 0xe9a4, 0xe9a4, 
0xe9a4, 0xe9a4, 0xe9a4, 0xe9a4, 0xe9a4, 0xe9a4, 0xe9a4, 0xe9a4, 0xe9a4, 0xe9a4, 0xe9a4, 0xe9a4, 0xe9a4, 0xe9a4, 0xe9a4, 0xe9a4, 
0xe9a4, 0xe9a4, 0xe9a4, 0xe9a4, 0xe9a4, 0xe9a4, 0xe9a4, 0xe9a4, 0xe9a4, 0xe9a4, 0xe9a4, 0xe9a4, 0xe9a4, 0xe9a4, 0xe9a4, 0xe9a4, 
0xe9a4, 0xe9a4, 0xe9a4, 0xe9a4, 0xe9a4, 0xe9a4, 0xe9a4, 0xe9a4, 0xe9a4, 0xe9a4, 0xe9a4, 0xe9a4, 0xe9a4, 0xe9a4, 0xe9a4, 0xe9a4, 
0xe9a4, 0xe9a4, 0xe9a4, 0xe9a4, 0xe9a4, 0xe9a4, 0xe9a4, 0xe9a4, 0xe9a4, 0xe9a4, 0xe9a4, 0xe9a4, 0xe9a4, 0xe9a4, 0xe9a4, 0xe9a4, 
0xe9a4, 0xe9a4, 0x60a1, 0x0000, 0x0000, 0x0000, 0x0000, 0x0000, 0x0000, 0x0000, 0x0000, 0x0000, 0x0000, 0x0000, 0x0000, 0x0000, 
0x0000, 0x0000, 0x0000, 0x5aeb, 0xffff, 0xffff, 0xffff, 0x9cd3, 0x0841, 0x0000, 0x0000, 0x0000, 0x0000, 0x0000, 0x0000, 0x0000, 
0x0000, 0x0000, 0x0000, 0x0000, 0x0000, 0x0000, 0x0000, 0x3186, 0xe71c, 0xffff, 0xffff, 0xdefb, 0x0841, 0x0000, 0x0000, 0x0000, 
0x0000, 0x0000, 0x0000, 0x0000, 0x0000, 0x0000, 0x0000, 0x0000, 0x0000, 0x0000, 0x0000, 0x0000, 0x0000, 0x9102, 0xe9a4, 0xe9a4, 
0xe9a4, 0xe9a4, 0xe9a4, 0xe9a4, 0xe9a4, 0xe9a4, 0xe9a4, 0xe9a4, 0xe9a4, 0xe9a4, 0xe9a4, 0xe9a4, 0xe9a4, 0xe9a4, 0xe9a4, 0xe9a4, 
0xe9a4, 0xe9a4, 0xe9a4, 0xe9a4, 0xe9a4, 0xe9a4, 0xe9a4, 0xe9a4, 0xe9a4, 0xe9a4, 0xe9a4, 0xe9a4, 0xe9a4, 0xe9a4, 0xe9a4, 0xe9a4, 
0xe9a4, 0xe9a4, 0xe9a4, 0xe9a4, 0xe9a4, 0xe9a4, 0xe9a4, 0xe9a4, 0xe9a4, 0xe9a4, 0xe9a4, 0xe9a4, 0xe9a4, 0xe9a4, 0xe9a4, 0xe9a4, 
0xe9a4, 0xe9a4, 0xe9a4, 0xe9a4, 0xe9a4, 0xe9a4, 0xe9a4, 0xe9a4, 0xe9a4, 0xe9a4, 0xe9a4, 0xe9a4, 0xe9a4, 0xe9a4, 0xe9a4, 0xe9a4, 
0xe9a4, 0xe9a4, 0xe9a4, 0xe9a4, 0xe9a4, 0xe9a4, 0xe9a4, 0xe9a4, 0xe9a4, 0xe9a4, 0xe9a4, 0xe9a4, 0xe9a4, 0xe9a4, 0xe9a4, 0xe9a4, 
0xe9a4, 0xe9a4, 0xe9a4, 0xe9a4, 0xe9a4, 0xe9a4, 0xe9a4, 0xe9a4, 0xe9a4, 0xe9a4, 0xe9a4, 0xe9a4, 0xe9a4, 0xe9a4, 0xe9a4, 0xe9a4, 
0xe9a4, 0xe9a4, 0x9102, 0x0000, 0x0000, 0x0000, 0x0000, 0x0000, 0x0000, 0x0000, 0x0000, 0x0000, 0x0000, 0x0000, 0x0000, 0x0000, 
0x0000, 0x0000, 0x0000, 0x0020, 0xdedb, 0xffff, 0xffff, 0xef5d, 0x31a6, 0x0000, 0x0000, 0x0000, 0x0000, 0x0000, 0x0000, 0x0000, 
0x0000, 0x0000, 0x0000, 0x0000, 0x0000, 0x0000, 0x0020, 0x7bcf, 0xffff, 0xffff, 0xffff, 0x6b6d, 0x0000, 0x0000, 0x0000, 0x0000, 
0x0000, 0x0000, 0x0000, 0x0000, 0x0000, 0x0000, 0x0000, 0x0000, 0x0000, 0x0000, 0x0000, 0x0000, 0x0000, 0xc163, 0xe9a4, 0xe9a4, 
0xe9a4, 0xe9a4, 0xe9a4, 0xe9a4, 0xe9a4, 0xe9a4, 0xe9a4, 0xe9a4, 0xe9a4, 0xe9a4, 0xe9a4, 0xe9a4, 0xe9a4, 0xe9a4, 0xe9a4, 0xe9a4, 
0xe9a4, 0xe9a4, 0xe9a4, 0xe9a4, 0xe9a4, 0xe9a4, 0xe9a4, 0xe9a4, 0xe9a4, 0xe9a4, 0xe9a4, 0xe9a4, 0xe9a4, 0xe9a4, 0xe9a4, 0xe9a4, 
0xe9a4, 0xe9a4, 0xe9a4, 0xe9a4, 0xe9a4, 0xe9a4, 0xe9a4, 0xe9a4, 0xe9a4, 0xe9a4, 0xe9a4, 0xe9a4, 0xe9a4, 0xe9a4, 0xe9a4, 0xe9a4, 
0xe9a4, 0xe9a4, 0xe9a4, 0xe9a4, 0xe9a4, 0xe9a4, 0xe9a4, 0xe9a4, 0xe9a4, 0xe9a4, 0xe9a4, 0xe9a4, 0xe9a4, 0xe9a4, 0xe9a4, 0xe9a4, 
0xe9a4, 0xe9a4, 0xe9a4, 0xe9a4, 0xe9a4, 0xe9a4, 0xe9a4, 0xe9a4, 0xe9a4, 0xe9a4, 0xe9a4, 0xe9a4, 0xe9a4, 0xe9a4, 0xe9a4, 0xe9a4, 
0xe9a4, 0xe9a4, 0xe9a4, 0xe9a4, 0xe9a4, 0xe9a4, 0xe9a4, 0xe9a4, 0xe9a4, 0xe9a4, 0xe9a4, 0xe9a4, 0xe9a4, 0xe9a4, 0xe9a4, 0xe9a4, 
0xe9a4, 0xe9a4, 0xc143, 0x0000, 0x0000, 0x0000, 0x0000, 0x0000, 0x0000, 0x0000, 0x0000, 0x0000, 0x0000, 0x0000, 0x0000, 0x0000, 
0x0000, 0x0000, 0x0000, 0x0000, 0x6b4d, 0xffff, 0xffff, 0xffff, 0x7bef, 0x0020, 0x0000, 0x0000, 0x0000, 0x0000, 0x0000, 0x0000, 
0x0000, 0x0000, 0x0000, 0x0000, 0x0000, 0x0000, 0x10a2, 0xd6ba, 0xffff, 0xffff, 0xe73c, 0x18e3, 0x0000, 0x0000, 0x0000, 0x0000, 
0x0000, 0x0000, 0x0000, 0x0000, 0x0000, 0x0000, 0x0000, 0x0000, 0x0000, 0x0000, 0x0000, 0x0000, 0x0000, 0xd184, 0xe9a4, 0xe9a4, 
0xe9a4, 0xe9a4, 0xe9a4, 0xe9a4, 0xe9a4, 0xe9a4, 0xe9a4, 0xe9a4, 0xe9a4, 0xe9a4, 0xe9a4, 0xe9a4, 0xe9a4, 0xe9a4, 0xe9a4, 0xe9a4, 
0xe9a4, 0xe9a4, 0xe9a4, 0xe9a4, 0xe9a4, 0xe9a4, 0xe9a4, 0xe9a4, 0xe9a4, 0xe9a4, 0xe9a4, 0xe9a4, 0xe9a4, 0xe9a4, 0xe9a4, 0xe9a4, 
0xe9a4, 0xe9a4, 0xe9a4, 0xe9a4, 0xe9a4, 0xe9a4, 0xe9a4, 0xe9a4, 0xe9a4, 0xe9a4, 0xe9a4, 0xe9a4, 0xe9a4, 0xe9a4, 0xe9a4, 0xe9a4, 
0xe9a4, 0xe9a4, 0xe9a4, 0xe9a4, 0xe9a4, 0xe9a4, 0xe9a4, 0xe9a4, 0xe9a4, 0xe9a4, 0xe9a4, 0xe9a4, 0xe9a4, 0xe9a4, 0xe9a4, 0xe9a4, 
0xe9a4, 0xe9a4, 0xe9a4, 0xe9a4, 0xe9a4, 0xe9a4, 0xe9a4, 0xe9a4, 0xe9a4, 0xe9a4, 0xe9a4, 0xe9a4, 0xe9a4, 0xe9a4, 0xe9a4, 0xe9a4, 
0xe9a4, 0xe9a4, 0xe9a4, 0xe9a4, 0xe9a4, 0xe9a4, 0xe9a4, 0xe9a4, 0xe9a4, 0xe9a4, 0xe9a4, 0xe9a4, 0xe9a4, 0xe9a4, 0xe9a4, 0xe9a4, 
0xe9a4, 0xe9a4, 0xd184, 0x0000, 0x0000, 0x0000, 0x0000, 0x0000, 0x0000, 0x0000, 0x0000, 0x0000, 0x0000, 0x0000, 0x0000, 0x0000, 
0x0000, 0x0000, 0x0000, 0x0000, 0x18c3, 0xdefb, 0xffff, 0xffff, 0xdefb, 0x10a2, 0x0000, 0x0000, 0x0000, 0x0000, 0x0000, 0x0000, 
0x0000, 0x0000, 0x0000, 0x0000, 0x0000, 0x0000, 0x4a69, 0xffff, 0xffff, 0xffff, 0x8c51, 0x0000, 0x0000, 0x0000, 0x0000, 0x0000, 
0x0000, 0x0000, 0x0000, 0x0000, 0x0000, 0x0000, 0x0000, 0x0000, 0x0000, 0x0000, 0x0000, 0x0000, 0x1020, 0xd984, 0xe9a4, 0xe9a4, 
0xe9a4, 0xe9a4, 0xe9a4, 0xe9a4, 0xe9a4, 0xe9a4, 0xe9a4, 0xe9a4, 0xe9a4, 0xe9a4, 0xe9a4, 0xe9a4, 0xe9a4, 0xe9a4, 0xe9a4, 0xe9a4, 
0xe9a4, 0xe9a4, 0xe9a4, 0xe9a4, 0xe9a4, 0xe9a4, 0xe9a4, 0xe9a4, 0xe9a4, 0xe9a4, 0xe9a4, 0xe9a4, 0xe9a4, 0xe9a4, 0xe9a4, 0xe9a4, 
0xe9a4, 0xe9a4, 0xe9a4, 0xe9a4, 0xe9a4, 0xe9a4, 0xe9a4, 0xe9a4, 0xe9a4, 0xe9a4, 0xe9a4, 0xe9a4, 0xe9a4, 0xe9a4, 0xe9a4, 0xe9a4, 
0xe9a4, 0xe9a4, 0xe9a4, 0xe9a4, 0xe9a4, 0xe9a4, 0xe9a4, 0xe9a4, 0xe9a4, 0xe9a4, 0xe9a4, 0xe9a4, 0xe9a4, 0xe9a4, 0xe9a4, 0xe9a4, 
0xe9a4, 0xe9a4, 0xe9a4, 0xe9a4, 0xe9a4, 0xe9a4, 0xe9a4, 0xe9a4, 0xe9a4, 0xe9a4, 0xe9a4, 0xe9a4, 0xe9a4, 0xe9a4, 0xe9a4, 0xe9a4, 
0xe9a4, 0xe9a4, 0xe9a4, 0xe9a4, 0xe9a4, 0xe9a4, 0xe9a4, 0xe9a4, 0xe9a4, 0xe9a4, 0xe9a4, 0xe9a4, 0xe9a4, 0xe9a4, 0xe9a4, 0xe9a4, 
0xe9a4, 0xe9a4, 0xd984, 0x0800, 0x0000, 0x0000, 0x0000, 0x0000, 0x0000, 0x0000, 0x0000, 0x0000, 0x0000, 0x0000, 0x0000, 0x0000, 
0x0000, 0x0000, 0x0000, 0x0000, 0x0000, 0x8410, 0xffff, 0xffff, 0xffff, 0x52aa, 0x0000, 0x0000, 0x0000, 0x0000, 0x0000, 0x0000, 
0x0000, 0x0000, 0x0000, 0x0000, 0x0000, 0x0000, 0xb596, 0xffff, 0xffff, 0xffdf, 0x39c7, 0x0000, 0x0000, 0x0000, 0x0000, 0x0000, 
0x0000, 0x0000, 0x0000, 0x0000, 0x0000, 0x0000, 0x0000, 0x0000, 0x0000, 0x0000, 0x0000, 0x0000, 0x2020, 0xd984, 0xe9a4, 0xe9a4, 
0xe9a4, 0xe9a4, 0xe9a4, 0xe9a4, 0xe9a4, 0xe9a4, 0xe9a4, 0xe9a4, 0xe9a4, 0xe9a4, 0xe9a4, 0xe9a4, 0xe9a4, 0xe9a4, 0xe9a4, 0xe9a4, 
0xe9a4, 0xe9a4, 0xe9a4, 0xe9a4, 0xe9a4, 0xe9a4, 0xe9a4, 0xe9a4, 0xe9a4, 0xe9a4, 0xe9a4, 0xe9a4, 0xe9a4, 0xe9a4, 0xe9a4, 0xe9a4, 
0xe9a4, 0xe9a4, 0xe9a4, 0xe9a4, 0xe9a4, 0xe9a4, 0xe9a4, 0xe9a4, 0xe9a4, 0xe9a4, 0xe9a4, 0xe9a4, 0xe9a4, 0xe9a4, 0xe9a4, 0xe9a4, 
0xe9a4, 0xe9a4, 0xe9a4, 0xe9a4, 0xe9a4, 0xe9a4, 0xe9a4, 0xe9a4, 0xe9a4, 0xe9a4, 0xe9a4, 0xe9a4, 0xe9a4, 0xe9a4, 0xe9a4, 0xe9a4, 
0xe9a4, 0xe9a4, 0xe9a4, 0xe9a4, 0xe9a4, 0xe9a4, 0xe9a4, 0xe9a4, 0xe9a4, 0xe9a4, 0xe9a4, 0xe9a4, 0xe9a4, 0xe9a4, 0xe9a4, 0xe9a4, 
0xe9a4, 0xe9a4, 0xe9a4, 0xe9a4, 0xe9a4, 0xe9a4, 0xe9a4, 0xe9a4, 0xe9a4, 0xe9a4, 0xe9a4, 0xe9a4, 0xe9a4, 0xe9a4, 0xe9a4, 0xe9a4, 
0xe9a4, 0xe9a4, 0xd984, 0x1020, 0x0000, 0x0000, 0x0000, 0x0000, 0x0000, 0x0000, 0x0000, 0x0000, 0x0000, 0x0000, 0x0000, 0x0000, 
0x0000, 0x0000, 0x0000, 0x0000, 0x0000, 0x31a6, 0xf79e, 0xffff, 0xffff, 0xbdd7, 0x0000, 0x0000, 0x0000, 0x0000, 0x0000, 0x0000, 
0x0000, 0x0000, 0x0000, 0x0000, 0x0000, 0x18e3, 0xffdf, 0xffff, 0xffff, 0xb596, 0x10a2, 0x0000, 0x0000, 0x0000, 0x0000, 0x0000, 
0x0000, 0x0000, 0x0000, 0x0000, 0x0000, 0x0000, 0x0000, 0x0000, 0x0000, 0x0000, 0x0000, 0x0000, 0x1820, 0xd984, 0xe9a4, 0xe9a4, 
0xe9a4, 0xe9a4, 0xe9a4, 0xe9a4, 0xe9a4, 0xe9a4, 0xe9a4, 0xe9a4, 0xe9a4, 0xe9a4, 0xe9a4, 0xe9a4, 0xe9a4, 0xe9a4, 0xe9a4, 0xe9a4, 
0xe9a4, 0xe9a4, 0xe9a4, 0xe9a4, 0xe9a4, 0xe9a4, 0xe9a4, 0xe9a4, 0xe9a4, 0xe9a4, 0xe9a4, 0xe9a4, 0xe9a4, 0xe9a4, 0xe9a4, 0xe9a4, 
0xe9a4, 0xe9a4, 0xe9a4, 0xe9a4, 0xe9a4, 0xe9a4, 0xe9a4, 0xe9a4, 0xe9a4, 0xe9a4, 0xe983, 0xe984, 0xe9a4, 0xe9a4, 0xe9a4, 0xe9a4, 
0xe9a4, 0xe9a4, 0xe9a4, 0xe9a4, 0xe9a4, 0xe9a4, 0xe9a4, 0xe9a4, 0xe9a4, 0xe9a4, 0xe9a4, 0xe9a4, 0xe9a4, 0xe9a4, 0xe9a4, 0xe9a4, 
0xe9a4, 0xe9a4, 0xe9a4, 0xe9a4, 0xe9a4, 0xe9a4, 0xe9a4, 0xe9a4, 0xe9a4, 0xe9a4, 0xe9a4, 0xe9a4, 0xe9a4, 0xe9a4, 0xe9a4, 0xe9a4, 
0xe9a4, 0xe9a4, 0xe9a4, 0xe9a4, 0xe9a4, 0xe9a4, 0xe9a4, 0xe9a4, 0xe9a4, 0xe9a4, 0xe9a4, 0xe9a4, 0xe9a4, 0xe9a4, 0xe9a4, 0xe9a4, 
0xe9a4, 0xe9a4, 0xd984, 0x1000, 0x0000, 0x0000, 0x0000, 0x0000, 0x0000, 0x0000, 0x0000, 0x0000, 0x0000, 0x0000, 0x0000, 0x0000, 
0x0000, 0x0000, 0x0000, 0x0000, 0x0000, 0x1082, 0xad75, 0xffff, 0xffff, 0xffdf, 0x2104, 0x0000, 0x0000, 0x0000, 0x0000, 0x0000, 
0x0000, 0x0000, 0x0000, 0x0000, 0x0000, 0x6b6d, 0xffff, 0xffff, 0xffff, 0x6b6d, 0x0000, 0x0000, 0x0000, 0x0000, 0x0000, 0x0000, 
0x0000, 0x0000, 0x0000, 0x0000, 0x0000, 0x0000, 0x0000, 0x0000, 0x0000, 0x0000, 0x0000, 0x0000, 0x1020, 0xd984, 0xe9a4, 0xe9a4, 
0xe9a4, 0xe9a4, 0xe9a4, 0xe9a4, 0xe9a4, 0xe9a4, 0xe9a4, 0xe9a4, 0xe9a4, 0xe9a4, 0xe9a4, 0xe9a4, 0xe9a4, 0xe9a4, 0xe9a4, 0xe9a4, 
0xe9a4, 0xe9a4, 0xe9a4, 0xe9a4, 0xe9a4, 0xe9a4, 0xe9a4, 0xe9a4, 0xe9a4, 0xe9a4, 0xe9a4, 0xe9a4, 0xe9a4, 0xe9a4, 0xe9a4, 0xe9a4, 
0xe9a4, 0xe9a4, 0xe9a4, 0xe9a4, 0xe9a4, 0xe9a4, 0xe9a4, 0xe9a4, 0xe984, 0xea05, 0xf288, 0xea47, 0xe984, 0xe9a4, 0xe9a4, 0xe9a4, 
0xe9a4, 0xe9a4, 0xe9a4, 0xe9a4, 0xe9a4, 0xe9a4, 0xe9a4, 0xe9a4, 0xe9a4, 0xe9a4, 0xe9a4, 0xe9a4, 0xe9a4, 0xe9a4, 0xe9a4, 0xe9a4, 
0xe9a4, 0xe9a4, 0xe9a4, 0xe9a4, 0xe9a4, 0xe9a4, 0xe9a4, 0xe9a4, 0xe9a4, 0xe9a4, 0xe9a4, 0xe9a4, 0xe9a4, 0xe9a4, 0xe9a4, 0xe9a4, 
0xe9a4, 0xe9a4, 0xe9a4, 0xe9a4, 0xe9a4, 0xe9a4, 0xe9a4, 0xe9a4, 0xe9a4, 0xe9a4, 0xe9a4, 0xe9a4, 0xe9a4, 0xe9a4, 0xe9a4, 0xe9a4, 
0xe9a4, 0xe9a4, 0xd984, 0x0800, 0x0000, 0x0000, 0x0000, 0x0000, 0x0000, 0x0000, 0x0000, 0x0000, 0x0000, 0x0000, 0x0000, 0x0000, 
0x0000, 0x0000, 0x0000, 0x0000, 0x0000, 0x0000, 0x632c, 0xffff, 0xffff, 0xffff, 0x7bcf, 0x0000, 0x0000, 0x0000, 0x0000, 0x0000, 
0x0000, 0x0000, 0x0000, 0x0000, 0x0000, 0xc618, 0xffff, 0xffff, 0xe71c, 0x39c7, 0x0000, 0x0000, 0x0000, 0x0000, 0x0000, 0x0000, 
0x0000, 0x0000, 0x0000, 0x0000, 0x0000, 0x0000, 0x0000, 0x0000, 0x0000, 0x0000, 0x0000, 0x0000, 0x0000, 0xd184, 0xe9a4, 0xe9a4, 
0xe9a4, 0xe9a4, 0xe9a4, 0xe9a4, 0xe9a4, 0xe9a4, 0xe9a4, 0xe9a4, 0xe9a4, 0xe9a4, 0xe9a4, 0xe9a4, 0xe9a4, 0xe9a4, 0xe9a4, 0xe9a4, 
0xe9a4, 0xe9a4, 0xe9a4, 0xe9a4, 0xe9a4, 0xe9a4, 0xe9a4, 0xe9a4, 0xe9a4, 0xe9a4, 0xe9a4, 0xe9a4, 0xe9a4, 0xe9a4, 0xe9a4, 0xe9a4, 
0xe9a4, 0xe9a4, 0xe9a4, 0xe9a4, 0xe9a4, 0xe9a4, 0xe9a4, 0xe9a4, 0xea67, 0xfd95, 0xff3c, 0xfe58, 0xf32a, 0xe9a4, 0xe9a4, 0xe9a4, 
0xe9a4, 0xe9a4, 0xe9a4, 0xe9a4, 0xe9a4, 0xe9a4, 0xe9a4, 0xe9a4, 0xe9a4, 0xe9a4, 0xe9a4, 0xe9a4, 0xe9a4, 0xe9a4, 0xe9a4, 0xe9a4, 
0xe9a4, 0xe9a4, 0xe9a4, 0xe9a4, 0xe9a4, 0xe9a4, 0xe9a4, 0xe9a4, 0xe9a4, 0xe9a4, 0xe9a4, 0xe9a4, 0xe9a4, 0xe9a4, 0xe9a4, 0xe9a4, 
0xe9a4, 0xe9a4, 0xe9a4, 0xe9a4, 0xe9a4, 0xe9a4, 0xe9a4, 0xe9a4, 0xe9a4, 0xe9a4, 0xe9a4, 0xe9a4, 0xe9a4, 0xe9a4, 0xe9a4, 0xe9a4, 
0xe9a4, 0xe9a4, 0xd183, 0x0000, 0x0000, 0x0000, 0x0000, 0x0000, 0x0000, 0x0000, 0x0000, 0x0000, 0x0000, 0x0000, 0x0000, 0x0000, 
0x0000, 0x0000, 0x0000, 0x0000, 0x0000, 0x0000, 0x31a6, 0xdefb, 0xffff, 0xffff, 0xce59, 0x0000, 0x0000, 0x0000, 0x0000, 0x0000, 
0x0000, 0x0000, 0x0000, 0x0000, 0x2945, 0xef7d, 0xffff, 0xffff, 0xad75, 0x0861, 0x0000, 0x0000, 0x0000, 0x0000, 0x0000, 0x0000, 
0x0000, 0x0000, 0x0000, 0x0000, 0x0000, 0x0000, 0x0000, 0x0000, 0x0000, 0x0000, 0x0000, 0x0000, 0x0000, 0xb143, 0xe9a4, 0xe9a4, 
0xe9a4, 0xe9a4, 0xe9a4, 0xe9a4, 0xe9a4, 0xe9a4, 0xe9a4, 0xe9a4, 0xe9a4, 0xe9a4, 0xe9a4, 0xe9a4, 0xe9a4, 0xe9a4, 0xe9a4, 0xe9a4, 
0xe9a4, 0xe9a4, 0xe9a4, 0xe9a4, 0xe9a4, 0xe9a4, 0xe9a4, 0xe9a4, 0xe9a4, 0xe9a4, 0xe9a4, 0xe9a4, 0xe9a4, 0xe9a4, 0xe9a4, 0xe9a4, 
0xe9a4, 0xe9a4, 0xe9a4, 0xe9a4, 0xe9a4, 0xe9a4, 0xe9a4, 0xe9c5, 0xf513, 0xffff, 0xffff, 0xffff, 0xfefa, 0xe9c5, 0xe9a4, 0xe9a4, 
0xe9a4, 0xe9a4, 0xe9a4, 0xe9a4, 0xe9a4, 0xe9a4, 0xe9a4, 0xe9a4, 0xe9a4, 0xe9a4, 0xe9a4, 0xe9a4, 0xe9a4, 0xe9a4, 0xe9a4, 0xe9a4, 
0xe9a4, 0xe9a4, 0xe9a4, 0xe9a4, 0xe9a4, 0xe9a4, 0xe9a4, 0xe9a4, 0xe9a4, 0xe9a4, 0xe9a4, 0xe9a4, 0xe9a4, 0xe9a4, 0xe9a4, 0xe9a4, 
0xe9a4, 0xe9a4, 0xe9a4, 0xe9a4, 0xe9a4, 0xe9a4, 0xe9a4, 0xe9a4, 0xe9a4, 0xe9a4, 0xe9a4, 0xe9a4, 0xe9a4, 0xe9a4, 0xe9a4, 0xe9a4, 
0xe9a4, 0xe9a4, 0xb143, 0x0000, 0x0000, 0x0000, 0x0000, 0x0000, 0x0000, 0x0000, 0x0000, 0x0000, 0x0000, 0x0000, 0x0000, 0x0000, 
0x0000, 0x0000, 0x0000, 0x0000, 0x0000, 0x0000, 0x0841, 0xad55, 0xffff, 0xffff, 0xef7d, 0x3186, 0x0000, 0x0000, 0x0000, 0x0000, 
0x0000, 0x0000, 0x0000, 0x0000, 0x738e, 0xffdf, 0xffff, 0xffdf, 0x73ae, 0x0000, 0x0000, 0x0000, 0x0000, 0x0000, 0x0000, 0x0000, 
0x0000, 0x0000, 0x0000, 0x0000, 0x0000, 0x0000, 0x0000, 0x0000, 0x0000, 0x0000, 0x0000, 0x0000, 0x0000, 0x9102, 0xe9a4, 0xe9a4, 
0xe9a4, 0xe9a4, 0xe9a4, 0xe9a4, 0xe9a4, 0xe9a4, 0xe9a4, 0xe9a4, 0xe9a4, 0xe9a4, 0xe9a4, 0xe9a4, 0xe9a4, 0xe9a4, 0xe9a4, 0xe9a4, 
0xe9a4, 0xe9a4, 0xe9a4, 0xe9a4, 0xe9a4, 0xe9a4, 0xe9a4, 0xe9a4, 0xe9a4, 0xe9a4, 0xe9a4, 0xe9a4, 0xe9a4, 0xe9a4, 0xe9a4, 0xe9a4, 
0xe9a4, 0xe9a4, 0xe9a4, 0xe9a4, 0xe9a4, 0xe9a4, 0xe9a4, 0xea26, 0xfefb, 0xffff, 0xffff, 0xffff, 0xffff, 0xea88, 0xe9a4, 0xe9a4, 
0xe9a4, 0xe9a4, 0xe9a4, 0xe9a4, 0xe9a4, 0xe9a4, 0xe9a4, 0xe9a4, 0xe9a4, 0xe9a4, 0xe9a4, 0xe9a4, 0xe9a4, 0xe9a4, 0xe9a4, 0xe9a4, 
0xe9a4, 0xe9a4, 0xe9a4, 0xe9a4, 0xe9a4, 0xe9a4, 0xe9a4, 0xe9a4, 0xe9a4, 0xe9a4, 0xe9a4, 0xe9a4, 0xe9a4, 0xe9a4, 0xe9a4, 0xe9a4, 
0xe9a4, 0xe9a4, 0xe9a4, 0xe9a4, 0xe9a4, 0xe9a4, 0xe9a4, 0xe9a4, 0xe9a4, 0xe9a4, 0xe9a4, 0xe9a4, 0xe9a4, 0xe9a4, 0xe9a4, 0xe9a4, 
0xe9a4, 0xe9a4, 0x9102, 0x0000, 0x0000, 0x0000, 0x0000, 0x0000, 0x0000, 0x0000, 0x0000, 0x0000, 0x0000, 0x0000, 0x0000, 0x0000, 
0x0000, 0x0000, 0x0000, 0x0000, 0x0000, 0x0000, 0x0000, 0x6b6d, 0xffdf, 0xffff, 0xffdf, 0x7bcf, 0x0000, 0x0000, 0x0000, 0x0000, 
0x0000, 0x0000, 0x0000, 0x0000, 0xb596, 0xffff, 0xffff, 0xe71c, 0x39e7, 0x0000, 0x0000, 0x0000, 0x0000, 0x0000, 0x0000, 0x0000, 
0x0000, 0x0000, 0x0000, 0x0000, 0x0000, 0x0000, 0x0000, 0x0000, 0x0000, 0x0000, 0x0000, 0x0000, 0x0000, 0x60a1, 0xe9a4, 0xe9a4, 
0xe9a4, 0xe9a4, 0xe9a4, 0xe9a4, 0xe9a4, 0xe9a4, 0xe9a4, 0xe9a4, 0xe9a4, 0xe9a4, 0xe9a4, 0xe9a4, 0xe9a4, 0xe9a4, 0xe9a4, 0xe9a4, 
0xe9a4, 0xe9a4, 0xe9a4, 0xe9a4, 0xe9a4, 0xe9a4, 0xe9a4, 0xe9a4, 0xe9a4, 0xe9a4, 0xe9a4, 0xe9a4, 0xe9a4, 0xe9a4, 0xe9a4, 0xe9a4, 
0xe9a4, 0xe9a4, 0xe9a4, 0xe9a4, 0xe9a4, 0xe9a4, 0xe9a4, 0xf2a8, 0xffff, 0xffff, 0xffff, 0xffff, 0xffff, 0xf34b, 0xe9a4, 0xe9a4, 
0xe9a4, 0xe9a4, 0xe9a4, 0xe9a4, 0xe9a4, 0xe9a4, 0xe9a4, 0xe9a4, 0xe9a4, 0xe9a4, 0xe9a4, 0xe9a4, 0xe9a4, 0xe9a4, 0xe9a4, 0xe9a4, 
0xe9a4, 0xe9a4, 0xe9a4, 0xe9a4, 0xe9a4, 0xe9a4, 0xe9a4, 0xe9a4, 0xe9a4, 0xe9a4, 0xe9a4, 0xe9a4, 0xe9a4, 0xe9a4, 0xe9a4, 0xe9a4, 
0xe9a4, 0xe9a4, 0xe9a4, 0xe9a4, 0xe9a4, 0xe9a4, 0xe9a4, 0xe9a4, 0xe9a4, 0xe9a4, 0xe9a4, 0xe9a4, 0xe9a4, 0xe9a4, 0xe9a4, 0xe9a4, 
0xe9a4, 0xe9a4, 0x60a1, 0x0000, 0x0000, 0x0000, 0x0000, 0x0000, 0x0000, 0x0000, 0x0000, 0x0000, 0x0000, 0x0000, 0x0000, 0x0000, 
0x0000, 0x0000, 0x0000, 0x0000, 0x0000, 0x0000, 0x0000, 0x31a6, 0xdefb, 0xffff, 0xffff, 0xb5b6, 0x0000, 0x0000, 0x0000, 0x0000, 
0x0000, 0x0000, 0x0000, 0x18e3, 0xd6ba, 0xffff, 0xffff, 0xc638, 0x0841, 0x0000, 0x0000, 0x0000, 0x0000, 0x0000, 0x0000, 0x0000, 
0x0000, 0x0000, 0x0000, 0x0000, 0x0000, 0x0000, 0x0000, 0x0000, 0x0000, 0x0000, 0x0000, 0x0000, 0x0000, 0x3040, 0xe9a4, 0xe9a4, 
0xe9a4, 0xe9a4, 0xe9a4, 0xe9a4, 0xe9a4, 0xe9a4, 0xe9a4, 0xe9a4, 0xe9a4, 0xe9a4, 0xe9a4, 0xe9a4, 0xe9a4, 0xe9a4, 0xe9a4, 0xe9a4, 
0xe9a4, 0xe9a4, 0xe9a4, 0xe9a4, 0xe9a4, 0xe9a4, 0xe9a4, 0xe9a4, 0xe9a4, 0xe9a4, 0xe9a4, 0xe9a4, 0xe9a4, 0xe9a4, 0xe9a4, 0xe9a4, 
0xe9a4, 0xe9a4, 0xe9a4, 0xe9a4, 0xe9a4, 0xe9a4, 0xe9a4, 0xf40e, 0xffff, 0xffff, 0xffff, 0xffff, 0xffff, 0xf40e, 0xe9a4, 0xe9a4, 
0xe9a4, 0xe9a4, 0xe9a4, 0xe9a4, 0xe9a4, 0xe9a4, 0xe9a4, 0xe9a4, 0xe9a4, 0xe9a4, 0xe9a4, 0xe9a4, 0xe9a4, 0xe9a4, 0xe9a4, 0xe9a4, 
0xe9a4, 0xe9a4, 0xe9a4, 0xe9a4, 0xe9a4, 0xe9a4, 0xe9a4, 0xe9a4, 0xe9a4, 0xe9a4, 0xe9a4, 0xe9a4, 0xe9a4, 0xe9a4, 0xe9a4, 0xe9a4, 
0xe9a4, 0xe9a4, 0xe9a4, 0xe9a4, 0xe9a4, 0xe9a4, 0xe9a4, 0xe9a4, 0xe9a4, 0xe9a4, 0xe9a4, 0xe9a4, 0xe9a4, 0xe9a4, 0xe9a4, 0xe9a4, 
0xe9a4, 0xe9a4, 0x2840, 0x0000, 0x0000, 0x0000, 0x0000, 0x0000, 0x0000, 0x0000, 0x0000, 0x0000, 0x0000, 0x0000, 0x0000, 0x0000, 
0x0000, 0x0000, 0x0000, 0x0000, 0x0000, 0x0000, 0x0000, 0x0020, 0xc618, 0xffff, 0xffff, 0xd6ba, 0x2124, 0x0000, 0x0000, 0x0000, 
0x0000, 0x0000, 0x0000, 0x528a, 0xef7d, 0xffff, 0xffff, 0x9cd3, 0x0000, 0x0000, 0x0000, 0x0000, 0x0000, 0x0000, 0x0000, 0x0000, 
0x0000, 0x0000, 0x0000, 0x0000, 0x0000, 0x0000, 0x0000, 0x0000, 0x0000, 0x0000, 0x0000, 0x0000, 0x0000, 0x0800, 0xd984, 0xe9a4, 
0xe9a4, 0xe9a4, 0xe9a4, 0xe9a4, 0xe9a4, 0xe9a4, 0xe9a4, 0xe9a4, 0xe9a4, 0xe9a4, 0xe9a4, 0xe9a4, 0xe9a4, 0xe9a4, 0xe9a4, 0xe9a4, 
0xe9a4, 0xe9a4, 0xe9a4, 0xe9a4, 0xe9a4, 0xe9a4, 0xe9a4, 0xe9a4, 0xe9a4, 0xe9a4, 0xe9a4, 0xe9a4, 0xe9a4, 0xe9a4, 0xe9a4, 0xe9a4, 
0xe9a4, 0xe9a4, 0xe9a4, 0xe9a4, 0xe9a4, 0xe9a4, 0xe9a4, 0xfd95, 0xffff, 0xffff, 0xffff, 0xffff, 0xffff, 0xf4d1, 0xe984, 0xe9a4, 
0xe9a4, 0xe9a4, 0xe9a4, 0xe9a4, 0xe9a4, 0xe9a4, 0xe9a4, 0xe9a4, 0xe9a4, 0xe9a4, 0xe9a4, 0xe9a4, 0xe9a4, 0xe9a4, 0xe9a4, 0xe9a4, 
0xe9a4, 0xe9a4, 0xe9a4, 0xe9a4, 0xe9a4, 0xe9a4, 0xe9a4, 0xe9a4, 0xe9a4, 0xe9a4, 0xe9a4, 0xe9a4, 0xe9a4, 0xe9a4, 0xe9a4, 0xe9a4, 
0xe9a4, 0xe9a4, 0xe9a4, 0xe9a4, 0xe9a4, 0xe9a4, 0xe9a4, 0xe9a4, 0xe9a4, 0xe9a4, 0xe9a4, 0xe9a4, 0xe9a4, 0xe9a4, 0xe9a4, 0xe9a4, 
0xe9a4, 0xd984, 0x0800, 0x0000, 0x0000, 0x0000, 0x0000, 0x0000, 0x0000, 0x0000, 0x0000, 0x0000, 0x0000, 0x0000, 0x0000, 0x0000, 
0x0000, 0x0000, 0x0000, 0x0000, 0x0000, 0x0000, 0x0000, 0x0000, 0x9492, 0xffff, 0xffff, 0xf79e, 0x5acb, 0x0000, 0x0000, 0x0000, 
0x0000, 0x0000, 0x0000, 0x8410, 0xffff, 0xffff, 0xf79e, 0x5acb, 0x0000, 0x0000, 0x0000, 0x0000, 0x0000, 0x0000, 0x0000, 0x0000, 
0x0000, 0x0000, 0x0000, 0x0000, 0x0000, 0x0000, 0x0000, 0x0000, 0x0000, 0x0000, 0x0000, 0x0000, 0x0000, 0x0000, 0x9902, 0xf1a4, 
0xe9a4, 0xe9a4, 0xe9a4, 0xe9a4, 0xe9a4, 0xe9a4, 0xe9a4, 0xe9a4, 0xe9a4, 0xe9a4, 0xe9a4, 0xe9a4, 0xe9a4, 0xe9a4, 0xe9a4, 0xe9a4, 
0xe9a4, 0xe9a4, 0xe9a4, 0xe9a4, 0xe9a4, 0xe9a4, 0xe9a4, 0xe9a4, 0xe9a4, 0xe9a4, 0xe9a4, 0xe9a4, 0xe9a4, 0xe9a4, 0xe9a4, 0xe9a4, 
0xe9a4, 0xe9a4, 0xe9a4, 0xe9a4, 0xe9a4, 0xe9a4, 0xe9c4, 0xff1c, 0xffff, 0xffff, 0xffff, 0xffff, 0xffff, 0xfd95, 0xe984, 0xe9a4, 
0xe9a4, 0xe9a4, 0xe9a4, 0xe9a4, 0xe9a4, 0xe9a4, 0xe9a4, 0xe9a4, 0xe9a4, 0xe9a4, 0xe9a4, 0xe9a4, 0xe9a4, 0xe9a4, 0xe9a4, 0xe9a4, 
0xe9a4, 0xe9a4, 0xe9a4, 0xe9a4, 0xe9a4, 0xe9a4, 0xe9a4, 0xe9a4, 0xe9a4, 0xe9a4, 0xe9a4, 0xe9a4, 0xe9a4, 0xe9a4, 0xe9a4, 0xe9a4, 
0xe9a4, 0xe9a4, 0xe9a4, 0xe9a4, 0xe9a4, 0xe9a4, 0xe9a4, 0xe9a4, 0xe9a4, 0xe9a4, 0xe9a4, 0xe9a4, 0xe9a4, 0xe9a4, 0xe9a4, 0xe9a4, 
0xf1a4, 0x9902, 0x0000, 0x0000, 0x0000, 0x0000, 0x0000, 0x0000, 0x0000, 0x0000, 0x0000, 0x0000, 0x0000, 0x0000, 0x0000, 0x0000, 
0x0000, 0x0000, 0x0000, 0x0000, 0x0000, 0x0000, 0x0000, 0x0000, 0x528a, 0xf79e, 0xffff, 0xffff, 0x8430, 0x0000, 0x0000, 0x0000, 
0x0000, 0x0000, 0x0020, 0xa534, 0xffff, 0xffff, 0xef5d, 0x2104, 0x0000, 0x0000, 0x0000, 0x0000, 0x0000, 0x0000, 0x0000, 0x0000, 
0x0000, 0x0000, 0x0000, 0x0000, 0x0000, 0x0000, 0x0000, 0x0000, 0x0000, 0x0000, 0x0000, 0x0000, 0x0000, 0x0000, 0x5081, 0xf1c4, 
0xe9a4, 0xe9a4, 0xe9a4, 0xe9a4, 0xe9a4, 0xe9a4, 0xe9a4, 0xe9a4, 0xe9a4, 0xe9a4, 0xe9a4, 0xe9a4, 0xe9a4, 0xe9a4, 0xe9a4, 0xe9a4, 
0xe9a4, 0xe9a4, 0xe9a4, 0xe9a4, 0xe9a4, 0xe9a4, 0xe9a4, 0xe9a4, 0xe9a4, 0xe9a4, 0xe9a4, 0xe9a4, 0xe9a4, 0xe9a4, 0xe9a4, 0xe9a4, 
0xe9a4, 0xe9a4, 0xe9a4, 0xe9a4, 0xe9a4, 0xe9a4, 0xeaa8, 0xffdf, 0xffff, 0xffff, 0xffff, 0xffff, 0xffff, 0xfe58, 0xe983, 0xe9a4, 
0xe9a4, 0xe9a4, 0xe9a4, 0xe9a4, 0xe9a4, 0xe9a4, 0xe9a4, 0xe9a4, 0xe9a4, 0xe9a4, 0xe9a4, 0xe9a4, 0xe9a4, 0xe9a4, 0xe9a4, 0xe9a4, 
0xe9a4, 0xe9a4, 0xe9a4, 0xe9a4, 0xe9a4, 0xe9a4, 0xe9a4, 0xe9a4, 0xe9a4, 0xe9a4, 0xe9a4, 0xe9a4, 0xe9a4, 0xe9a4, 0xe9a4, 0xe9a4, 
0xe9a4, 0xe9a4, 0xe9a4, 0xe9a4, 0xe9a4, 0xe9a4, 0xe9a4, 0xe9a4, 0xe9a4, 0xe9a4, 0xe9a4, 0xe9a4, 0xe9a4, 0xe9a4, 0xe9a4, 0xe9a4, 
0xf1c4, 0x4881, 0x0000, 0x0000, 0x0000, 0x0000, 0x0000, 0x0000, 0x0000, 0x0000, 0x0000, 0x0000, 0x0000, 0x0000, 0x0000, 0x0000, 
0x0000, 0x0000, 0x0000, 0x0000, 0x0000, 0x0000, 0x0000, 0x0000, 0x18c3, 0xe73c, 0xffff, 0xffff, 0xad75, 0x0841, 0x0000, 0x0000, 
0x0000, 0x0000, 0x2104, 0xce59, 0xffff, 0xffff, 0xd69a, 0x0000, 0x0000, 0x0000, 0x0000, 0x0000, 0x0000, 0x0000, 0x0000, 0x0000, 
0x0000, 0x0000, 0x0000, 0x0000, 0x0000, 0x0000, 0x0000, 0x0000, 0x0000, 0x0000, 0x0000, 0x0000, 0x0000, 0x0000, 0x2020, 0xd984, 
0xf1a4, 0xe9a4, 0xe9a4, 0xe9a4, 0xe9a4, 0xe9a4, 0xe9a4, 0xe9a4, 0xe9a4, 0xe9a4, 0xe9a4, 0xe9a4, 0xe9a4, 0xe9a4, 0xe9a4, 0xe9a4, 
0xe9a4, 0xe9a4, 0xe9a4, 0xe9a4, 0xe9a4, 0xe9a4, 0xe9a4, 0xe9a4, 0xe9a4, 0xe9a4, 0xe9a4, 0xe9a4, 0xe9a4, 0xe9a4, 0xe9a4, 0xe9a4, 
0xe9a4, 0xe9a4, 0xe9a4, 0xe9a4, 0xe9a4, 0xe984, 0xf42f, 0xffff, 0xffff, 0xffff, 0xffff, 0xffff, 0xffff, 0xfefb, 0xe983, 0xe9a4, 
0xe9a4, 0xe9a4, 0xe9a4, 0xe9a4, 0xe9a4, 0xe9a4, 0xe9a4, 0xe9a4, 0xe9a4, 0xe9a4, 0xe9a4, 0xe9a4, 0xe9a4, 0xe9a4, 0xe9a4, 0xe9a4, 
0xe9a4, 0xe9a4, 0xe9a4, 0xe9a4, 0xe9a4, 0xe9a4, 0xe9a4, 0xe9a4, 0xe9a4, 0xe9a4, 0xe9a4, 0xe9a4, 0xe9a4, 0xe9a4, 0xe9a4, 0xe9a4, 
0xe9a4, 0xe9a4, 0xe9a4, 0xe9a4, 0xe9a4, 0xe9a4, 0xe9a4, 0xe9a4, 0xe9a4, 0xe9a4, 0xe9a4, 0xe9a4, 0xe9a4, 0xe9a4, 0xe9a4, 0xf1a4, 
0xd184, 0x1820, 0x0000, 0x0000, 0x0000, 0x0000, 0x0000, 0x0000, 0x0000, 0x0000, 0x0000, 0x0000, 0x0000, 0x0000, 0x0000, 0x0000, 
0x0000, 0x0000, 0x0000, 0x0000, 0x0000, 0x0000, 0x0000, 0x0000, 0x0000, 0xce59, 0xffff, 0xffff, 0xce79, 0x2124, 0x0000, 0x0000, 
0x0000, 0x0000, 0x4208, 0xe73c, 0xffff, 0xffff, 0x9cd3, 0x0000, 0x0000, 0x0000, 0x0000, 0x0000, 0x0000, 0x0000, 0x0000, 0x0000, 
0x0000, 0x0000, 0x0000, 0x0000, 0x0000, 0x0000, 0x0000, 0x0000, 0x0000, 0x0000, 0x0000, 0x0000, 0x0000, 0x0000, 0x0800, 0x9102, 
0xf1c4, 0xe9a4, 0xe9a4, 0xe9a4, 0xe9a4, 0xe9a4, 0xe9a4, 0xe9a4, 0xe9a4, 0xe9a4, 0xe9a4, 0xe9a4, 0xe9a4, 0xe9a4, 0xe9a4, 0xe9a4, 
0xe9a4, 0xe9a4, 0xe9a4, 0xe9a4, 0xe9a4, 0xe9a4, 0xe9a4, 0xe9a4, 0xe9a4, 0xe9a4, 0xe9a4, 0xe9a4, 0xe9a4, 0xe9a4, 0xe9a4, 0xe9a4, 
0xe9a4, 0xe9a4, 0xe9a4, 0xe9a4, 0xe9a4, 0xe983, 0xfdb6, 0xffff, 0xffff, 0xffff, 0xffff, 0xffff, 0xffff, 0xff5d, 0xe9e5, 0xe9a4, 
0xe9a4, 0xe9a4, 0xe9a4, 0xe9a4, 0xe9a4, 0xe9a4, 0xe9a4, 0xe9a4, 0xe9a4, 0xe9a4, 0xe9a4, 0xe9a4, 0xe9a4, 0xe9a4, 0xe9a4, 0xe9a4, 
0xe9a4, 0xe9a4, 0xe9a4, 0xe9a4, 0xe9a4, 0xe9a4, 0xe9a4, 0xe9a4, 0xe9a4, 0xe9a4, 0xe9a4, 0xe9a4, 0xe9a4, 0xe9a4, 0xe9a4, 0xe9a4, 
0xe9a4, 0xe9a4, 0xe9a4, 0xe9a4, 0xe9a4, 0xe9a4, 0xe9a4, 0xe9a4, 0xe9a4, 0xe9a4, 0xe9a4, 0xe9a4, 0xe9a4, 0xe9a4, 0xe9a4, 0xf1c4, 
0x9102, 0x0800, 0x0000, 0x0000, 0x0000, 0x0000, 0x0000, 0x0000, 0x0000, 0x0000, 0x0000, 0x0000, 0x0000, 0x0000, 0x0000, 0x0000, 
0x0000, 0x0000, 0x0000, 0x0000, 0x0000, 0x0000, 0x0000, 0x0000, 0x0000, 0x9492, 0xffff, 0xffff, 0xef5d, 0x4228, 0x0000, 0x0000, 
0x0000, 0x0000, 0x5acb, 0xffff, 0xffff, 0xffff, 0x6b4d, 0x0000, 0x0000, 0x0000, 0x0000, 0x0000, 0x0000, 0x0000, 0x0000, 0x0000, 
0x0000, 0x0000, 0x0000, 0x0000, 0x0000, 0x0000, 0x0000, 0x0000, 0x0000, 0x0000, 0x0000, 0x0000, 0x0000, 0x0000, 0x0000, 0x4881, 
0xe9a4, 0xe9a4, 0xe9a4, 0xe9a4, 0xe9a4, 0xe9a4, 0xe9a4, 0xe9a4, 0xe9a4, 0xe9a4, 0xe9a4, 0xe9a4, 0xe9a4, 0xe9a4, 0xe9a4, 0xe9a4, 
0xe9a4, 0xe9a4, 0xe9a4, 0xe9a4, 0xe9a4, 0xe9a4, 0xe9a4, 0xe9a4, 0xe9a4, 0xe9a4, 0xe9a4, 0xe9a4, 0xe9a4, 0xe9a4, 0xe9a4, 0xe9a4, 
0xe9a4, 0xe9a4, 0xe9a4, 0xe9a4, 0xe9a4, 0xe9a4, 0xfefb, 0xffff, 0xffff, 0xffff, 0xffff, 0xffff, 0xffff, 0xff7d, 0xf2a8, 0xe984, 
0xe9a4, 0xe9a4, 0xe9a4, 0xe9a4, 0xe9a4, 0xe9a4, 0xe9a4, 0xe9a4, 0xe9a4, 0xe9a4, 0xe9a4, 0xe9a4, 0xe9a4, 0xe9a4, 0xe9a4, 0xe9a4, 
0xe9a4, 0xe9a4, 0xe9a4, 0xe9a4, 0xe9a4, 0xe9a4, 0xe9a4, 0xe9a4, 0xe9a4, 0xe9a4, 0xe9a4, 0xe9a4, 0xe9a4, 0xe9a4, 0xe9a4, 0xe9a4, 
0xe9a4, 0xe9a4, 0xe9a4, 0xe9a4, 0xe9a4, 0xe9a4, 0xe9a4, 0xe9a4, 0xe9a4, 0xe9a4, 0xe9a4, 0xe9a4, 0xe9a4, 0xe9a4, 0xe9a4, 0xe9a4, 
0x4881, 0x0000, 0x0000, 0x0000, 0x0000, 0x0000, 0x0000, 0x0000, 0x0000, 0x0000, 0x0000, 0x0000, 0x0000, 0x0000, 0x0000, 0x0000, 
0x0000, 0x0000, 0x0000, 0x0000, 0x0000, 0x0000, 0x0000, 0x0000, 0x0000, 0x630c, 0xffff, 0xffff, 0xffff, 0x630c, 0x0000, 0x0000, 
0x0000, 0x0000, 0x73ae, 0xffff, 0xffff, 0xffdf, 0x39c7, 0x0000, 0x0000, 0x0000, 0x0000, 0x0000, 0x0000, 0x0000, 0x0000, 0x0000, 
0x0000, 0x0000, 0x0000, 0x0000, 0x0000, 0x0000, 0x0000, 0x0000, 0x0000, 0x0000, 0x0000, 0x0000, 0x0000, 0x0000, 0x0000, 0x1820, 
0xb143, 0xf1c4, 0xe9a4, 0xe9a4, 0xe9a4, 0xe9a4, 0xe9a4, 0xe9a4, 0xe9a4, 0xe9a4, 0xe9a4, 0xe9a4, 0xe9a4, 0xe9a4, 0xe9a4, 0xe9a4, 
0xe9a4, 0xe9a4, 0xe9a4, 0xe9a4, 0xe9a4, 0xe9a4, 0xe9a4, 0xe9a4, 0xe9a4, 0xe9a4, 0xe9a4, 0xe9a4, 0xe9a4, 0xe9a4, 0xe9a4, 0xe9a4, 
0xe9a4, 0xe9a4, 0xe9a4, 0xe9a4, 0xe984, 0xf2e9, 0xff7d, 0xffff, 0xffff, 0xffff, 0xffff, 0xffff, 0xffff, 0xff9e, 0xf34b, 0xe984, 
0xe9a4, 0xe9a4, 0xe9a4, 0xe9a4, 0xe9a4, 0xe9a4, 0xe9a4, 0xe9a4, 0xe9a4, 0xe9a4, 0xe9a4, 0xe9a4, 0xe9a4, 0xe9a4, 0xe9a4, 0xe9a4, 
0xe9a4, 0xe9a4, 0xe9a4, 0xe9a4, 0xe9a4, 0xe9a4, 0xe9a4, 0xe9a4, 0xe9a4, 0xe9a4, 0xe9a4, 0xe9a4, 0xe9a4, 0xe9a4, 0xe9a4, 0xe9a4, 
0xe9a4, 0xe9a4, 0xe9a4, 0xe9a4, 0xe9a4, 0xe9a4, 0xe9a4, 0xe9a4, 0xe9a4, 0xe9a4, 0xe9a4, 0xe9a4, 0xe9a4, 0xe9a4, 0xf1c4, 0xb143, 
0x1820, 0x0000, 0x0000, 0x0000, 0x0000, 0x0000, 0x0000, 0x0000, 0x0000, 0x0000, 0x0000, 0x0000, 0x0000, 0x0000, 0x0000, 0x0000, 
0x0000, 0x0000, 0x0000, 0x0000, 0x0000, 0x0000, 0x0000, 0x0000, 0x0000, 0x3186, 0xffdf, 0xffff, 0xffff, 0x7bef, 0x0000, 0x0000, 
0x0000, 0x0841, 0x9cd3, 0xffff, 0xffff, 0xf7be, 0x1082, 0x0000, 0x0000, 0x0000, 0x0000, 0x0000, 0x0000, 0x0000, 0x0000, 0x0000, 
0x0000, 0x0000, 0x0000, 0x0000, 0x0000, 0x0000, 0x0000, 0x0000, 0x0000, 0x0000, 0x0000, 0x0000, 0x0000, 0x0000, 0x0000, 0x0000, 
0x70c2, 0xf1a4, 0xe9a4, 0xe9a4, 0xe9a4, 0xe9a4, 0xe9a4, 0xe9a4, 0xe9a4, 0xe9a4, 0xe9a4, 0xe9a4, 0xe9a4, 0xe9a4, 0xe9a4, 0xe9a4, 
0xe9a4, 0xe9a4, 0xe9a4, 0xe9a4, 0xe9a4, 0xe9a4, 0xe9a4, 0xe9a4, 0xe9a4, 0xe9a4, 0xe9a4, 0xe9a4, 0xe9a4, 0xe9a4, 0xe9a4, 0xe9a4, 
0xe9a4, 0xe9a4, 0xe9a4, 0xe9a4, 0xe963, 0xf44f, 0xffdf, 0xffff, 0xffff, 0xffff, 0xffff, 0xffff, 0xffff, 0xffbe, 0xf40e, 0xe983, 
0xe9a4, 0xe9a4, 0xe9a4, 0xe9a4, 0xe9a4, 0xe9a4, 0xe9a4, 0xe9a4, 0xe9a4, 0xe9a4, 0xe9a4, 0xe9a4, 0xe9a4, 0xe9a4, 0xe9a4, 0xe9a4, 
0xe9a4, 0xe9a4, 0xe9a4, 0xe9a4, 0xe9a4, 0xe9a4, 0xe9a4, 0xe9a4, 0xe9a4, 0xe9a4, 0xe9a4, 0xe9a4, 0xe9a4, 0xe9a4, 0xe9a4, 0xe9a4, 
0xe9a4, 0xe9a4, 0xe9a4, 0xe9a4, 0xe9a4, 0xe9a4, 0xe9a4, 0xe9a4, 0xe9a4, 0xe9a4, 0xe9a4, 0xe9a4, 0xe9a4, 0xe9a4, 0xf1a4, 0x68c2, 
0x0000, 0x0000, 0x0000, 0x0000, 0x0000, 0x0000, 0x0000, 0x0000, 0x0000, 0x0000, 0x0000, 0x0000, 0x0000, 0x0000, 0x0000, 0x0000, 
0x0000, 0x0000, 0x0000, 0x0000, 0x0000, 0x0000, 0x0000, 0x0000, 0x0000, 0x0861, 0xf79e, 0xffff, 0xffff, 0x9cf3, 0x0841, 0x0000, 
0x0000, 0x10a2, 0xb5b6, 0xffff, 0xffff, 0xd6ba, 0x0000, 0x0000, 0x0000, 0x0000, 0x0000, 0x0000, 0x0000, 0x0000, 0x0000, 0x0000, 
0x0000, 0x0000, 0x0000, 0x0000, 0x0000, 0x0000, 0x0000, 0x0000, 0x0000, 0x0000, 0x0000, 0x0000, 0x0000, 0x0000, 0x0000, 0x0000, 
0x2040, 0xc163, 0xf1c4, 0xe9a4, 0xe9a4, 0xe9a4, 0xe9a4, 0xe9a4, 0xe9a4, 0xe9a4, 0xe9a4, 0xe9a4, 0xe9a4, 0xe9a4, 0xe9a4, 0xe9a4, 
0xe9a4, 0xe9a4, 0xe9a4, 0xe9a4, 0xe9a4, 0xe9a4, 0xe9a4, 0xe9a4, 0xe9a4, 0xe9a4, 0xe9a4, 0xe9a4, 0xe9a4, 0xe9a4, 0xe9a4, 0xe9a4, 
0xe9a4, 0xe9a4, 0xe9a4, 0xe9a4, 0xe943, 0xfdb5, 0xffff, 0xffff, 0xffff, 0xffff, 0xffff, 0xffff, 0xffff, 0xffdf, 0xf4b1, 0xe963, 
0xe9a4, 0xe9a4, 0xe9a4, 0xe9a4, 0xe9a4, 0xe9a4, 0xe9a4, 0xe9a4, 0xe9a4, 0xe9a4, 0xe9a4, 0xe9a4, 0xe9a4, 0xe9a4, 0xe9a4, 0xe9a4, 
0xe9a4, 0xe9a4, 0xe9a4, 0xe9a4, 0xe9a4, 0xe9a4, 0xe9a4, 0xe9a4, 0xe9a4, 0xe9a4, 0xe9a4, 0xe9a4, 0xe9a4, 0xe9a4, 0xe9a4, 0xe9a4, 
0xe9a4, 0xe9a4, 0xe9a4, 0xe9a4, 0xe9a4, 0xe9a4, 0xe9a4, 0xe9a4, 0xe9a4, 0xe9a4, 0xe9a4, 0xe9a4, 0xe9a4, 0xf1c4, 0xc163, 0x2040, 
0x0000, 0x0000, 0x0000, 0x0000, 0x0000, 0x0000, 0x0000, 0x0000, 0x0000, 0x0000, 0x0000, 0x0000, 0x0000, 0x0000, 0x0000, 0x0000, 
0x0000, 0x0000, 0x0000, 0x0000, 0x0000, 0x0000, 0x0000, 0x0000, 0x0000, 0x0000, 0xce79, 0xffff, 0xffff, 0xbdf7, 0x18c3, 0x0000, 
0x0000, 0x2104, 0xce79, 0xffff, 0xffff, 0xb596, 0x0000, 0x0000, 0x0000, 0x0000, 0x0000, 0x0000, 0x0000, 0x0000, 0x0000, 0x0000, 
0x0000, 0x0000, 0x0000, 0x0000, 0x0000, 0x0000, 0x0000, 0x0000, 0x0000, 0x0000, 0x0000, 0x0000, 0x0000, 0x0000, 0x0000, 0x0000, 
0x0000, 0x80e2, 0xe9a4, 0xe9a4, 0xe9a4, 0xe9a4, 0xe9a4, 0xe9a4, 0xe9a4, 0xe9a4, 0xe9a4, 0xe9a4, 0xe9a4, 0xe9a4, 0xe9a4, 0xe9a4, 
0xe9a4, 0xe9a4, 0xe9a4, 0xe9a4, 0xe9a4, 0xe9a4, 0xe9a4, 0xe9a4, 0xe9a4, 0xe9a4, 0xe9a4, 0xe9a4, 0xe9a4, 0xe9a4, 0xe9a4, 0xe9a4, 
0xe9a4, 0xe9a4, 0xe9a4, 0xe9a4, 0xe9e5, 0xfe99, 0xffff, 0xffff, 0xffff, 0xffff, 0xffff, 0xffff, 0xffff, 0xffff, 0xf554, 0xe963, 
0xe9a4, 0xe9a4, 0xe9a4, 0xe9a4, 0xe9a4, 0xe9a4, 0xe9a4, 0xe9a4, 0xe9a4, 0xe9a4, 0xe9a4, 0xe9a4, 0xe9a4, 0xe9a4, 0xe9a4, 0xe9a4, 
0xe9a4, 0xe9a4, 0xe9a4, 0xe9a4, 0xe9a4, 0xe9a4, 0xe9a4, 0xe9a4, 0xe9a4, 0xe9a4, 0xe9a4, 0xe9a4, 0xe9a4, 0xe9a4, 0xe9a4, 0xe9a4, 
0xe9a4, 0xe9a4, 0xe9a4, 0xe9a4, 0xe9a4, 0xe9a4, 0xe9a4, 0xe9a4, 0xe9a4, 0xe9a4, 0xe9a4, 0xe9a4, 0xe9a4, 0xe9a4, 0x78e2, 0x0000, 
0x0000, 0x0000, 0x0000, 0x0000, 0x0000, 0x0000, 0x0000, 0x0000, 0x0000, 0x0000, 0x0000, 0x0000, 0x0000, 0x0000, 0x0000, 0x0000, 
0x0000, 0x0000, 0x0000, 0x0000, 0x0000, 0x0000, 0x0000, 0x0000, 0x0000, 0x0000, 0xad55, 0xffff, 0xffff, 0xd6ba, 0x2124, 0x0000, 
0x0000, 0x2965, 0xe73c, 0xffff, 0xffff, 0x9492, 0x0000, 0x0000, 0x0000, 0x0000, 0x0000, 0x0000, 0x0000, 0x0000, 0x0000, 0x0000, 
0x0000, 0x0000, 0x0000, 0x0000, 0x0000, 0x0000, 0x0000, 0x0000, 0x0000, 0x0000, 0x0000, 0x0000, 0x0000, 0x0000, 0x0000, 0x0000, 
0x0000, 0x2040, 0xd164, 0xf1a4, 0xe9a4, 0xe9a4, 0xe9a4, 0xe9a4, 0xe9a4, 0xe9a4, 0xe9a4, 0xe9a4, 0xe9a4, 0xe9a4, 0xe9a4, 0xe9a4, 
0xe9a4, 0xe9a4, 0xe9a4, 0xe9a4, 0xe9a4, 0xe9a4, 0xe9a4, 0xe9a4, 0xe9a4, 0xe9a4, 0xe9a4, 0xe9a4, 0xe9a4, 0xe9a4, 0xe9a4, 0xe9a4, 
0xe9a4, 0xe9a4, 0xe9a4, 0xe983, 0xf30a, 0xff3c, 0xffff, 0xffff, 0xffff, 0xffff, 0xffff, 0xffff, 0xffff, 0xffff, 0xfe17, 0xe943, 
0xe9a4, 0xe9a4, 0xe9a4, 0xe9a4, 0xe9a4, 0xe9a4, 0xe9a4, 0xe9a4, 0xe9a4, 0xe9a4, 0xe9a4, 0xe9a4, 0xe9a4, 0xe9a4, 0xe9a4, 0xe9a4, 
0xe9a4, 0xe9a4, 0xe9a4, 0xe9a4, 0xe9a4, 0xe9a4, 0xe9a4, 0xe9a4, 0xe9a4, 0xe9a4, 0xe9a4, 0xe9a4, 0xe9a4, 0xe9a4, 0xe9a4, 0xe9a4, 
0xe9a4, 0xe9a4, 0xe9a4, 0xe9a4, 0xe9a4, 0xe9a4, 0xe9a4, 0xe9a4, 0xe9a4, 0xe9a4, 0xe9a4, 0xe9a4, 0xf1a4, 0xc964, 0x2040, 0x0000, 
0x0000, 0x0000, 0x0000, 0x0000, 0x0000, 0x0000, 0x0000, 0x0000, 0x0000, 0x0000, 0x0000, 0x0000, 0x0000, 0x0000, 0x0000, 0x0000, 
0x0000, 0x0000, 0x0000, 0x0000, 0x0000, 0x0000, 0x0000, 0x0000, 0x0000, 0x0000, 0x8c51, 0xffff, 0xffff, 0xef7d, 0x3186, 0x0000, 
0x0000, 0x39c7, 0xffff, 0xffff, 0xffff, 0x738e, 0x0000, 0x0000, 0x0000, 0x0000, 0x0000, 0x0000, 0x0000, 0x0000, 0x0000, 0x0000, 
0x0000, 0x0000, 0x0000, 0x0000, 0x0000, 0x0000, 0x0000, 0x0000, 0x0000, 0x0000, 0x0000, 0x0000, 0x0000, 0x0000, 0x0000, 0x0000, 
0x0000, 0x0000, 0x78c2, 0xe9a4, 0xe9a4, 0xe9a4, 0xe9a4, 0xe9a4, 0xe9a4, 0xe9a4, 0xe9a4, 0xe9a4, 0xe9a4, 0xe9a4, 0xe9a4, 0xe9a4, 
0xe9a4, 0xe9a4, 0xe9a4, 0xe9a4, 0xe9a4, 0xe9a4, 0xe9a4, 0xe9a4, 0xe9a4, 0xe9a4, 0xe9a4, 0xe9a4, 0xe9a4, 0xe9a4, 0xe9a4, 0xe9a4, 
0xe9a4, 0xe9a4, 0xe9a4, 0xe963, 0xf42f, 0xffde, 0xffff, 0xffff, 0xffff, 0xff9e, 0xff9d, 0xffff, 0xffff, 0xffff, 0xfe99, 0xe984, 
0xe9a4, 0xe9a4, 0xe9a4, 0xe9a4, 0xe9a4, 0xe9a4, 0xe9a4, 0xe9a4, 0xe9a4, 0xe9a4, 0xe9a4, 0xe9a4, 0xe9a4, 0xe9a4, 0xe9a4, 0xe9a4, 
0xe9a4, 0xe9a4, 0xe9a4, 0xe9a4, 0xe9a4, 0xe9a4, 0xe9a4, 0xe9a4, 0xe9a4, 0xe9a4, 0xe9a4, 0xe9a4, 0xe9a4, 0xe9a4, 0xe9a4, 0xe9a4, 
0xe9a4, 0xe9a4, 0xe9a4, 0xe9a4, 0xe9a4, 0xe9a4, 0xe9a4, 0xe9a4, 0xe9a4, 0xe9a4, 0xe9a4, 0xe9a4, 0xe9a4, 0x70c2, 0x0000, 0x0000, 
0x0000, 0x0000, 0x0000, 0x0000, 0x0000, 0x0000, 0x0000, 0x0000, 0x0000, 0x0000, 0x0000, 0x0000, 0x0000, 0x0000, 0x0000, 0x0000, 
0x0000, 0x0000, 0x0000, 0x0000, 0x0000, 0x0000, 0x0000, 0x0000, 0x0000, 0x0000, 0x6b4d, 0xffff, 0xffff, 0xffff, 0x39e7, 0x0000, 
0x0000, 0x4a49, 0xffff, 0xffff, 0xffff, 0x52aa, 0x0000, 0x0000, 0x0000, 0x0000, 0x0000, 0x0000, 0x0000, 0x0000, 0x0000, 0x0000, 
0x0000, 0x0000, 0x0000, 0x0000, 0x0000, 0x0000, 0x0000, 0x0000, 0x0000, 0x0000, 0x0000, 0x0000, 0x0000, 0x0000, 0x0000, 0x0000, 
0x0000, 0x0000, 0x0800, 0xc163, 0xf1a4, 0xe9a4, 0xe9a4, 0xe9a4, 0xe9a4, 0xe9a4, 0xe9a4, 0xe9a4, 0xe9a4, 0xe9a4, 0xe9a4, 0xe9a4, 
0xe9a4, 0xe9a4, 0xe9a4, 0xe9a4, 0xe9a4, 0xe9a4, 0xe9a4, 0xe9a4, 0xe9a4, 0xe9a4, 0xe9a4, 0xe9a4, 0xe9a4, 0xe9a4, 0xe9a4, 0xe9a4, 
0xe9a4, 0xe9a4, 0xe9a4, 0xe963, 0xf533, 0xffff, 0xffff, 0xffff, 0xffff, 0xfe38, 0xfeba, 0xffff, 0xffff, 0xffff, 0xfeda, 0xea26, 
0xe9a4, 0xe9a4, 0xe9a4, 0xe9a4, 0xe9a4, 0xe9a4, 0xe9a4, 0xe9a4, 0xe9a4, 0xe9a4, 0xe9a4, 0xe9a4, 0xe9a4, 0xe9a4, 0xe9a4, 0xe9a4, 
0xe9a4, 0xe9a4, 0xe9a4, 0xe9a4, 0xe9a4, 0xe9a4, 0xe9a4, 0xe9a4, 0xe9a4, 0xe9a4, 0xe9a4, 0xe9a4, 0xe9a4, 0xe9a4, 0xe9a4, 0xe9a4, 
0xe9a4, 0xe9a4, 0xe9a4, 0xe9a4, 0xe9a4, 0xe9a4, 0xe9a4, 0xe9a4, 0xe9a4, 0xe9a4, 0xe9a4, 0xf1a4, 0xc163, 0x0800, 0x0000, 0x0000, 
0x0000, 0x0000, 0x0000, 0x0000, 0x0000, 0x0000, 0x0000, 0x0000, 0x0000, 0x0000, 0x0000, 0x0000, 0x0000, 0x0000, 0x0000, 0x0000, 
0x0000, 0x0000, 0x0000, 0x0000, 0x0000, 0x0000, 0x0000, 0x0000, 0x0000, 0x0000, 0x4a49, 0xffff, 0xffff, 0xffff, 0x4a69, 0x0000, 
0x0000, 0x5acb, 0xffff, 0xffff, 0xffff, 0x39e7, 0x0000, 0x0000, 0x0000, 0x0000, 0x0000, 0x0000, 0x0000, 0x0000, 0x0000, 0x0000, 
0x0000, 0x0000, 0x0000, 0x0000, 0x0000, 0x0000, 0x0000, 0x0000, 0x0000, 0x0000, 0x0000, 0x0000, 0x0000, 0x0000, 0x0000, 0x0000, 
0x0000, 0x0000, 0x0000, 0x4881, 0xe9a4, 0xe9a4, 0xe9a4, 0xe9a4, 0xe9a4, 0xe9a4, 0xe9a4, 0xe9a4, 0xe9a4, 0xe9a4, 0xe9a4, 0xe9a4, 
0xe9a4, 0xe9a4, 0xe9a4, 0xe9a4, 0xe9a4, 0xe9a4, 0xe9a4, 0xe9a4, 0xe9a4, 0xe9a4, 0xe9a4, 0xe9a4, 0xe9a4, 0xe9a4, 0xe9a4, 0xe9a4, 
0xe9a4, 0xe9a4, 0xe984, 0xea26, 0xfe37, 0xffff, 0xffff, 0xffff, 0xff7d, 0xf491, 0xfe58, 0xffff, 0xffff, 0xffff, 0xff1b, 0xeaa9, 
0xe983, 0xe9a4, 0xe9a4, 0xe9a4, 0xe9a4, 0xe9a4, 0xe9a4, 0xe9a4, 0xe9a4, 0xe9a4, 0xe9a4, 0xe9a4, 0xe9a4, 0xe9a4, 0xe9a4, 0xe9a4, 
0xe9a4, 0xe9a4, 0xe9a4, 0xe9a4, 0xe9a4, 0xe9a4, 0xe9a4, 0xe9a4, 0xe9a4, 0xe9a4, 0xe9a4, 0xe9a4, 0xe9a4, 0xe9a4, 0xe9a4, 0xe9a4, 
0xe9a4, 0xe9a4, 0xe9a4, 0xe9a4, 0xe9a4, 0xe9a4, 0xe9a4, 0xe9a4, 0xe9a4, 0xe9a4, 0xe9a4, 0xe9a4, 0x4081, 0x0000, 0x0000, 0x0000, 
0x0000, 0x0000, 0x0000, 0x0000, 0x0000, 0x0000, 0x0000, 0x0000, 0x0000, 0x0000, 0x0000, 0x0000, 0x0000, 0x0000, 0x0000, 0x0000, 
0x0000, 0x0000, 0x0000, 0x0000, 0x0000, 0x0000, 0x0000, 0x0000, 0x0000, 0x0000, 0x31a6, 0xffff, 0xffff, 0xffff, 0x630c, 0x0000, 
0x0000, 0x6b4d, 0xffff, 0xffff, 0xffff, 0x2945, 0x0000, 0x0000, 0x0000, 0x0000, 0x0000, 0x0000, 0x0000, 0x0000, 0x0000, 0x0000, 
0x0000, 0x0000, 0x0000, 0x0000, 0x0000, 0x0000, 0x0000, 0x0000, 0x0000, 0x0000, 0x0000, 0x0000, 0x0000, 0x0000, 0x0000, 0x0000, 
0x0000, 0x0000, 0x0000, 0x0000, 0x9102, 0xf1c4, 0xe9a4, 0xe9a4, 0xe9a4, 0xe9a4, 0xe9a4, 0xe9a4, 0xe9a4, 0xe9a4, 0xe9a4, 0xe9a4, 
0xe9a4, 0xe9a4, 0xe9a4, 0xe9a4, 0xe9a4, 0xe9a4, 0xe9a4, 0xe9a4, 0xe9a4, 0xe9a4, 0xe9a4, 0xe9a4, 0xe9a4, 0xe9a4, 0xe9a4, 0xe9a4, 
0xe9a4, 0xe9a4, 0xe983, 0xf2ea, 0xff1b, 0xffff, 0xffff, 0xffff, 0xfefb, 0xf2ea, 0xfe17, 0xffff, 0xffff, 0xffff, 0xff5d, 0xf34b, 
0xe983, 0xe9a4, 0xe9a4, 0xe9a4, 0xe9a4, 0xe9a4, 0xe9a4, 0xe9a4, 0xe9a4, 0xe9a4, 0xe9a4, 0xe9a4, 0xe9a4, 0xe9a4, 0xe9a4, 0xe9a4, 
0xe9a4, 0xe9a4, 0xe9a4, 0xe9a4, 0xe9a4, 0xe9a4, 0xe9a4, 0xe9a4, 0xe9a4, 0xe9a4, 0xe9a4, 0xe9a4, 0xe9a4, 0xe9a4, 0xe9a4, 0xe9a4, 
0xe9a4, 0xe9a4, 0xe9a4, 0xe9a4, 0xe9a4, 0xe9a4, 0xe9a4, 0xe9a4, 0xe9a4, 0xe9a4, 0xf1c4, 0x9102, 0x0000, 0x0000, 0x0000, 0x0000, 
0x0000, 0x0000, 0x0000, 0x0000, 0x0000, 0x0000, 0x0000, 0x0000, 0x0000, 0x0000, 0x0000, 0x0000, 0x0000, 0x0000, 0x0000, 0x0000, 
0x0000, 0x0000, 0x0000, 0x0000, 0x0000, 0x0000, 0x0000, 0x0000, 0x0000, 0x0000, 0x2124, 0xffff, 0xffff, 0xffff, 0x738e, 0x0000, 
0x0000, 0x7bef, 0xffff, 0xffff, 0xffff, 0x18e3, 0x0000, 0x0000, 0x0000, 0x0000, 0x0000, 0x0000, 0x0000, 0x0000, 0x0000, 0x0000, 
0x0000, 0x0000, 0x0000, 0x0000, 0x0000, 0x0000, 0x0000, 0x0000, 0x0000, 0x0000, 0x0000, 0x0000, 0x0000, 0x0000, 0x0000, 0x0000, 
0x0000, 0x0000, 0x0000, 0x0000, 0x2840, 0xd184, 0xf1a4, 0xe9a4, 0xe9a4, 0xe9a4, 0xe9a4, 0xe9a4, 0xe9a4, 0xe9a4, 0xe9a4, 0xe9a4, 
0xe9a4, 0xe9a4, 0xe9a4, 0xe9a4, 0xe9a4, 0xe9a4, 0xe9a4, 0xe9a4, 0xe9a4, 0xe9a4, 0xe9a4, 0xe9a4, 0xe9a4, 0xe9a4, 0xe9a4, 0xe9a4, 
0xe9a4, 0xe9a4, 0xe963, 0xf3cd, 0xffdf, 0xffff, 0xffff, 0xffff, 0xfe58, 0xe983, 0xfdb5, 0xffff, 0xffff, 0xffff, 0xff9e, 0xf3cd, 
0xe963, 0xe9a4, 0xe9a4, 0xe9a4, 0xe9a4, 0xe9a4, 0xe9a4, 0xe9a4, 0xe9a4, 0xe9a4, 0xe9a4, 0xe9a4, 0xe9a4, 0xe9a4, 0xe9a4, 0xe9a4, 
0xe9a4, 0xe9a4, 0xe9a4, 0xe9a4, 0xe9a4, 0xe9a4, 0xe9a4, 0xe9a4, 0xe9a4, 0xe9a4, 0xe9a4, 0xe9a4, 0xe9a4, 0xe9a4, 0xe9a4, 0xe9a4, 
0xe9a4, 0xe9a4, 0xe9a4, 0xe9a4, 0xe9a4, 0xe9a4, 0xe9a4, 0xe9a4, 0xe9a4, 0xf1a4, 0xd184, 0x2840, 0x0000, 0x0000, 0x0000, 0x0000, 
0x0000, 0x0000, 0x0000, 0x0000, 0x0000, 0x0000, 0x0000, 0x0000, 0x0000, 0x0000, 0x0000, 0x0000, 0x0000, 0x0000, 0x0000, 0x0000, 
0x0000, 0x0000, 0x0000, 0x0000, 0x0000, 0x0000, 0x0000, 0x0000, 0x0000, 0x0000, 0x18c3, 0xffdf, 0xffff, 0xffff, 0x8430, 0x0020, 
0x0020, 0x8430, 0xffff, 0xffff, 0xf7be, 0x18c3, 0x0000, 0x0000, 0x0000, 0x0000, 0x0000, 0x0000, 0x0000, 0x0000, 0x0000, 0x0000, 
0x0000, 0x0000, 0x0000, 0x0000, 0x0000, 0x0000, 0x0000, 0x0000, 0x0000, 0x0000, 0x0000, 0x0000, 0x0000, 0x0000, 0x0000, 0x0000, 
0x0000, 0x0000, 0x0000, 0x0000, 0x0000, 0x68a2, 0xf1a4, 0xe9a4, 0xe9a4, 0xe9a4, 0xe9a4, 0xe9a4, 0xe9a4, 0xe9a4, 0xe9a4, 0xe9a4, 
0xe9a4, 0xe9a4, 0xe9a4, 0xe9a4, 0xe9a4, 0xe9a4, 0xe9a4, 0xe9a4, 0xe9a4, 0xe9a4, 0xe9a4, 0xe9a4, 0xe9a4, 0xe9a4, 0xe9a4, 0xe9a4, 
0xe9a4, 0xe9a4, 0xe9a4, 0xf4d1, 0xffff, 0xffff, 0xffff, 0xffff, 0xf533, 0xe901, 0xf554, 0xffff, 0xffff, 0xffff, 0xffdf, 0xf470, 
0xe963, 0xe9a4, 0xe9a4, 0xe9a4, 0xe9a4, 0xe9a4, 0xe9a4, 0xe9a4, 0xe9a4, 0xe9a4, 0xe9a4, 0xe9a4, 0xe9a4, 0xe9a4, 0xe9a4, 0xe9a4, 
0xe9a4, 0xe9a4, 0xe9a4, 0xe9a4, 0xe9a4, 0xe9a4, 0xe9a4, 0xe9a4, 0xe9a4, 0xe9a4, 0xe9a4, 0xe9a4, 0xe9a4, 0xe9a4, 0xe9a4, 0xe9a4, 
0xe9a4, 0xe9a4, 0xe9a4, 0xe9a4, 0xe9a4, 0xe9a4, 0xe9a4, 0xe9a4, 0xe9a4, 0xf1a4, 0x68a2, 0x0000, 0x0000, 0x0000, 0x0000, 0x0000, 
0x0000, 0x0000, 0x0000, 0x0000, 0x0000, 0x0000, 0x0000, 0x0000, 0x0000, 0x0000, 0x0000, 0x0000, 0x0000, 0x0000, 0x0000, 0x0000, 
0x0000, 0x0000, 0x0000, 0x0000, 0x0000, 0x0000, 0x0000, 0x0000, 0x0000, 0x0000, 0x18c3, 0xef7d, 0xffff, 0xffff, 0x8c71, 0x0020, 
0x0020, 0x8c71, 0xffff, 0xffff, 0xef7d, 0x18c3, 0x0000, 0x0000, 0x0000, 0x0000, 0x0000, 0x0000, 0x0000, 0x0000, 0x0000, 0x0000, 
0x0000, 0x0000, 0x0000, 0x0000, 0x0000, 0x0000, 0x0000, 0x0000, 0x0000, 0x0000, 0x0841, 0x4228, 0x632c, 0x632c, 0x632c, 0x632c, 
0x632c, 0x632c, 0x632c, 0x632c, 0x632c, 0x7b4d, 0xdc0f, 0xfc2f, 0xf42f, 0xf42f, 0xf42f, 0xf42f, 0xf42f, 0xf42f, 0xf42f, 0xf42f, 
0xf42f, 0xf42f, 0xf42f, 0xf42f, 0xf42f, 0xf42f, 0xf42f, 0xf42f, 0xf42f, 0xf42f, 0xf42f, 0xf42f, 0xf42f, 0xf42f, 0xf42f, 0xf42f, 
0xf42f, 0xf42f, 0xf470, 0xfeb9, 0xffff, 0xffff, 0xffff, 0xffbe, 0xf3cd, 0xe922, 0xf4d1, 0xffff, 0xffff, 0xffff, 0xffff, 0xf4f2, 
0xe943, 0xe9a4, 0xe9a4, 0xe9a4, 0xe9a4, 0xe9a4, 0xe9a4, 0xe9a4, 0xe9a4, 0xe9a4, 0xe9a4, 0xe9a4, 0xe9a4, 0xe9c4, 0xf2ea, 0xf42f, 
0xf42f, 0xf42f, 0xf42f, 0xf42f, 0xf42f, 0xf42f, 0xf42f, 0xf42f, 0xf42f, 0xf42f, 0xf42f, 0xf42f, 0xf42f, 0xf42f, 0xf42f, 0xf42f, 
0xf42f, 0xf42f, 0xf42f, 0xf42f, 0xf42f, 0xf42f, 0xf42f, 0xf42f, 0xfc2f, 0xdc0f, 0x7b4d, 0x632c, 0x632c, 0x632c, 0x632c, 0x632c, 
0x632c, 0x632c, 0x632c, 0x632c, 0x632c, 0x632c, 0x632c, 0x5acb, 0x18c3, 0x0000, 0x0000, 0x0000, 0x0000, 0x0000, 0x0000, 0x0000, 
0x0000, 0x0000, 0x0000, 0x0000, 0x0000, 0x0000, 0x0000, 0x0000, 0x0000, 0x0000, 0x18c3, 0xe73c, 0xffff, 0xffff, 0x94b2, 0x0841, 
0x0841, 0x9492, 0xffff, 0xffff, 0xef5d, 0x18c3, 0x0000, 0x0000, 0x0000, 0x0000, 0x0000, 0x0000, 0x0000, 0x0000, 0x0000, 0x0000, 
0x0000, 0x0000, 0x0000, 0x0000, 0x0000, 0x0000, 0x0000, 0x0000, 0x0000, 0x0841, 0x8c71, 0xffff, 0xffff, 0xffff, 0xffff, 0xffff, 
0xffff, 0xffff, 0xffff, 0xffff, 0xffff, 0xffff, 0xffff, 0xffff, 0xffff, 0xffff, 0xffff, 0xffff, 0xffff, 0xffff, 0xffff, 0xffff, 
0xffff, 0xffff, 0xffff, 0xffff, 0xffff, 0xffff, 0xffff, 0xffff, 0xffff, 0xffff, 0xffff, 0xffff, 0xffff, 0xffff, 0xffff, 0xffff, 
0xffff, 0xffff, 0xffff, 0xffff, 0xffff, 0xffff, 0xffff, 0xff7d, 0xea67, 0xe943, 0xf42f, 0xffdf, 0xffff, 0xffff, 0xffff, 0xf574, 
0xe963, 0xe9a4, 0xe9a4, 0xe9a4, 0xe9a4, 0xe9a4, 0xe9a4, 0xe9a4, 0xe9a4, 0xe9a4, 0xe9a4, 0xe9a4, 0xe984, 0xf470, 0xffdf, 0xffff, 
0xffff, 0xffff, 0xffff, 0xffff, 0xffff, 0xffff, 0xffff, 0xffff, 0xffff, 0xffff, 0xffff, 0xffff, 0xffff, 0xffff, 0xffff, 0xffff, 
0xffff, 0xffff, 0xffff, 0xffff, 0xffff, 0xffff, 0xffff, 0xffff, 0xffff, 0xffff, 0xffff, 0xffff, 0xffff, 0xffff, 0xffff, 0xffff, 
0xffff, 0xffff, 0xffff, 0xffff, 0xffff, 0xffff, 0xffff, 0xffff, 0xd69a, 0x2124, 0x0000, 0x0000, 0x0000, 0x0000, 0x0000, 0x0000, 
0x0000, 0x0000, 0x0000, 0x0000, 0x0000, 0x0000, 0x0000, 0x0000, 0x0000, 0x0000, 0x10a2, 0xe71c, 0xffff, 0xffff, 0x9cd3, 0x0841, 
0x0841, 0x9cd3, 0xffff, 0xffff, 0xe71c, 0x10a2, 0x0000, 0x0000, 0x0000, 0x0000, 0x0000, 0x0000, 0x0000, 0x0000, 0x0000, 0x0000, 
0x0000, 0x0000, 0x0000, 0x0000, 0x0000, 0x0000, 0x0000, 0x0000, 0x0000, 0x39c7, 0xef7d, 0xffff, 0xffff, 0xffff, 0xffff, 0xffff, 
0xffff, 0xffff, 0xffff, 0xffff, 0xffff, 0xffff, 0xffff, 0xffff, 0xffff, 0xffff, 0xffff, 0xffff, 0xffff, 0xffff, 0xffff, 0xffff, 
0xffff, 0xffff, 0xffff, 0xffff, 0xffff, 0xffff, 0xffff, 0xffff, 0xffff, 0xffff, 0xffff, 0xffff, 0xffff, 0xffff, 0xffff, 0xffff, 
0xffff, 0xffff, 0xffff, 0xffff, 0xffff, 0xffff, 0xffff, 0xfeba, 0xe984, 0xe963, 0xf3ad, 0xff7d, 0xffff, 0xffff, 0xffff, 0xfdf6, 
0xe9c5, 0xe9a4, 0xe9a4, 0xe9a4, 0xe9a4, 0xe9a4, 0xe9a4, 0xe9a4, 0xe9a4, 0xe9a4, 0xe9a4, 0xe963, 0xf34b, 0xff7d, 0xffff, 0xffff, 
0xffff, 0xffff, 0xffff, 0xffff, 0xffff, 0xffff, 0xffff, 0xffff, 0xffff, 0xffff, 0xffff, 0xffff, 0xffff, 0xffff, 0xffff, 0xffff, 
0xffff, 0xffff, 0xffff, 0xffff, 0xffff, 0xffff, 0xffff, 0xffff, 0xffff, 0xffff, 0xffff, 0xffff, 0xffff, 0xffff, 0xffff, 0xffff, 
0xffff, 0xffff, 0xffff, 0xffff, 0xffff, 0xffff, 0xffff, 0xffff, 0xffff, 0x8c71, 0x0000, 0x0000, 0x0000, 0x0000, 0x0000, 0x0000, 
0x0000, 0x0000, 0x0000, 0x0000, 0x0000, 0x0000, 0x0000, 0x0000, 0x0000, 0x0000, 0x10a2, 0xdedb, 0xffff, 0xffff, 0xa514, 0x0841, 
0x0841, 0x9cd3, 0xffff, 0xffff, 0xe71c, 0x10a2, 0x0000, 0x0000, 0x0000, 0x0000, 0x0000, 0x0000, 0x0000, 0x0000, 0x0000, 0x0000, 
0x0000, 0x0000, 0x0000, 0x0000, 0x0000, 0x0000, 0x0000, 0x0000, 0x0000, 0x39c7, 0xf79e, 0xffff, 0xffff, 0xffff, 0xffff, 0xffff, 
0xffff, 0xffff, 0xffff, 0xffff, 0xffff, 0xffff, 0xffff, 0xffff, 0xffff, 0xffff, 0xffff, 0xffff, 0xffff, 0xffff, 0xffff, 0xffff, 
0xffff, 0xffff, 0xffff, 0xffff, 0xffff, 0xffff, 0xffff, 0xffff, 0xffff, 0xffff, 0xffff, 0xffff, 0xffff, 0xffff, 0xffff, 0xffff, 
0xffff, 0xffff, 0xffff, 0xffff, 0xffff, 0xffff, 0xffff, 0xf513, 0xe984, 0xe983, 0xf30a, 0xff3c, 0xffff, 0xffff, 0xffff, 0xfe58, 
0xea47, 0xe984, 0xe9a4, 0xe9a4, 0xe9a4, 0xe9a4, 0xe9a4, 0xe9a4, 0xe9a4, 0xe9a4, 0xe983, 0xea47, 0xfe78, 0xffff, 0xffff, 0xffff, 
0xffff, 0xffff, 0xffff, 0xffff, 0xffff, 0xffff, 0xffff, 0xffff, 0xffff, 0xffff, 0xffff, 0xffff, 0xffff, 0xffff, 0xffff, 0xffff, 
0xffff, 0xffff, 0xffff, 0xffff, 0xffff, 0xffff, 0xffff, 0xffff, 0xffff, 0xffff, 0xffff, 0xffff, 0xffff, 0xffff, 0xffff, 0xffff, 
0xffff, 0xffff, 0xffff, 0xffff, 0xffff, 0xffff, 0xffff, 0xffff, 0xffff, 0x9492, 0x0000, 0x0000, 0x0000, 0x0000, 0x0000, 0x0000, 
0x0000, 0x0000, 0x0000, 0x0000, 0x0000, 0x0000, 0x0000, 0x0000, 0x0000, 0x0000, 0x10a2, 0xdedb, 0xffff, 0xffff, 0xa514, 0x0841, 
0x0841, 0x9492, 0xffff, 0xffff, 0xef5d, 0x18c3, 0x0000, 0x0000, 0x0000, 0x0000, 0x0000, 0x0000, 0x0000, 0x0000, 0x0000, 0x0000, 
0x0000, 0x0000, 0x0000, 0x0000, 0x0000, 0x0000, 0x0000, 0x0000, 0x0000, 0x0841, 0x94b2, 0xffff, 0xffff, 0xffff, 0xffff, 0xffff, 
0xffff, 0xffff, 0xffff, 0xffff, 0xffff, 0xffff, 0xffff, 0xffff, 0xffff, 0xffff, 0xffff, 0xffff, 0xffff, 0xffff, 0xffff, 0xffff, 
0xffff, 0xffff, 0xffff, 0xffff, 0xffff, 0xffff, 0xffff, 0xffff, 0xffff, 0xffff, 0xffff, 0xffff, 0xffff, 0xffff, 0xffff, 0xffff, 
0xffff, 0xffff, 0xffff, 0xffff, 0xffff, 0xffff, 0xff1c, 0xea88, 0xe9a4, 0xe984, 0xea88, 0xfefb, 0xffff, 0xffff, 0xffff, 0xfeba, 
0xf2a8, 0xe983, 0xe9a4, 0xe9a4, 0xe9a4, 0xe9a4, 0xe9a4, 0xe9a4, 0xe9a4, 0xe9a4, 0xe9a4, 0xf4d2, 0xffff, 0xffff, 0xffff, 0xffff, 
0xffff, 0xffff, 0xffff, 0xffff, 0xffff, 0xffff, 0xffff, 0xffff, 0xffff, 0xffff, 0xffff, 0xffff, 0xffff, 0xffff, 0xffff, 0xffff, 
0xffff, 0xffff, 0xffff, 0xffff, 0xffff, 0xffff, 0xffff, 0xffff, 0xffff, 0xffff, 0xffff, 0xffff, 0xffff, 0xffff, 0xffff, 0xffff, 
0xffff, 0xffff, 0xffff, 0xffff, 0xffff, 0xffff, 0xffff, 0xffff, 0xdedb, 0x2945, 0x0000, 0x0000, 0x0000, 0x0000, 0x0000, 0x0000, 
0x0000, 0x0000, 0x0000, 0x0000, 0x0000, 0x0000, 0x0000, 0x0000, 0x0000, 0x0000, 0x10a2, 0xe71c, 0xffff, 0xffff, 0x9cd3, 0x0841, 
0x0020, 0x8c71, 0xffff, 0xffff, 0xef7d, 0x18c3, 0x0000, 0x0000, 0x0000, 0x0000, 0x0000, 0x0000, 0x0000, 0x0000, 0x0000, 0x0000, 
0x0000, 0x0000, 0x0000, 0x0000, 0x0000, 0x0000, 0x0000, 0x0000, 0x0000, 0x0000, 0x0861, 0x4a69, 0x73ae, 0x73ae, 0x73ae, 0x73ae, 
0x73ae, 0x73ae, 0x73ae, 0x73ae, 0x73ae, 0x73ae, 0x73ae, 0x73ae, 0x7bae, 0xdc70, 0xf490, 0xf490, 0xf490, 0xf490, 0xf490, 0xf490, 
0xf490, 0xf490, 0xf490, 0xf490, 0xf490, 0xf490, 0xf490, 0xf490, 0xf490, 0xf490, 0xf490, 0xf490, 0xf490, 0xf490, 0xf490, 0xf490, 
0xf490, 0xf490, 0xf490, 0xf490, 0xf491, 0xf42f, 0xea67, 0xe9a4, 0xe9a4, 0xe9a4, 0xea05, 0xfeba, 0xffff, 0xffff, 0xffff, 0xff3c, 
0xf30a, 0xe983, 0xe9a4, 0xe9a4, 0xe9a4, 0xe9a4, 0xe9a4, 0xe9a4, 0xe9a4, 0xe983, 0xf34b, 0xffbe, 0xffff, 0xffff, 0xffff, 0xffff, 
0xfe99, 0xf450, 0xf490, 0xf490, 0xf490, 0xf490, 0xf490, 0xf490, 0xf490, 0xf490, 0xf490, 0xf490, 0xf490, 0xf490, 0xf490, 0xf490, 
0xf490, 0xf490, 0xf490, 0xf490, 0xf490, 0xf490, 0xe470, 0x7bae, 0x73ae, 0x73ae, 0x73ae, 0x73ae, 0x73ae, 0x73ae, 0x73ae, 0x73ae, 
0x73ae, 0x73ae, 0x73ae, 0x73ae, 0x73ae, 0x73ae, 0x73ae, 0x632c, 0x18e3, 0x0000, 0x0000, 0x0000, 0x0000, 0x0000, 0x0000, 0x0000, 
0x0000, 0x0000, 0x0000, 0x0000, 0x0000, 0x0000, 0x0000, 0x0000, 0x0000, 0x0000, 0x18c3, 0xe73c, 0xffff, 0xffff, 0x94b2, 0x0841, 
0x0020, 0x8c51, 0xffff, 0xffff, 0xf7be, 0x18c3, 0x0000, 0x0000, 0x0000, 0x0000, 0x0000, 0x0000, 0x0000, 0x0000, 0x0000, 0x0000, 
0x0000, 0x0000, 0x0000, 0x0000, 0x0000, 0x0000, 0x0000, 0x0000, 0x0000, 0x0000, 0x0000, 0x0000, 0x0000, 0x0000, 0x0000, 0x0000, 
0x0000, 0x0000, 0x0000, 0x0000, 0x0000, 0x0000, 0x0000, 0x0000, 0x0000, 0x5081, 0xe9a4, 0xe9a4, 0xe9a4, 0xe9a4, 0xe9a4, 0xe9a4, 
0xe9a4, 0xe9a4, 0xe9a4, 0xe9a4, 0xe9a4, 0xe9a4, 0xe9a4, 0xe9a4, 0xe9a4, 0xe9a4, 0xe9a4, 0xe9a4, 0xe9a4, 0xe9a4, 0xe9a4, 0xe9a4, 
0xe9a4, 0xe9a4, 0xe9a4, 0xe9a4, 0xe9a4, 0xe9a4, 0xe9a4, 0xe9a4, 0xe9a4, 0xe9a4, 0xe963, 0xfe58, 0xffff, 0xffff, 0xffff, 0xff9e, 
0xf38c, 0xe963, 0xe9a4, 0xe9a4, 0xe9a4, 0xe9a4, 0xe9a4, 0xe9a4, 0xe9a4, 0xea46, 0xfe99, 0xffff, 0xffff, 0xffff, 0xffff, 0xff3c, 
0xf2c9, 0xe984, 0xe9a4, 0xe9a4, 0xe9a4, 0xe9a4, 0xe9a4, 0xe9a4, 0xe9a4, 0xe9a4, 0xe9a4, 0xe9a4, 0xe9a4, 0xe9a4, 0xe9a4, 0xe9a4, 
0xe9a4, 0xe9a4, 0xe9a4, 0xe9a4, 0xe9a4, 0xe9a4, 0x5081, 0x0000, 0x0000, 0x0000, 0x0000, 0x0000, 0x0000, 0x0000, 0x0000, 0x0000, 
0x0000, 0x0000, 0x0000, 0x0000, 0x0000, 0x0000, 0x0000, 0x0000, 0x0000, 0x0000, 0x0000, 0x0000, 0x0000, 0x0000, 0x0000, 0x0000, 
0x0000, 0x0000, 0x0000, 0x0000, 0x0000, 0x0000, 0x0000, 0x0000, 0x0000, 0x0000, 0x18c3, 0xef7d, 0xffff, 0xffff, 0x8c71, 0x0020, 
0x0000, 0x7bef, 0xffff, 0xffff, 0xffff, 0x18e3, 0x0000, 0x0000, 0x0000, 0x0000, 0x0000, 0x0000, 0x0000, 0x0000, 0x0000, 0x0000, 
0x0000, 0x0000, 0x0000, 0x0000, 0x0000, 0x0000, 0x0000, 0x0000, 0x0000, 0x0000, 0x0000, 0x0000, 0x0000, 0x0000, 0x0000, 0x0000, 
0x0000, 0x0000, 0x0000, 0x0000, 0x0000, 0x0000, 0x0000, 0x0000, 0x0000, 0x0000, 0xa123, 0xf1c4, 0xe9a4, 0xe9a4, 0xe9a4, 0xe9a4, 
0xe9a4, 0xe9a4, 0xe9a4, 0xe9a4, 0xe9a4, 0xe9a4, 0xe9a4, 0xe9a4, 0xe9a4, 0xe9a4, 0xe9a4, 0xe9a4, 0xe9a4, 0xe9a4, 0xe9a4, 0xe9a4, 
0xe9a4, 0xe9a4, 0xe9a4, 0xe9a4, 0xe9a4, 0xe9a4, 0xe9a4, 0xe9a4, 0xe9a4, 0xe9a4, 0xe943, 0xfdd6, 0xffff, 0xffff, 0xffff, 0xffff, 
0xf3ee, 0xe963, 0xe9a4, 0xe9a4, 0xe9a4, 0xe9a4, 0xe9a4, 0xe9a4, 0xe9a4, 0xf512, 0xffff, 0xffff, 0xffff, 0xffff, 0xffff, 0xf42f, 
0xe983, 0xe9a4, 0xe9a4, 0xe9a4, 0xe9a4, 0xe9a4, 0xe9a4, 0xe9a4, 0xe9a4, 0xe9a4, 0xe9a4, 0xe9a4, 0xe9a4, 0xe9a4, 0xe9a4, 0xe9a4, 
0xe9a4, 0xe9a4, 0xe9a4, 0xe9a4, 0xf1c4, 0xa123, 0x0000, 0x0000, 0x0000, 0x0000, 0x0000, 0x0000, 0x0000, 0x0000, 0x0000, 0x0000, 
0x0000, 0x0000, 0x0000, 0x0000, 0x0000, 0x0000, 0x0000, 0x0000, 0x0000, 0x0000, 0x0000, 0x0000, 0x0000, 0x0000, 0x0000, 0x0000, 
0x0000, 0x0000, 0x0000, 0x0000, 0x0000, 0x0000, 0x0000, 0x0000, 0x0000, 0x0000, 0x18c3, 0xffdf, 0xffff, 0xffff, 0x8430, 0x0020, 
0x0000, 0x6b4d, 0xffff, 0xffff, 0xffff, 0x2945, 0x0000, 0x0000, 0x0000, 0x0000, 0x0000, 0x0000, 0x0000, 0x0000, 0x0000, 0x0000, 
0x0000, 0x0000, 0x0000, 0x0000, 0x0000, 0x0000, 0x0000, 0x0000, 0x0000, 0x0000, 0x0000, 0x0000, 0x0000, 0x0000, 0x0000, 0x0000, 
0x0000, 0x0000, 0x0000, 0x0000, 0x0000, 0x0000, 0x0000, 0x0000, 0x0000, 0x0000, 0x3040, 0xd984, 0xf1a4, 0xe9a4, 0xe9a4, 0xe9a4, 
0xe9a4, 0xe9a4, 0xe9a4, 0xe9a4, 0xe9a4, 0xe9a4, 0xe9a4, 0xe9a4, 0xe9a4, 0xe9a4, 0xe9a4, 0xe9a4, 0xe9a4, 0xe9a4, 0xe9a4, 0xe9a4, 
0xe9a4, 0xe9a4, 0xe9a4, 0xe9a4, 0xe9a4, 0xe9a4, 0xe9a4, 0xe9a4, 0xe9a4, 0xe9a4, 0xe963, 0xf513, 0xffff, 0xffff, 0xffff, 0xffff, 
0xf450, 0xe963, 0xe9a4, 0xe9a4, 0xe9a4, 0xe9a4, 0xe9a4, 0xe983, 0xf36c, 0xffdf, 0xffff, 0xffff, 0xffff, 0xffff, 0xfdd6, 0xe9a4, 
0xe9a4, 0xe9a4, 0xe9a4, 0xe9a4, 0xe9a4, 0xe9a4, 0xe9a4, 0xe9a4, 0xe9a4, 0xe9a4, 0xe9a4, 0xe9a4, 0xe9a4, 0xe9a4, 0xe9a4, 0xe9a4, 
0xe9a4, 0xe9a4, 0xe9a4, 0xf1a4, 0xd984, 0x3040, 0x0000, 0x0000, 0x0000, 0x0000, 0x0000, 0x0000, 0x0000, 0x0000, 0x0000, 0x0000, 
0x0000, 0x0000, 0x0000, 0x0000, 0x0000, 0x0000, 0x0000, 0x0000, 0x0000, 0x0000, 0x0000, 0x0000, 0x0000, 0x0000, 0x0000, 0x0000, 
0x0000, 0x0000, 0x0000, 0x0000, 0x0000, 0x0000, 0x0000, 0x0000, 0x0000, 0x0000, 0x2104, 0xffff, 0xffff, 0xffff, 0x738e, 0x0000, 
0x0000, 0x5acb, 0xffff, 0xffff, 0xffff, 0x39e7, 0x0000, 0x0000, 0x0000, 0x0000, 0x0000, 0x0000, 0x0000, 0x0000, 0x0000, 0x0000, 
0x0000, 0x0000, 0x0000, 0x0000, 0x0000, 0x0000, 0x0000, 0x0000, 0x0000, 0x0000, 0x0000, 0x0000, 0x0000, 0x0000, 0x0000, 0x0000, 
0x0000, 0x0000, 0x0000, 0x0000, 0x0000, 0x0000, 0x0000, 0x0000, 0x0000, 0x0000, 0x0000, 0x70c2, 0xf1a4, 0xe9a4, 0xe9a4, 0xe9a4, 
0xe9a4, 0xe9a4, 0xe9a4, 0xe9a4, 0xe9a4, 0xe9a4, 0xe9a4, 0xe9a4, 0xe9a4, 0xe9a4, 0xe9a4, 0xe9a4, 0xe9a4, 0xe9a4, 0xe9a4, 0xe9a4, 
0xe9a4, 0xe9a4, 0xe9a4, 0xe9a4, 0xe9a4, 0xe9a4, 0xe9a4, 0xe9a4, 0xe9a4, 0xe9a4, 0xe963, 0xf470, 0xffdf, 0xffff, 0xffff, 0xffff, 
0xf4f2, 0xe9a4, 0xe9a4, 0xe9a4, 0xe9a4, 0xe9a4, 0xe9a4, 0xea47, 0xfedb, 0xffff, 0xffff, 0xffff, 0xffff, 0xff1b, 0xea88, 0xe9a4, 
0xe9a4, 0xe9a4, 0xe9a4, 0xe9a4, 0xe9a4, 0xe9a4, 0xe9a4, 0xe9a4, 0xe9a4, 0xe9a4, 0xe9a4, 0xe9a4, 0xe9a4, 0xe9a4, 0xe9a4, 0xe9a4, 
0xe9a4, 0xe9a4, 0xe9a4, 0xf1a4, 0x78c2, 0x0000, 0x0000, 0x0000, 0x0000, 0x0000, 0x0000, 0x0000, 0x0000, 0x0000, 0x0000, 0x0000, 
0x0000, 0x0000, 0x0000, 0x0000, 0x0000, 0x0000, 0x0000, 0x0000, 0x0000, 0x0000, 0x0000, 0x0000, 0x0000, 0x0000, 0x0000, 0x0000, 
0x0000, 0x0000, 0x0000, 0x0000, 0x0000, 0x0000, 0x0000, 0x0000, 0x0000, 0x0000, 0x31a6, 0xffff, 0xffff, 0xffff, 0x630c, 0x0000, 
0x0000, 0x4a49, 0xffff, 0xffff, 0xffff, 0x528a, 0x0000, 0x0000, 0x0000, 0x0000, 0x0000, 0x0000, 0x0000, 0x0000, 0x0000, 0x0000, 
0x0000, 0x0000, 0x0000, 0x0000, 0x0000, 0x0000, 0x0000, 0x0000, 0x0000, 0x0000, 0x0000, 0x0000, 0x0000, 0x0000, 0x0000, 0x0000, 
0x0000, 0x0000, 0x0000, 0x0000, 0x0000, 0x0000, 0x0000, 0x0000, 0x0000, 0x0000, 0x0000, 0x2020, 0xb943, 0xf1c4, 0xe9a4, 0xe9a4, 
0xe9a4, 0xe9a4, 0xe9a4, 0xe9a4, 0xe9a4, 0xe9a4, 0xe9a4, 0xe9a4, 0xe9a4, 0xe9a4, 0xe9a4, 0xe9a4, 0xe9a4, 0xe9a4, 0xe9a4, 0xe9a4, 
0xe9a4, 0xe9a4, 0xe9a4, 0xe9a4, 0xe9a4, 0xe9a4, 0xe9a4, 0xe9a4, 0xe9a4, 0xe9a4, 0xe983, 0xf3cd, 0xffbe, 0xffff, 0xffff, 0xffff, 
0xfd74, 0xe9e5, 0xe9a4, 0xe9a4, 0xe9a4, 0xe9a4, 0xe9a4, 0xf574, 0xffff, 0xffff, 0xffff, 0xffff, 0xffdf, 0xf3cd, 0xe984, 0xe9a4, 
0xe9a4, 0xe9a4, 0xe9a4, 0xe9a4, 0xe9a4, 0xe9a4, 0xe9a4, 0xe9a4, 0xe9a4, 0xe9a4, 0xe9a4, 0xe9a4, 0xe9a4, 0xe9a4, 0xe9a4, 0xe9a4, 
0xe9a4, 0xe9a4, 0xf1c4, 0xc143, 0x2020, 0x0000, 0x0000, 0x0000, 0x0000, 0x0000, 0x0000, 0x0000, 0x0000, 0x0000, 0x0000, 0x0000, 
0x0000, 0x0000, 0x0000, 0x0000, 0x0000, 0x0000, 0x0000, 0x0000, 0x0000, 0x0000, 0x0000, 0x0000, 0x0000, 0x0000, 0x0000, 0x0000, 
0x0000, 0x0000, 0x0000, 0x0000, 0x0000, 0x0000, 0x0000, 0x0000, 0x0000, 0x0000, 0x4a49, 0xffff, 0xffff, 0xffff, 0x4a69, 0x0000, 
0x0000, 0x39c7, 0xffff, 0xffff, 0xffff, 0x6b6d, 0x0000, 0x0000, 0x0000, 0x0000, 0x0000, 0x0000, 0x0000, 0x0000, 0x0000, 0x0000, 
0x0000, 0x0000, 0x0000, 0x0000, 0x0000, 0x0000, 0x0000, 0x0000, 0x0000, 0x0000, 0x0000, 0x0000, 0x0000, 0x0000, 0x0000, 0x0000, 
0x0000, 0x0000, 0x0000, 0x0000, 0x0000, 0x0000, 0x0000, 0x0000, 0x0000, 0x0000, 0x0000, 0x0000, 0x58a1, 0xe9a4, 0xe9a4, 0xe9a4, 
0xe9a4, 0xe9a4, 0xe9a4, 0xe9a4, 0xe9a4, 0xe9a4, 0xe9a4, 0xe9a4, 0xe9a4, 0xe9a4, 0xe9a4, 0xe9a4, 0xe9a4, 0xe9a4, 0xe9a4, 0xe9a4, 
0xe9a4, 0xe9a4, 0xe9a4, 0xe9a4, 0xe9a4, 0xe9a4, 0xe9a4, 0xe9a4, 0xe9a4, 0xe9a4, 0xe984, 0xf30a, 0xff9d, 0xffff, 0xffff, 0xffff, 
0xfe17, 0xea26, 0xe984, 0xe9a4, 0xe9a4, 0xe963, 0xf3ee, 0xffbe, 0xffff, 0xffff, 0xffff, 0xffff, 0xf554, 0xe9c5, 0xe984, 0xe9a4, 
0xe9a4, 0xe9a4, 0xe9a4, 0xe9a4, 0xe9a4, 0xe9a4, 0xe9a4, 0xe9a4, 0xe9a4, 0xe9a4, 0xe9a4, 0xe9a4, 0xe9a4, 0xe9a4, 0xe9a4, 0xe9a4, 
0xe9a4, 0xe9a4, 0xe9a4, 0x60a1, 0x0000, 0x0000, 0x0000, 0x0000, 0x0000, 0x0000, 0x0000, 0x0000, 0x0000, 0x0000, 0x0000, 0x0000, 
0x0000, 0x0000, 0x0000, 0x0000, 0x0000, 0x0000, 0x0000, 0x0000, 0x0000, 0x0000, 0x0000, 0x0000, 0x0000, 0x0000, 0x0000, 0x0000, 
0x0000, 0x0000, 0x0000, 0x0000, 0x0000, 0x0000, 0x0000, 0x0000, 0x0000, 0x0000, 0x632c, 0xffff, 0xffff, 0xffff, 0x39e7, 0x0000, 
0x0000, 0x3186, 0xef5d, 0xffff, 0xffff, 0x9492, 0x0000, 0x0000, 0x0000, 0x0000, 0x0000, 0x0000, 0x0000, 0x0000, 0x0000, 0x0000, 
0x0000, 0x0000, 0x0000, 0x0000, 0x0000, 0x0000, 0x0000, 0x0000, 0x0000, 0x0000, 0x0000, 0x0000, 0x0000, 0x0000, 0x0000, 0x0000, 
0x0000, 0x0000, 0x0000, 0x0000, 0x0000, 0x0000, 0x0000, 0x0000, 0x0000, 0x0000, 0x0000, 0x0000, 0x0800, 0xa923, 0xf1c4, 0xe9a4, 
0xe9a4, 0xe9a4, 0xe9a4, 0xe9a4, 0xe9a4, 0xe9a4, 0xe9a4, 0xe9a4, 0xe9a4, 0xe9a4, 0xe9a4, 0xe9a4, 0xe9a4, 0xe9a4, 0xe9a4, 0xe9a4, 
0xe9a4, 0xe9a4, 0xe9a4, 0xe9a4, 0xe9a4, 0xe9a4, 0xe9a4, 0xe9a4, 0xe9a4, 0xe9a4, 0xe9a4, 0xea67, 0xff7d, 0xffff, 0xffff, 0xffff, 
0xfe99, 0xea67, 0xe984, 0xe9a4, 0xe983, 0xea88, 0xfeba, 0xffff, 0xffff, 0xffff, 0xffff, 0xfeda, 0xeaa8, 0xe983, 0xe9a4, 0xe9a4, 
0xe9a4, 0xe9a4, 0xe9a4, 0xe9a4, 0xe9a4, 0xe9a4, 0xe9a4, 0xe9a4, 0xe9a4, 0xe9a4, 0xe9a4, 0xe9a4, 0xe9a4, 0xe9a4, 0xe9a4, 0xe9a4, 
0xe9a4, 0xf1c4, 0xa923, 0x0800, 0x0000, 0x0000, 0x0000, 0x0000, 0x0000, 0x0000, 0x0000, 0x0000, 0x0000, 0x0000, 0x0000, 0x0000, 
0x0000, 0x0000, 0x0000, 0x0000, 0x0000, 0x0000, 0x0000, 0x0000, 0x0000, 0x0000, 0x0000, 0x0000, 0x0000, 0x0000, 0x0000, 0x0000, 
0x0000, 0x0000, 0x0000, 0x0000, 0x0000, 0x0000, 0x0000, 0x0000, 0x0000, 0x0000, 0x8c51, 0xffff, 0xffff, 0xef7d, 0x3186, 0x0000, 
0x0000, 0x2124, 0xd69a, 0xffff, 0xffff, 0xb596, 0x0000, 0x0000, 0x0000, 0x0000, 0x0000, 0x0000, 0x0000, 0x0000, 0x0000, 0x0000, 
0x0000, 0x0000, 0x0000, 0x0000, 0x0000, 0x0000, 0x0000, 0x0000, 0x0000, 0x0000, 0x0000, 0x0000, 0x0000, 0x0000, 0x0000, 0x0000, 
0x0000, 0x0000, 0x0000, 0x0000, 0x0000, 0x0000, 0x0000, 0x0000, 0x0000, 0x0000, 0x0000, 0x0000, 0x0000, 0x4061, 0xd984, 0xf1a4, 
0xe9a4, 0xe9a4, 0xe9a4, 0xe9a4, 0xe9a4, 0xe9a4, 0xe9a4, 0xe9a4, 0xe9a4, 0xe9a4, 0xe9a4, 0xe9a4, 0xe9a4, 0xe9a4, 0xe9a4, 0xe9a4, 
0xe9a4, 0xe9a4, 0xe9a4, 0xe9a4, 0xe9a4, 0xe9a4, 0xe9a4, 0xe9a4, 0xe9a4, 0xe9a4, 0xe9a4, 0xe9c4, 0xff3c, 0xffff, 0xffff, 0xffff, 
0xff3c, 0xf2a9, 0xe983, 0xe984, 0xe9c4, 0xf554, 0xffff, 0xffff, 0xffff, 0xffff, 0xffbe, 0xf3ee, 0xe963, 0xe9a4, 0xe9a4, 0xe9a4, 
0xe9a4, 0xe9a4, 0xe9a4, 0xe9a4, 0xe9a4, 0xe9a4, 0xe9a4, 0xe9a4, 0xe9a4, 0xe9a4, 0xe9a4, 0xe9a4, 0xe9a4, 0xe9a4, 0xe9a4, 0xe9a4, 
0xf1a4, 0xd984, 0x4061, 0x0000, 0x0000, 0x0000, 0x0000, 0x0000, 0x0000, 0x0000, 0x0000, 0x0000, 0x0000, 0x0000, 0x0000, 0x0000, 
0x0000, 0x0000, 0x0000, 0x0000, 0x0000, 0x0000, 0x0000, 0x0000, 0x0000, 0x0000, 0x0000, 0x0000, 0x0000, 0x0000, 0x0000, 0x0000, 
0x0000, 0x0000, 0x0000, 0x0000, 0x0000, 0x0000, 0x0000, 0x0000, 0x0000, 0x0000, 0xa534, 0xffff, 0xffff, 0xd6ba, 0x2124, 0x0000, 
0x0000, 0x18c3, 0xbdd7, 0xffff, 0xffff, 0xd6ba, 0x0000, 0x0000, 0x0000, 0x0000, 0x0000, 0x0000, 0x0000, 0x0000, 0x0000, 0x0000, 
0x0000, 0x0000, 0x0000, 0x0000, 0x0000, 0x0000, 0x0000, 0x0000, 0x0000, 0x0000, 0x0000, 0x0000, 0x0000, 0x0000, 0x0000, 0x0000, 
0x0000, 0x0000, 0x0000, 0x0000, 0x0000, 0x0000, 0x0000, 0x0000, 0x0000, 0x0000, 0x0000, 0x0000, 0x0000, 0x0000, 0x8902, 0xf1a4, 
0xe9a4, 0xe9a4, 0xe9a4, 0xe9a4, 0xe9a4, 0xe9a4, 0xe9a4, 0xe9a4, 0xe9a4, 0xe9a4, 0xe9a4, 0xe9a4, 0xe9a4, 0xe9a4, 0xe9a4, 0xe9a4, 
0xe9a4, 0xe9a4, 0xe9a4, 0xe9a4, 0xe9a4, 0xe9a4, 0xe9a4, 0xe9a4, 0xe9a4, 0xe9a4, 0xe9a4, 0xe983, 0xfeda, 0xffff, 0xffff, 0xffff, 
0xffbe, 0xf30a, 0xe963, 0xe984, 0xf3cd, 0xffbe, 0xffff, 0xffff, 0xffff, 0xffff, 0xf595, 0xe9a4, 0xe9a4, 0xe9a4, 0xe9a4, 0xe9a4, 
0xe9a4, 0xe9a4, 0xe9a4, 0xe9a4, 0xe9a4, 0xe9a4, 0xe9a4, 0xe9a4, 0xe9a4, 0xe9a4, 0xe9a4, 0xe9a4, 0xe9a4, 0xe9a4, 0xe9a4, 0xe9a4, 
0xe9a4, 0x9102, 0x0000, 0x0000, 0x0000, 0x0000, 0x0000, 0x0000, 0x0000, 0x0000, 0x0000, 0x0000, 0x0000, 0x0000, 0x0000, 0x0000, 
0x0000, 0x0000, 0x0000, 0x0000, 0x0000, 0x0000, 0x0000, 0x0000, 0x0000, 0x0000, 0x0000, 0x0000, 0x0000, 0x0000, 0x0000, 0x0000, 
0x0000, 0x0000, 0x0000, 0x0000, 0x0000, 0x0000, 0x0000, 0x0000, 0x0000, 0x0000, 0xce79, 0xffff, 0xffff, 0xbdf7, 0x18c3, 0x0000, 
0x0000, 0x0841, 0x9cd3, 0xffff, 0xffff, 0xf7be, 0x1082, 0x0000, 0x0000, 0x0000, 0x0000, 0x0000, 0x0000, 0x0000, 0x0000, 0x0000, 
0x0000, 0x0000, 0x0000, 0x0000, 0x0000, 0x0000, 0x0000, 0x0000, 0x0000, 0x0000, 0x0000, 0x0000, 0x0000, 0x0000, 0x0000, 0x0000, 
0x0000, 0x0000, 0x0000, 0x0000, 0x0000, 0x0000, 0x0000, 0x0000, 0x0000, 0x0000, 0x0000, 0x0000, 0x0000, 0x0000, 0x1820, 0xd164, 
0xe9a4, 0xe9a4, 0xe9a4, 0xe9a4, 0xe9a4, 0xe9a4, 0xe9a4, 0xe9a4, 0xe9a4, 0xe9a4, 0xe9a4, 0xe9a4, 0xe9a4, 0xe9a4, 0xe9a4, 0xe9a4, 
0xe9a4, 0xe9a4, 0xe9a4, 0xe9a4, 0xe9a4, 0xe9a4, 0xe9a4, 0xe9a4, 0xe9a4, 0xe9a4, 0xe9a4, 0xe983, 0xfe17, 0xffff, 0xffff, 0xffff, 
0xffff, 0xf34b, 0xe963, 0xea67, 0xff1b, 0xffff, 0xffff, 0xffff, 0xffff, 0xfefb, 0xea67, 0xe984, 0xe9a4, 0xe9a4, 0xe9a4, 0xe9a4, 
0xe9a4, 0xe9a4, 0xe9a4, 0xe9a4, 0xe9a4, 0xe9a4, 0xe9a4, 0xe9a4, 0xe9a4, 0xe9a4, 0xe9a4, 0xe9a4, 0xe9a4, 0xe9a4, 0xe9a4, 0xe9a4, 
0xd184, 0x1820, 0x0000, 0x0000, 0x0000, 0x0000, 0x0000, 0x0000, 0x0000, 0x0000, 0x0000, 0x0000, 0x0000, 0x0000, 0x0000, 0x0000, 
0x0000, 0x0000, 0x0000, 0x0000, 0x0000, 0x0000, 0x0000, 0x0000, 0x0000, 0x0000, 0x0000, 0x0000, 0x0000, 0x0000, 0x0000, 0x0000, 
0x0000, 0x0000, 0x0000, 0x0000, 0x0000, 0x0000, 0x0000, 0x0000, 0x0000, 0x0841, 0xf79e, 0xffff, 0xffff, 0xa514, 0x0861, 0x0000, 
0x0000, 0x0000, 0x7bcf, 0xffff, 0xffff, 0xffdf, 0x39c7, 0x0000, 0x0000, 0x0000, 0x0000, 0x0000, 0x0000, 0x0000, 0x0000, 0x0000, 
0x0000, 0x0000, 0x0000, 0x0000, 0x0000, 0x0000, 0x0000, 0x0000, 0x0000, 0x0000, 0x0000, 0x0000, 0x0000, 0x0000, 0x0000, 0x0000, 
0x0000, 0x0000, 0x0000, 0x0000, 0x0000, 0x0000, 0x0000, 0x0000, 0x0000, 0x0000, 0x0000, 0x0000, 0x0000, 0x0000, 0x0000, 0x58a1, 
0xf1a4, 0xe9a4, 0xe9a4, 0xe9a4, 0xe9a4, 0xe9a4, 0xe9a4, 0xe9a4, 0xe9a4, 0xe9a4, 0xe9a4, 0xe9a4, 0xe9a4, 0xe9a4, 0xe9a4, 0xe9a4, 
0xe9a4, 0xe9a4, 0xe9a4, 0xe9a4, 0xe9a4, 0xe9a4, 0xe9a4, 0xe9a4, 0xe9a4, 0xe9a4, 0xe9a4, 0xe984, 0xf554, 0xffff, 0xffff, 0xffff, 
0xffff, 0xf3ed, 0xe984, 0xfdd6, 0xffff, 0xffff, 0xffff, 0xffff, 0xffdf, 0xf38c, 0xe983, 0xe9a4, 0xe9a4, 0xe9a4, 0xe9a4, 0xe9a4, 
0xe9a4, 0xe9a4, 0xe9a4, 0xe9a4, 0xe9a4, 0xe9a4, 0xe9a4, 0xe9a4, 0xe9a4, 0xe9a4, 0xe9a4, 0xe9a4, 0xe9a4, 0xe9a4, 0xe9a4, 0xf1a4, 
0x60a1, 0x0000, 0x0000, 0x0000, 0x0000, 0x0000, 0x0000, 0x0000, 0x0000, 0x0000, 0x0000, 0x0000, 0x0000, 0x0000, 0x0000, 0x0000, 
0x0000, 0x0000, 0x0000, 0x0000, 0x0000, 0x0000, 0x0000, 0x0000, 0x0000, 0x0000, 0x0000, 0x0000, 0x0000, 0x0000, 0x0000, 0x0000, 
0x0000, 0x0000, 0x0000, 0x0000, 0x0000, 0x0000, 0x0000, 0x0000, 0x0000, 0x3186, 0xffdf, 0xffff, 0xffff, 0x7bef, 0x0000, 0x0000, 
0x0000, 0x0000, 0x5aeb, 0xffff, 0xffff, 0xffff, 0x632c, 0x0000, 0x0000, 0x0000, 0x0000, 0x0000, 0x0000, 0x0000, 0x0000, 0x0000, 
0x0000, 0x0000, 0x0000, 0x0000, 0x0000, 0x0000, 0x0000, 0x0000, 0x0000, 0x0000, 0x0000, 0x0000, 0x0000, 0x0000, 0x0000, 0x0000, 
0x0000, 0x0000, 0x0000, 0x0000, 0x0000, 0x0000, 0x0000, 0x0000, 0x0000, 0x0000, 0x0000, 0x0000, 0x0000, 0x0000, 0x0000, 0x0800, 
0xa923, 0xf1a4, 0xe9a4, 0xe9a4, 0xe9a4, 0xe9a4, 0xe9a4, 0xe9a4, 0xe9a4, 0xe9a4, 0xe9a4, 0xe9a4, 0xe9a4, 0xe9a4, 0xe9a4, 0xe9a4, 
0xe9a4, 0xe9a4, 0xe9a4, 0xe9a4, 0xe9a4, 0xe9a4, 0xe9a4, 0xe9a4, 0xe9a4, 0xe9a4, 0xe9a4, 0xe984, 0xf490, 0xffff, 0xffff, 0xffff, 
0xffff, 0xf470, 0xf40f, 0xffff, 0xffff, 0xffff, 0xffff, 0xffff, 0xf533, 0xe9a4, 0xe9a4, 0xe9a4, 0xe9a4, 0xe9a4, 0xe9a4, 0xe9a4, 
0xe9a4, 0xe9a4, 0xe9a4, 0xe9a4, 0xe9a4, 0xe9a4, 0xe9a4, 0xe9a4, 0xe9a4, 0xe9a4, 0xe9a4, 0xe9a4, 0xe9a4, 0xe9a4, 0xf1a4, 0xb143, 
0x0800, 0x0000, 0x0000, 0x0000, 0x0000, 0x0000, 0x0000, 0x0000, 0x0000, 0x0000, 0x0000, 0x0000, 0x0000, 0x0000, 0x0000, 0x0000, 
0x0000, 0x0000, 0x0000, 0x0000, 0x0000, 0x0000, 0x0000, 0x0000, 0x0000, 0x0000, 0x0000, 0x0000, 0x0000, 0x0000, 0x0000, 0x0000, 
0x0000, 0x0000, 0x0000, 0x0000, 0x0000, 0x0000, 0x0000, 0x0000, 0x0000, 0x5aeb, 0xffff, 0xffff, 0xffff, 0x630c, 0x0000, 0x0000, 
0x0000, 0x0000, 0x4208, 0xe73c, 0xffff, 0xffff, 0x9cd3, 0x0000, 0x0000, 0x0000, 0x0000, 0x0000, 0x0000, 0x0000, 0x0000, 0x0000, 
0x0000, 0x0000, 0x0000, 0x0000, 0x0000, 0x0000, 0x0000, 0x0000, 0x0000, 0x0000, 0x0000, 0x0000, 0x0000, 0x0000, 0x0000, 0x0000, 
0x0000, 0x0000, 0x0000, 0x0000, 0x0000, 0x0000, 0x0000, 0x0000, 0x0000, 0x0000, 0x0000, 0x0000, 0x0000, 0x0000, 0x0000, 0x0000, 
0x3861, 0xe1a4, 0xf1a4, 0xe9a4, 0xe9a4, 0xe9a4, 0xe9a4, 0xe9a4, 0xe9a4, 0xe9a4, 0xe9a4, 0xe9a4, 0xe9a4, 0xe9a4, 0xe9a4, 0xe9a4, 
0xe9a4, 0xe9a4, 0xe9a4, 0xe9a4, 0xe9a4, 0xe9a4, 0xe9a4, 0xe9a4, 0xe9a4, 0xe9a4, 0xe9a4, 0xe9a4, 0xf3cd, 0xffff, 0xffff, 0xffff, 
0xffff, 0xfe17, 0xff7d, 0xffff, 0xffff, 0xffff, 0xffff, 0xfeba, 0xea26, 0xe9a4, 0xe9a4, 0xe9a4, 0xe9a4, 0xe9a4, 0xe9a4, 0xe9a4, 
0xe9a4, 0xe9a4, 0xe9a4, 0xe9a4, 0xe9a4, 0xe9a4, 0xe9a4, 0xe9a4, 0xe9a4, 0xe9a4, 0xe9a4, 0xe9a4, 0xe9a4, 0xf1a4, 0xe1a4, 0x3861, 
0x0000, 0x0000, 0x0000, 0x0000, 0x0000, 0x0000, 0x0000, 0x0000, 0x0000, 0x0000, 0x0000, 0x0000, 0x0000, 0x0000, 0x0000, 0x0000, 
0x0000, 0x0000, 0x0000, 0x0000, 0x0000, 0x0000, 0x0000, 0x0000, 0x0000, 0x0000, 0x0000, 0x0000, 0x0000, 0x0000, 0x0000, 0x0000, 
0x0000, 0x0000, 0x0000, 0x0000, 0x0000, 0x0000, 0x0000, 0x0000, 0x0000, 0x9492, 0xffff, 0xffff, 0xef7d, 0x4228, 0x0000, 0x0000, 
0x0000, 0x0000, 0x2124, 0xce59, 0xffff, 0xffff, 0xce79, 0x0000, 0x0000, 0x0000, 0x0000, 0x0000, 0x0000, 0x0000, 0x0000, 0x0000, 
0x0000, 0x0000, 0x0000, 0x0000, 0x0000, 0x0000, 0x0000, 0x0000, 0x0000, 0x0000, 0x0000, 0x0000, 0x0000, 0x0000, 0x0000, 0x0000, 
0x0000, 0x0000, 0x0000, 0x0000, 0x0000, 0x0000, 0x0000, 0x0000, 0x0000, 0x0000, 0x0000, 0x0000, 0x0000, 0x0000, 0x0000, 0x0000, 
0x0800, 0x88e2, 0xf1c4, 0xe9a4, 0xe9a4, 0xe9a4, 0xe9a4, 0xe9a4, 0xe9a4, 0xe9a4, 0xe9a4, 0xe9a4, 0xe9a4, 0xe9a4, 0xe9a4, 0xe9a4, 
0xe9a4, 0xe9a4, 0xe9a4, 0xe9a4, 0xe9a4, 0xe9a4, 0xe9a4, 0xe9a4, 0xe9a4, 0xe9a4, 0xe9a4, 0xe9a4, 0xf30a, 0xffff, 0xffff, 0xffff, 
0xffff, 0xffff, 0xffff, 0xffff, 0xffff, 0xffff, 0xff9e, 0xf34b, 0xe984, 0xe9a4, 0xe9a4, 0xe9a4, 0xe9a4, 0xe9a4, 0xe9a4, 0xe9a4, 
0xe9a4, 0xe9a4, 0xe9a4, 0xe9a4, 0xe9a4, 0xe9a4, 0xe9a4, 0xe9a4, 0xe9a4, 0xe9a4, 0xe9a4, 0xe9a4, 0xe9a4, 0xf1c4, 0x80e2, 0x0800, 
0x0000, 0x0000, 0x0000, 0x0000, 0x0000, 0x0000, 0x0000, 0x0000, 0x0000, 0x0000, 0x0000, 0x0000, 0x0000, 0x0000, 0x0000, 0x0000, 
0x0000, 0x0000, 0x0000, 0x0000, 0x0000, 0x0000, 0x0000, 0x0000, 0x0000, 0x0000, 0x0000, 0x0000, 0x0000, 0x0000, 0x0000, 0x0000, 
0x0000, 0x0000, 0x0000, 0x0000, 0x0000, 0x0000, 0x0000, 0x0000, 0x0000, 0xce59, 0xffff, 0xffff, 0xce79, 0x2945, 0x0000, 0x0000, 
0x0000, 0x0000, 0x0020, 0xad55, 0xffff, 0xffff, 0xef5d, 0x2104, 0x0000, 0x0000, 0x0000, 0x0000, 0x0000, 0x0000, 0x0000, 0x0000, 
0x0000, 0x0000, 0x0000, 0x0000, 0x0000, 0x0000, 0x0000, 0x0000, 0x0000, 0x0000, 0x0000, 0x0000, 0x0000, 0x0000, 0x0000, 0x0000, 
0x0000, 0x0000, 0x0000, 0x0000, 0x0000, 0x0000, 0x0000, 0x0000, 0x0000, 0x0000, 0x0000, 0x0000, 0x0000, 0x0000, 0x0000, 0x0000, 
0x0000, 0x2840, 0xc963, 0xf1a4, 0xe9a4, 0xe9a4, 0xe9a4, 0xe9a4, 0xe9a4, 0xe9a4, 0xe9a4, 0xe9a4, 0xe9a4, 0xe9a4, 0xe9a4, 0xe9a4, 
0xe9a4, 0xe9a4, 0xe9a4, 0xe9a4, 0xe9a4, 0xe9a4, 0xe9a4, 0xe9a4, 0xe9a4, 0xe9a4, 0xe9a4, 0xe9a4, 0xea47, 0xffdf, 0xffff, 0xffff, 
0xffff, 0xffff, 0xffff, 0xffff, 0xffff, 0xffff, 0xf4f2, 0xe9a4, 0xe9a4, 0xe9a4, 0xe9a4, 0xe9a4, 0xe9a4, 0xe9a4, 0xe9a4, 0xe9a4, 
0xe9a4, 0xe9a4, 0xe9a4, 0xe9a4, 0xe9a4, 0xe9a4, 0xe9a4, 0xe9a4, 0xe9a4, 0xe9a4, 0xe9a4, 0xe9a4, 0xf1c4, 0xc963, 0x2840, 0x0000, 
0x0000, 0x0000, 0x0000, 0x0000, 0x0000, 0x0000, 0x0000, 0x0000, 0x0000, 0x0000, 0x0000, 0x0000, 0x0000, 0x0000, 0x0000, 0x0000, 
0x0000, 0x0000, 0x0000, 0x0000, 0x0000, 0x0000, 0x0000, 0x0000, 0x0000, 0x0000, 0x0000, 0x0000, 0x0000, 0x0000, 0x0000, 0x0000, 
0x0000, 0x0000, 0x0000, 0x0000, 0x0000, 0x0000, 0x0000, 0x0000, 0x18c3, 0xe73c, 0xffff, 0xffff, 0xad75, 0x0841, 0x0000, 0x0000, 
0x0000, 0x0000, 0x0000, 0x8410, 0xffff, 0xffff, 0xf79e, 0x5acb, 0x0000, 0x0000, 0x0000, 0x0000, 0x0000, 0x0000, 0x0000, 0x0000, 
0x0000, 0x0000, 0x0000, 0x0000, 0x0000, 0x0000, 0x0000, 0x0000, 0x0000, 0x0000, 0x0000, 0x0000, 0x0000, 0x0000, 0x0000, 0x0000, 
0x0000, 0x0000, 0x0000, 0x0000, 0x0000, 0x0000, 0x0000, 0x0000, 0x0000, 0x0000, 0x0000, 0x0000, 0x0000, 0x0000, 0x0000, 0x0000, 
0x0000, 0x0000, 0x70c2, 0xe9a4, 0xe9a4, 0xe9a4, 0xe9a4, 0xe9a4, 0xe9a4, 0xe9a4, 0xe9a4, 0xe9a4, 0xe9a4, 0xe9a4, 0xe9a4, 0xe9a4, 
0xe9a4, 0xe9a4, 0xe9a4, 0xe9a4, 0xe9a4, 0xe9a4, 0xe9a4, 0xe9a4, 0xe9a4, 0xe9a4, 0xe9a4, 0xe9a4, 0xe9c5, 0xff9e, 0xffff, 0xffff, 
0xffff, 0xffff, 0xffff, 0xffff, 0xffff, 0xfe79, 0xea47, 0xe983, 0xe9a4, 0xe9a4, 0xe9a4, 0xe9a4, 0xe9a4, 0xe9a4, 0xe9a4, 0xe9a4, 
0xe9a4, 0xe9a4, 0xe9a4, 0xe9a4, 0xe9a4, 0xe9a4, 0xe9a4, 0xe9a4, 0xe9a4, 0xe9a4, 0xe9a4, 0xe9a4, 0xe9a4, 0x68c2, 0x0000, 0x0000, 
0x0000, 0x0000, 0x0000, 0x0000, 0x0000, 0x0000, 0x0000, 0x0000, 0x0000, 0x0000, 0x0000, 0x0000, 0x0000, 0x0000, 0x0000, 0x0000, 
0x0000, 0x0000, 0x0000, 0x0000, 0x0000, 0x0000, 0x0000, 0x0000, 0x0000, 0x0000, 0x0000, 0x0000, 0x0000, 0x0000, 0x0000, 0x0000, 
0x0000, 0x0000, 0x0000, 0x0000, 0x0000, 0x0000, 0x0000, 0x0000, 0x4a69, 0xf79e, 0xffff, 0xffff, 0x8c51, 0x0000, 0x0000, 0x0000, 
0x0000, 0x0000, 0x0000, 0x52aa, 0xef7d, 0xffff, 0xffff, 0x94b2, 0x0000, 0x0000, 0x0000, 0x0000, 0x0000, 0x0000, 0x0000, 0x0000, 
0x0000, 0x0000, 0x0000, 0x0000, 0x0000, 0x0000, 0x0000, 0x0000, 0x0000, 0x0000, 0x0000, 0x0000, 0x0000, 0x0000, 0x0000, 0x0000, 
0x0000, 0x0000, 0x0000, 0x0000, 0x0000, 0x0000, 0x0000, 0x0000, 0x0000, 0x0000, 0x0000, 0x0000, 0x0000, 0x0000, 0x0000, 0x0000, 
0x0000, 0x0000, 0x1020, 0xb143, 0xf1c4, 0xe9a4, 0xe9a4, 0xe9a4, 0xe9a4, 0xe9a4, 0xe9a4, 0xe9a4, 0xe9a4, 0xe9a4, 0xe9a4, 0xe9a4, 
0xe9a4, 0xe9a4, 0xe9a4, 0xe9a4, 0xe9a4, 0xe9a4, 0xe9a4, 0xe9a4, 0xe9a4, 0xe9a4, 0xe9a4, 0xe9a4, 0xe9c4, 0xfeda, 0xffff, 0xffff, 
0xffff, 0xffff, 0xffff, 0xffff, 0xff5d, 0xf36c, 0xe963, 0xe9a4, 0xe9a4, 0xe9a4, 0xe9a4, 0xe9a4, 0xe9a4, 0xe9a4, 0xe9a4, 0xe9a4, 
0xe9a4, 0xe9a4, 0xe9a4, 0xe9a4, 0xe9a4, 0xe9a4, 0xe9a4, 0xe9a4, 0xe9a4, 0xe9a4, 0xe9a4, 0xf1c4, 0xb143, 0x1000, 0x0000, 0x0000, 
0x0000, 0x0000, 0x0000, 0x0000, 0x0000, 0x0000, 0x0000, 0x0000, 0x0000, 0x0000, 0x0000, 0x0000, 0x0000, 0x0000, 0x0000, 0x0000, 
0x0000, 0x0000, 0x0000, 0x0000, 0x0000, 0x0000, 0x0000, 0x0000, 0x0000, 0x0000, 0x0000, 0x0000, 0x0000, 0x0000, 0x0000, 0x0000, 
0x0000, 0x0000, 0x0000, 0x0000, 0x0000, 0x0000, 0x0000, 0x0000, 0x8c71, 0xffff, 0xffff, 0xf79e, 0x5acb, 0x0000, 0x0000, 0x0000, 
0x0000, 0x0000, 0x0000, 0x2104, 0xd6ba, 0xffff, 0xffff, 0xc638, 0x0841, 0x0000, 0x0000, 0x0000, 0x0000, 0x0000, 0x0000, 0x0000, 
0x0000, 0x0000, 0x0000, 0x0000, 0x0000, 0x0000, 0x0000, 0x0000, 0x0000, 0x0000, 0x0000, 0x0000, 0x0000, 0x0000, 0x0000, 0x0000, 
0x0000, 0x0000, 0x0000, 0x0000, 0x0000, 0x0000, 0x0000, 0x0000, 0x0000, 0x0000, 0x0000, 0x0000, 0x0000, 0x0000, 0x0000, 0x0000, 
0x0000, 0x0000, 0x0000, 0x5081, 0xe1a4, 0xf1a4, 0xe9a4, 0xe9a4, 0xe9a4, 0xe9a4, 0xe9a4, 0xe9a4, 0xe9a4, 0xe9a4, 0xe9a4, 0xe9a4, 
0xe9a4, 0xe9a4, 0xe9a4, 0xe9a4, 0xe9a4, 0xe9a4, 0xe9a4, 0xe9a4, 0xe9a4, 0xe9a4, 0xe9a4, 0xe9a4, 0xe9c4, 0xfe17, 0xffff, 0xffff, 
0xffff, 0xffff, 0xffff, 0xffff, 0xf513, 0xe983, 0xe9a4, 0xe9a4, 0xe9a4, 0xe9a4, 0xe9a4, 0xe9a4, 0xe9a4, 0xe9a4, 0xe9a4, 0xe9a4, 
0xe9a4, 0xe9a4, 0xe9a4, 0xe9a4, 0xe9a4, 0xe9a4, 0xe9a4, 0xe9a4, 0xe9a4, 0xe9a4, 0xf1a4, 0xe184, 0x5081, 0x0000, 0x0000, 0x0000, 
0x0000, 0x0000, 0x0000, 0x0000, 0x0000, 0x0000, 0x0000, 0x0000, 0x0000, 0x0000, 0x0000, 0x0000, 0x0000, 0x0000, 0x0000, 0x0000, 
0x0000, 0x0000, 0x0000, 0x0000, 0x0000, 0x0000, 0x0000, 0x0000, 0x0000, 0x0000, 0x0000, 0x0000, 0x0000, 0x0000, 0x0000, 0x0000, 
0x0000, 0x0000, 0x0000, 0x0000, 0x0000, 0x0000, 0x0000, 0x0020, 0xc618, 0xffff, 0xffff, 0xdedb, 0x2124, 0x0000, 0x0000, 0x0000, 
0x0000, 0x0000, 0x0000, 0x0000, 0xb5b6, 0xffff, 0xffff, 0xe71c, 0x39c7, 0x0000, 0x0000, 0x0000, 0x0000, 0x0000, 0x0000, 0x0000, 
0x0000, 0x0000, 0x0000, 0x0000, 0x0000, 0x0000, 0x0000, 0x0000, 0x0000, 0x0000, 0x0000, 0x0000, 0x0000, 0x0000, 0x0000, 0x0000, 
0x0000, 0x0000, 0x0000, 0x0000, 0x0000, 0x0000, 0x0000, 0x0000, 0x0000, 0x0000, 0x0000, 0x0000, 0x0000, 0x0000, 0x0000, 0x0000, 
0x0000, 0x0000, 0x0000, 0x0000, 0x9923, 0xf1a4, 0xe9a4, 0xe9a4, 0xe9a4, 0xe9a4, 0xe9a4, 0xe9a4, 0xe9a4, 0xe9a4, 0xe9a4, 0xe9a4, 
0xe9a4, 0xe9a4, 0xe9a4, 0xe9a4, 0xe9a4, 0xe9a4, 0xe9a4, 0xe9a4, 0xe9a4, 0xe9a4, 0xe9a4, 0xe9a4, 0xe9a4, 0xf554, 0xffff, 0xffff, 
0xffff, 0xffff, 0xffff, 0xfe99, 0xe9e5, 0xe9a4, 0xe9a4, 0xe9a4, 0xe9a4, 0xe9a4, 0xe9a4, 0xe9a4, 0xe9a4, 0xe9a4, 0xe9a4, 0xe9a4, 
0xe9a4, 0xe9a4, 0xe9a4, 0xe9a4, 0xe9a4, 0xe9a4, 0xe9a4, 0xe9a4, 0xe9a4, 0xe9a4, 0xf1a4, 0x9903, 0x0000, 0x0000, 0x0000, 0x0000, 
0x0000, 0x0000, 0x0000, 0x0000, 0x0000, 0x0000, 0x0000, 0x0000, 0x0000, 0x0000, 0x0000, 0x0000, 0x0000, 0x0000, 0x0000, 0x0000, 
0x0000, 0x0000, 0x0000, 0x0000, 0x0000, 0x0000, 0x0000, 0x0000, 0x0000, 0x0000, 0x0000, 0x0000, 0x0000, 0x0000, 0x0000, 0x0000, 
0x0000, 0x0000, 0x0000, 0x0000, 0x0000, 0x0000, 0x0000, 0x31a6, 0xdefb, 0xffff, 0xffff, 0xbdd7, 0x0000, 0x0000, 0x0000, 0x0000, 
0x0000, 0x0000, 0x0000, 0x0000, 0x73ae, 0xffdf, 0xffff, 0xffdf, 0x738e, 0x0000, 0x0000, 0x0000, 0x0000, 0x0000, 0x0000, 0x0000, 
0x0000, 0x0000, 0x0000, 0x0000, 0x0000, 0x0000, 0x0000, 0x0000, 0x0000, 0x0000, 0x0000, 0x0000, 0x0000, 0x0000, 0x0000, 0x0000, 
0x0000, 0x0000, 0x0000, 0x0000, 0x0000, 0x0000, 0x0000, 0x0000, 0x0000, 0x0000, 0x0000, 0x0000, 0x0000, 0x0000, 0x0000, 0x0000, 
0x0000, 0x0000, 0x0000, 0x0000, 0x2040, 0xd984, 0xe9a4, 0xe9a4, 0xe9a4, 0xe9a4, 0xe9a4, 0xe9a4, 0xe9a4, 0xe9a4, 0xe9a4, 0xe9a4, 
0xe9a4, 0xe9a4, 0xe9a4, 0xe9a4, 0xe9a4, 0xe9a4, 0xe9a4, 0xe9a4, 0xe9a4, 0xe9a4, 0xe9a4, 0xe9a4, 0xe9a4, 0xf491, 0xffff, 0xffff, 
0xffff, 0xffff, 0xff9e, 0xf30a, 0xe9a4, 0xe9a4, 0xe9a4, 0xe9a4, 0xe9a4, 0xe9a4, 0xe9a4, 0xe9a4, 0xe9a4, 0xe9a4, 0xe9a4, 0xe9a4, 
0xe9a4, 0xe9a4, 0xe9a4, 0xe9a4, 0xe9a4, 0xe9a4, 0xe9a4, 0xe9a4, 0xe9a4, 0xe9a4, 0xd984, 0x2040, 0x0000, 0x0000, 0x0000, 0x0000, 
0x0000, 0x0000, 0x0000, 0x0000, 0x0000, 0x0000, 0x0000, 0x0000, 0x0000, 0x0000, 0x0000, 0x0000, 0x0000, 0x0000, 0x0000, 0x0000, 
0x0000, 0x0000, 0x0000, 0x0000, 0x0000, 0x0000, 0x0000, 0x0000, 0x0000, 0x0000, 0x0000, 0x0000, 0x0000, 0x0000, 0x0000, 0x0000, 
0x0000, 0x0000, 0x0000, 0x0000, 0x0000, 0x0000, 0x0000, 0x6b6d, 0xf7be, 0xffff, 0xffdf, 0x7bef, 0x0000, 0x0000, 0x0000, 0x0000, 
0x0000, 0x0000, 0x0000, 0x0000, 0x2965, 0xef7d, 0xffff, 0xffff, 0xad55, 0x0841, 0x0000, 0x0000, 0x0000, 0x0000, 0x0000, 0x0000, 
0x0000, 0x0000, 0x0000, 0x0000, 0x0000, 0x0000, 0x0000, 0x0000, 0x0000, 0x0000, 0x0000, 0x0000, 0x0000, 0x0000, 0x0000, 0x0000, 
0x0000, 0x0000, 0x0000, 0x0000, 0x0000, 0x0000, 0x0000, 0x0000, 0x0000, 0x0000, 0x0000, 0x0000, 0x0000, 0x0000, 0x0000, 0x0000, 
0x0000, 0x0000, 0x0000, 0x0000, 0x0000, 0x68c2, 0xf1a4, 0xe9a4, 0xe9a4, 0xe9a4, 0xe9a4, 0xe9a4, 0xe9a4, 0xe9a4, 0xe9a4, 0xe9a4, 
0xe9a4, 0xe9a4, 0xe9a4, 0xe9a4, 0xe9a4, 0xe9a4, 0xe9a4, 0xe9a4, 0xe9a4, 0xe9a4, 0xe9a4, 0xe9a4, 0xe9a4, 0xf34b, 0xffff, 0xffff, 
0xffff, 0xffff, 0xf491, 0xe984, 0xe9a4, 0xe9a4, 0xe9a4, 0xe9a4, 0xe9a4, 0xe9a4, 0xe9a4, 0xe9a4, 0xe9a4, 0xe9a4, 0xe9a4, 0xe9a4, 
0xe9a4, 0xe9a4, 0xe9a4, 0xe9a4, 0xe9a4, 0xe9a4, 0xe9a4, 0xe9a4, 0xe9a4, 0xf1a4, 0x70c2, 0x0000, 0x0000, 0x0000, 0x0000, 0x0000, 
0x0000, 0x0000, 0x0000, 0x0000, 0x0000, 0x0000, 0x0000, 0x0000, 0x0000, 0x0000, 0x0000, 0x0000, 0x0000, 0x0000, 0x0000, 0x0000, 
0x0000, 0x0000, 0x0000, 0x0000, 0x0000, 0x0000, 0x0000, 0x0000, 0x0000, 0x0000, 0x0000, 0x0000, 0x0000, 0x0000, 0x0000, 0x0000, 
0x0000, 0x0000, 0x0000, 0x0000, 0x0000, 0x0000, 0x0841, 0xa534, 0xffff, 0xffff, 0xf79e, 0x31a6, 0x0000, 0x0000, 0x0000, 0x0000, 
0x0000, 0x0000, 0x0000, 0x0000, 0x0000, 0xc638, 0xffff, 0xffff, 0xdefb, 0x31a6, 0x0000, 0x0000, 0x0000, 0x0000, 0x0000, 0x0000, 
0x0000, 0x0000, 0x0000, 0x0000, 0x0000, 0x0000, 0x0000, 0x0000, 0x0000, 0x0000, 0x0000, 0x0000, 0x0000, 0x0000, 0x0000, 0x0000, 
0x0000, 0x0000, 0x0000, 0x0000, 0x0000, 0x0000, 0x0000, 0x0000, 0x0000, 0x0000, 0x0000, 0x0000, 0x0000, 0x0000, 0x0000, 0x0000, 
0x0000, 0x0000, 0x0000, 0x0000, 0x0000, 0x0800, 0xb943, 0xf1a4, 0xe9a4, 0xe9a4, 0xe9a4, 0xe9a4, 0xe9a4, 0xe9a4, 0xe9a4, 0xe9a4, 
0xe9a4, 0xe9a4, 0xe9a4, 0xe9a4, 0xe9a4, 0xe9a4, 0xe9a4, 0xe9a4, 0xe9a4, 0xe9a4, 0xe9a4, 0xe9a4, 0xe9a4, 0xe9e5, 0xf513, 0xffbe, 
0xffbe, 0xf533, 0xe9e5, 0xe9a4, 0xe9a4, 0xe9a4, 0xe9a4, 0xe9a4, 0xe9a4, 0xe9a4, 0xe9a4, 0xe9a4, 0xe9a4, 0xe9a4, 0xe9a4, 0xe9a4, 
0xe9a4, 0xe9a4, 0xe9a4, 0xe9a4, 0xe9a4, 0xe9a4, 0xe9a4, 0xe9a4, 0xf1a4, 0xb943, 0x1020, 0x0000, 0x0000, 0x0000, 0x0000, 0x0000, 
0x0000, 0x0000, 0x0000, 0x0000, 0x0000, 0x0000, 0x0000, 0x0000, 0x0000, 0x0000, 0x0000, 0x0000, 0x0000, 0x0000, 0x0000, 0x0000, 
0x0000, 0x0000, 0x0000, 0x0000, 0x0000, 0x0000, 0x0000, 0x0000, 0x0000, 0x0000, 0x0000, 0x0000, 0x0000, 0x0000, 0x0000, 0x0000, 
0x0000, 0x0000, 0x0000, 0x0000, 0x0000, 0x0000, 0x3186, 0xdedb, 0xffff, 0xffff, 0xce79, 0x0020, 0x0000, 0x0000, 0x0000, 0x0000, 
0x0000, 0x0000, 0x0000, 0x0000, 0x0000, 0x73ae, 0xffff, 0xffff, 0xffff, 0x6b4d, 0x0000, 0x0000, 0x0000, 0x0000, 0x0000, 0x0000, 
0x0000, 0x0000, 0x0000, 0x0000, 0x0000, 0x0000, 0x0000, 0x0000, 0x0000, 0x0000, 0x0000, 0x0000, 0x0000, 0x0000, 0x0000, 0x0000, 
0x0000, 0x0000, 0x0000, 0x0000, 0x0000, 0x0000, 0x0000, 0x0000, 0x0000, 0x0000, 0x0000, 0x0000, 0x0000, 0x0000, 0x0000, 0x0000, 
0x0000, 0x0000, 0x0000, 0x0000, 0x0000, 0x0000, 0x4061, 0xe9a4, 0xe9a4, 0xe9a4, 0xe9a4, 0xe9a4, 0xe9a4, 0xe9a4, 0xe9a4, 0xe9a4, 
0xe9a4, 0xe9a4, 0xe9a4, 0xe9a4, 0xe9a4, 0xe9a4, 0xe9a4, 0xe9a4, 0xe9a4, 0xe9a4, 0xe9a4, 0xe9a4, 0xe9a4, 0xe9a4, 0xe9e5, 0xf2c9, 
0xf2c9, 0xe9e5, 0xe9a4, 0xe9a4, 0xe9a4, 0xe9a4, 0xe9a4, 0xe9a4, 0xe9a4, 0xe9a4, 0xe9a4, 0xe9a4, 0xe9a4, 0xe9a4, 0xe9a4, 0xe9a4, 
0xe9a4, 0xe9a4, 0xe9a4, 0xe9a4, 0xe9a4, 0xe9a4, 0xe9a4, 0xe9a4, 0xe9a4, 0x4081, 0x0000, 0x0000, 0x0000, 0x0000, 0x0000, 0x0000, 
0x0000, 0x0000, 0x0000, 0x0000, 0x0000, 0x0000, 0x0000, 0x0000, 0x0000, 0x0000, 0x0000, 0x0000, 0x0000, 0x0000, 0x0000, 0x0000, 
0x0000, 0x0000, 0x0000, 0x0000, 0x0000, 0x0000, 0x0000, 0x0000, 0x0000, 0x0000, 0x0000, 0x0000, 0x0000, 0x0000, 0x0000, 0x0000, 
0x0000, 0x0000, 0x0000, 0x0000, 0x0000, 0x0000, 0x630c, 0xffff, 0xffff, 0xffff, 0x7bef, 0x0000, 0x0000, 0x0000, 0x0000, 0x0000, 
0x0000, 0x0000, 0x0000, 0x0000, 0x0000, 0x2104, 0xffdf, 0xffff, 0xffff, 0xad75, 0x1082, 0x0000, 0x0000, 0x0000, 0x0000, 0x0000, 
0x0000, 0x0000, 0x0000, 0x0000, 0x0000, 0x0000, 0x0000, 0x0000, 0x0000, 0x0000, 0x0000, 0x0000, 0x0000, 0x0000, 0x0000, 0x0000, 
0x0000, 0x0000, 0x0000, 0x0000, 0x0000, 0x0000, 0x0000, 0x0000, 0x0000, 0x0000, 0x0000, 0x0000, 0x0000, 0x0000, 0x0000, 0x0000, 
0x0000, 0x0000, 0x0000, 0x0000, 0x0000, 0x0000, 0x0800, 0x9102, 0xf1c4, 0xe9a4, 0xe9a4, 0xe9a4, 0xe9a4, 0xe9a4, 0xe9a4, 0xe9a4, 
0xe9a4, 0xe9a4, 0xe9a4, 0xe9a4, 0xe9a4, 0xe9a4, 0xe9a4, 0xe9a4, 0xe9a4, 0xe9a4, 0xe9a4, 0xe9a4, 0xe9a4, 0xe9a4, 0xe9a4, 0xe983, 
0xe983, 0xe9a4, 0xe9a4, 0xe9a4, 0xe9a4, 0xe9a4, 0xe9a4, 0xe9a4, 0xe9a4, 0xe9a4, 0xe9a4, 0xe9a4, 0xe9a4, 0xe9a4, 0xe9a4, 0xe9a4, 
0xe9a4, 0xe9a4, 0xe9a4, 0xe9a4, 0xe9a4, 0xe9a4, 0xe9a4, 0xf1c4, 0x9102, 0x0800, 0x0000, 0x0000, 0x0000, 0x0000, 0x0000, 0x0000, 
0x0000, 0x0000, 0x0000, 0x0000, 0x0000, 0x0000, 0x0000, 0x0000, 0x0000, 0x0000, 0x0000, 0x0000, 0x0000, 0x0000, 0x0000, 0x0000, 
0x0000, 0x0000, 0x0000, 0x0000, 0x0000, 0x0000, 0x0000, 0x0000, 0x0000, 0x0000, 0x0000, 0x0000, 0x0000, 0x0000, 0x0000, 0x0000, 
0x0000, 0x0000, 0x0000, 0x0000, 0x0000, 0x1082, 0xad55, 0xffff, 0xffff, 0xffdf, 0x2945, 0x0000, 0x0000, 0x0000, 0x0000, 0x0000, 
0x0000, 0x0000, 0x0000, 0x0000, 0x0000, 0x0000, 0xb5b6, 0xffff, 0xffff, 0xf7be, 0x39c7, 0x0000, 0x0000, 0x0000, 0x0000, 0x0000, 
0x0000, 0x0000, 0x0000, 0x0000, 0x0000, 0x0000, 0x0000, 0x0000, 0x0000, 0x0000, 0x0000, 0x0000, 0x0000, 0x0000, 0x0000, 0x0000, 
0x0000, 0x0000, 0x0000, 0x0000, 0x0000, 0x0000, 0x0000, 0x0000, 0x0000, 0x0000, 0x0000, 0x0000, 0x0000, 0x0000, 0x0000, 0x0000, 
0x0000, 0x0000, 0x0000, 0x0000, 0x0000, 0x0000, 0x0000, 0x3040, 0xd184, 0xf1c4, 0xe9a4, 0xe9a4, 0xe9a4, 0xe9a4, 0xe9a4, 0xe9a4, 
0xe9a4, 0xe9a4, 0xe9a4, 0xe9a4, 0xe9a4, 0xe9a4, 0xe9a4, 0xe9a4, 0xe9a4, 0xe9a4, 0xe9a4, 0xe9a4, 0xe9a4, 0xe9a4, 0xe9a4, 0xe9a4, 
0xe9a4, 0xe9a4, 0xe9a4, 0xe9a4, 0xe9a4, 0xe9a4, 0xe9a4, 0xe9a4, 0xe9a4, 0xe9a4, 0xe9a4, 0xe9a4, 0xe9a4, 0xe9a4, 0xe9a4, 0xe9a4, 
0xe9a4, 0xe9a4, 0xe9a4, 0xe9a4, 0xe9a4, 0xe9a4, 0xf1c4, 0xd184, 0x3060, 0x0000, 0x0000, 0x0000, 0x0000, 0x0000, 0x0000, 0x0000, 
0x0000, 0x0000, 0x0000, 0x0000, 0x0000, 0x0000, 0x0000, 0x0000, 0x0000, 0x0000, 0x0000, 0x0000, 0x0000, 0x0000, 0x0000, 0x0000, 
0x0000, 0x0000, 0x0000, 0x0000, 0x0000, 0x0000, 0x0000, 0x0000, 0x0000, 0x0000, 0x0000, 0x0000, 0x0000, 0x0000, 0x0000, 0x0000, 
0x0000, 0x0000, 0x0000, 0x0000, 0x0000, 0x31a6, 0xf79e, 0xffff, 0xffff, 0xbdf7, 0x0000, 0x0000, 0x0000, 0x0000, 0x0000, 0x0000, 
0x0000, 0x0000, 0x0000, 0x0000, 0x0000, 0x0000, 0x528a, 0xffff, 0xffff, 0xffff, 0x8410, 0x0000, 0x0000, 0x0000, 0x0000, 0x0000, 
0x0000, 0x0000, 0x0000, 0x0000, 0x0000, 0x0000, 0x0000, 0x0000, 0x0000, 0x0000, 0x0000, 0x0000, 0x0000, 0x0000, 0x0000, 0x0000, 
0x0000, 0x0000, 0x0000, 0x0000, 0x0000, 0x0000, 0x0000, 0x0000, 0x0000, 0x0000, 0x0000, 0x0000, 0x0000, 0x0000, 0x0000, 0x0000, 
0x0000, 0x0000, 0x0000, 0x0000, 0x0000, 0x0000, 0x0000, 0x0000, 0x70c2, 0xf1a4, 0xe9a4, 0xe9a4, 0xe9a4, 0xe9a4, 0xe9a4, 0xe9a4, 
0xe9a4, 0xe9a4, 0xe9a4, 0xe9a4, 0xe9a4, 0xe9a4, 0xe9a4, 0xe9a4, 0xe9a4, 0xe9a4, 0xe9a4, 0xe9a4, 0xe9a4, 0xe9a4, 0xe9a4, 0xe9a4, 
0xe9a4, 0xe9a4, 0xe9a4, 0xe9a4, 0xe9a4, 0xe9a4, 0xe9a4, 0xe9a4, 0xe9a4, 0xe9a4, 0xe9a4, 0xe9a4, 0xe9a4, 0xe9a4, 0xe9a4, 0xe9a4, 
0xe9a4, 0xe9a4, 0xe9a4, 0xe9a4, 0xe9a4, 0xe9a4, 0xf1a4, 0x78e2, 0x0000, 0x0000, 0x0000, 0x0000, 0x0000, 0x0000, 0x0000, 0x0000, 
0x0000, 0x0000, 0x0000, 0x0000, 0x0000, 0x0000, 0x0000, 0x0000, 0x0000, 0x0000, 0x0000, 0x0000, 0x0000, 0x0000, 0x0000, 0x0000, 
0x0000, 0x0000, 0x0000, 0x0000, 0x0000, 0x0000, 0x0000, 0x0000, 0x0000, 0x0000, 0x0000, 0x0000, 0x0000, 0x0000, 0x0000, 0x0000, 
0x0000, 0x0000, 0x0000, 0x0000, 0x0000, 0x7bcf, 0xffff, 0xffff, 0xffff, 0x5acb, 0x0000, 0x0000, 0x0000, 0x0000, 0x0000, 0x0000, 
0x0000, 0x0000, 0x0000, 0x0000, 0x0000, 0x0000, 0x10a2, 0xdedb, 0xffff, 0xffff, 0xe71c, 0x18c3, 0x0000, 0x0000, 0x0000, 0x0000, 
0x0000, 0x0000, 0x0000, 0x0000, 0x0000, 0x0000, 0x0000, 0x0000, 0x0000, 0x0000, 0x0000, 0x0000, 0x0000, 0x0000, 0x0000, 0x0000, 
0x0000, 0x0000, 0x0000, 0x0000, 0x0000, 0x0000, 0x0000, 0x0000, 0x0000, 0x0000, 0x0000, 0x0000, 0x0000, 0x0000, 0x0000, 0x0000, 
0x0000, 0x0000, 0x0000, 0x0000, 0x0000, 0x0000, 0x0000, 0x0000, 0x1820, 0xb943, 0xf1a4, 0xe9a4, 0xe9a4, 0xe9a4, 0xe9a4, 0xe9a4, 
0xe9a4, 0xe9a4, 0xe9a4, 0xe9a4, 0xe9a4, 0xe9a4, 0xe9a4, 0xe9a4, 0xe9a4, 0xe9a4, 0xe9a4, 0xe9a4, 0xe9a4, 0xe9a4, 0xe9a4, 0xe9a4, 
0xe9a4, 0xe9a4, 0xe9a4, 0xe9a4, 0xe9a4, 0xe9a4, 0xe9a4, 0xe9a4, 0xe9a4, 0xe9a4, 0xe9a4, 0xe9a4, 0xe9a4, 0xe9a4, 0xe9a4, 0xe9a4, 
0xe9a4, 0xe9a4, 0xe9a4, 0xe9a4, 0xe9a4, 0xf1a4, 0xb943, 0x1820, 0x0000, 0x0000, 0x0000, 0x0000, 0x0000, 0x0000, 0x0000, 0x0000, 
0x0000, 0x0000, 0x0000, 0x0000, 0x0000, 0x0000, 0x0000, 0x0000, 0x0000, 0x0000, 0x0000, 0x0000, 0x0000, 0x0000, 0x0000, 0x0000, 
0x0000, 0x0000, 0x0000, 0x0000, 0x0000, 0x0000, 0x0000, 0x0000, 0x0000, 0x0000, 0x0000, 0x0000, 0x0000, 0x0000, 0x0000, 0x0000, 
0x0000, 0x0000, 0x0000, 0x0000, 0x10a2, 0xdedb, 0xffff, 0xffff, 0xe71c, 0x18c3, 0x0000, 0x0000, 0x0000, 0x0000, 0x0000, 0x0000, 
0x0000, 0x0000, 0x0000, 0x0000, 0x0000, 0x0000, 0x0020, 0x7bef, 0xffff, 0xffff, 0xffff, 0x6b4d, 0x0000, 0x0000, 0x0000, 0x0000, 
0x0000, 0x0000, 0x0000, 0x0000, 0x0000, 0x0000, 0x0000, 0x0000, 0x0000, 0x0000, 0x0000, 0x0000, 0x0000, 0x0000, 0x0000, 0x0000, 
0x0000, 0x0000, 0x0000, 0x0000, 0x0000, 0x0000, 0x0000, 0x0000, 0x0000, 0x0000, 0x0000, 0x0000, 0x0000, 0x0000, 0x0000, 0x0000, 
0x0000, 0x0000, 0x0000, 0x0000, 0x0000, 0x0000, 0x0000, 0x0000, 0x0000, 0x58a1, 0xe1a4, 0xe9a4, 0xe9a4, 0xe9a4, 0xe9a4, 0xe9a4, 
0xe9a4, 0xe9a4, 0xe9a4, 0xe9a4, 0xe9a4, 0xe9a4, 0xe9a4, 0xe9a4, 0xe9a4, 0xe9a4, 0xe9a4, 0xe9a4, 0xe9a4, 0xe9a4, 0xe9a4, 0xe9a4, 
0xe9a4, 0xe9a4, 0xe9a4, 0xe9a4, 0xe9a4, 0xe9a4, 0xe9a4, 0xe9a4, 0xe9a4, 0xe9a4, 0xe9a4, 0xe9a4, 0xe9a4, 0xe9a4, 0xe9a4, 0xe9a4, 
0xe9a4, 0xe9a4, 0xe9a4, 0xe9a4, 0xe9a4, 0xe1a4, 0x58a1, 0x0000, 0x0000, 0x0000, 0x0000, 0x0000, 0x0000, 0x0000, 0x0000, 0x0000, 
0x0000, 0x0000, 0x0000, 0x0000, 0x0000, 0x0000, 0x0000, 0x0000, 0x0000, 0x0000, 0x0000, 0x0000, 0x0000, 0x0000, 0x0000, 0x0000, 
0x0000, 0x0000, 0x0000, 0x0000, 0x0000, 0x0000, 0x0000, 0x0000, 0x0000, 0x0000, 0x0000, 0x0000, 0x0000, 0x0000, 0x0000, 0x0000, 
0x0000, 0x0000, 0x0000, 0x0000, 0x630c, 0xffff, 0xffff, 0xffff, 0x8430, 0x0020, 0x0000, 0x0000, 0x0000, 0x0000, 0x0000, 0x0000, 
0x0000, 0x0000, 0x0000, 0x0000, 0x0000, 0x0000, 0x0000, 0x31a6, 0xe73c, 0xffff, 0xffff, 0xdedb, 0x0841, 0x0000, 0x0000, 0x0000, 
0x0000, 0x0000, 0x0000, 0x0000, 0x0000, 0x0000, 0x0000, 0x0000, 0x0000, 0x0000, 0x0000, 0x0000, 0x0000, 0x0000, 0x0000, 0x0000, 
0x0000, 0x0000, 0x0000, 0x0000, 0x0000, 0x0000, 0x0000, 0x0000, 0x0000, 0x0000, 0x0000, 0x0000, 0x0000, 0x0000, 0x0000, 0x0000, 
0x0000, 0x0000, 0x0000, 0x0000, 0x0000, 0x0000, 0x0000, 0x0000, 0x0000, 0x0000, 0xa123, 0xe9a4, 0xe9a4, 0xe9a4, 0xe9a4, 0xe9a4, 
0xe9a4, 0xe9a4, 0xe9a4, 0xe9a4, 0xe9a4, 0xe9a4, 0xe9a4, 0xe9a4, 0xe9a4, 0xe9a4, 0xe9a4, 0xe9a4, 0xe9a4, 0xe9a4, 0xe9a4, 0xe9a4, 
0xe9a4, 0xe9a4, 0xe9a4, 0xe9a4, 0xe9a4, 0xe9a4, 0xe9a4, 0xe9a4, 0xe9a4, 0xe9a4, 0xe9a4, 0xe9a4, 0xe9a4, 0xe9a4, 0xe9a4, 0xe9a4, 
0xe9a4, 0xe9a4, 0xe9a4, 0xe9a4, 0xe9a4, 0xa923, 0x0000, 0x0000, 0x0000, 0x0000, 0x0000, 0x0000, 0x0000, 0x0000, 0x0000, 0x0000, 
0x0000, 0x0000, 0x0000, 0x0000, 0x0000, 0x0000, 0x0000, 0x0000, 0x0000, 0x0000, 0x0000, 0x0000, 0x0000, 0x0000, 0x0000, 0x0000, 
0x0000, 0x0000, 0x0000, 0x0000, 0x0000, 0x0000, 0x0000, 0x0000, 0x0000, 0x0000, 0x0000, 0x0000, 0x0000, 0x0000, 0x0000, 0x0000, 
0x0000, 0x0000, 0x0000, 0x0020, 0xd6ba, 0xffff, 0xffff, 0xef5d, 0x39c7, 0x0000, 0x0000, 0x0000, 0x0000, 0x0000, 0x0000, 0x0000, 
0x0000, 0x0000, 0x0000, 0x0000, 0x0000, 0x0000, 0x0000, 0x0020, 0x94b2, 0xffff, 0xffff, 0xffff, 0x5aeb, 0x0000, 0x0000, 0x0000, 
0x0000, 0x0000, 0x0000, 0x0000, 0x0000, 0x0000, 0x0000, 0x0000, 0x0000, 0x0000, 0x0000, 0x0000, 0x0000, 0x0000, 0x0000, 0x0000, 
0x0000, 0x0000, 0x0000, 0x0000, 0x0000, 0x0000, 0x0000, 0x0000, 0x0000, 0x0000, 0x0000, 0x0000, 0x0000, 0x0000, 0x0000, 0x0000, 
0x0000, 0x0000, 0x0000, 0x0000, 0x0000, 0x0000, 0x0000, 0x0000, 0x0000, 0x0000, 0x2840, 0xe184, 0xe9a4, 0xe9a4, 0xe9a4, 0xe9a4, 
0xe9a4, 0xe9a4, 0xe9a4, 0xe9a4, 0xe9a4, 0xe9a4, 0xe9a4, 0xe9a4, 0xe9a4, 0xe9a4, 0xe9a4, 0xe9a4, 0xe9a4, 0xe9a4, 0xe9a4, 0xe9a4, 
0xe9a4, 0xe9a4, 0xe9a4, 0xe9a4, 0xe9a4, 0xe9a4, 0xe9a4, 0xe9a4, 0xe9a4, 0xe9a4, 0xe9a4, 0xe9a4, 0xe9a4, 0xe9a4, 0xe9a4, 0xe9a4, 
0xe9a4, 0xe9a4, 0xe9a4, 0xe9a4, 0xe184, 0x2840, 0x0000, 0x0000, 0x0000, 0x0000, 0x0000, 0x0000, 0x0000, 0x0000, 0x0000, 0x0000, 
0x0000, 0x0000, 0x0000, 0x0000, 0x0000, 0x0000, 0x0000, 0x0000, 0x0000, 0x0000, 0x0000, 0x0000, 0x0000, 0x0000, 0x0000, 0x0000, 
0x0000, 0x0000, 0x0000, 0x0000, 0x0000, 0x0000, 0x0000, 0x0000, 0x0000, 0x0000, 0x0000, 0x0000, 0x0000, 0x0000, 0x0000, 0x0000, 
0x0000, 0x0000, 0x0000, 0x52aa, 0xffff, 0xffff, 0xffff, 0x9cf3, 0x0841, 0x0000, 0x0000, 0x0000, 0x0000, 0x0000, 0x0000, 0x0000, 
0x0000, 0x0000, 0x0000, 0x0000, 0x0000, 0x0000, 0x0000, 0x0000, 0x4a49, 0xf79e, 0xffff, 0xffff, 0xce79, 0x0841, 0x0000, 0x0000, 
0x0000, 0x0000, 0x0000, 0x0000, 0x0000, 0x0000, 0x0000, 0x0000, 0x0000, 0x0000, 0x0000, 0x0000, 0x0000, 0x0000, 0x0000, 0x0000, 
0x0000, 0x0000, 0x0000, 0x0000, 0x0000, 0x0000, 0x0000, 0x0000, 0x0000, 0x0000, 0x0000, 0x0000, 0x0000, 0x0000, 0x0000, 0x0000, 
0x0000, 0x0000, 0x0000, 0x0000, 0x0000, 0x0000, 0x0000, 0x0000, 0x0000, 0x0000, 0x0000, 0x78e2, 0xf1a4, 0xe9a4, 0xe9a4, 0xe9a4, 
0xe9a4, 0xe9a4, 0xe9a4, 0xe9a4, 0xe9a4, 0xe9a4, 0xe9a4, 0xe9a4, 0xe9a4, 0xe9a4, 0xe9a4, 0xe9a4, 0xe9a4, 0xe9a4, 0xe9a4, 0xe9a4, 
0xe9a4, 0xe9a4, 0xe9a4, 0xe9a4, 0xe9a4, 0xe9a4, 0xe9a4, 0xe9a4, 0xe9a4, 0xe9a4, 0xe9a4, 0xe9a4, 0xe9a4, 0xe9a4, 0xe9a4, 0xe9a4, 
0xe9a4, 0xe9a4, 0xe9a4, 0xf1a4, 0x78e2, 0x0000, 0x0000, 0x0000, 0x0000, 0x0000, 0x0000, 0x0000, 0x0000, 0x0000, 0x0000, 0x0000, 
0x0000, 0x0000, 0x0000, 0x0000, 0x0000, 0x0000, 0x0000, 0x0000, 0x0000, 0x0000, 0x0000, 0x0000, 0x0000, 0x0000, 0x0000, 0x0000, 
0x0000, 0x0000, 0x0000, 0x0000, 0x0000, 0x0000, 0x0000, 0x0000, 0x0000, 0x0000, 0x0000, 0x0000, 0x0000, 0x0000, 0x0000, 0x0000, 
0x0000, 0x0000, 0x0841, 0xce59, 0xffff, 0xffff, 0xf7be, 0x4a69, 0x0000, 0x0000, 0x0000, 0x0000, 0x0000, 0x0000, 0x0000, 0x0000, 
0x0000, 0x0000, 0x0000, 0x0000, 0x0000, 0x0000, 0x0000, 0x0000, 0x0861, 0xad75, 0xffff, 0xffff, 0xf7be, 0x6b4d, 0x0000, 0x0000, 
0x0000, 0x0000, 0x0000, 0x0000, 0x0000, 0x0000, 0x0000, 0x0000, 0x0000, 0x0000, 0x0000, 0x0000, 0x0000, 0x0000, 0x0000, 0x0000, 
0x0000, 0x0000, 0x0000, 0x0000, 0x0000, 0x0000, 0x0000, 0x0000, 0x0000, 0x0000, 0x0000, 0x0000, 0x0000, 0x0000, 0x0000, 0x0000, 
0x0000, 0x0000, 0x0000, 0x0000, 0x0000, 0x0000, 0x0000, 0x0000, 0x0000, 0x0000, 0x0000, 0x1020, 0xc963, 0xf1a4, 0xe9a4, 0xe9a4, 
0xe9a4, 0xe9a4, 0xe9a4, 0xe9a4, 0xe9a4, 0xe9a4, 0xe9a4, 0xe9a4, 0xe9a4, 0xe9a4, 0xe9a4, 0xe9a4, 0xe9a4, 0xe9a4, 0xe9a4, 0xe9a4, 
0xe9a4, 0xe9a4, 0xe9a4, 0xe9a4, 0xe9a4, 0xe9a4, 0xe9a4, 0xe9a4, 0xe9a4, 0xe9a4, 0xe9a4, 0xe9a4, 0xe9a4, 0xe9a4, 0xe9a4, 0xe9a4, 
0xe9a4, 0xe9a4, 0xf1a4, 0xc963, 0x1020, 0x0000, 0x0000, 0x0000, 0x0000, 0x0000, 0x0000, 0x0000, 0x0000, 0x0000, 0x0000, 0x0000, 
0x0000, 0x0000, 0x0000, 0x0000, 0x0000, 0x0000, 0x0000, 0x0000, 0x0000, 0x0000, 0x0000, 0x0000, 0x0000, 0x0000, 0x0000, 0x0000, 
0x0000, 0x0000, 0x0000, 0x0000, 0x0000, 0x0000, 0x0000, 0x0000, 0x0000, 0x0000, 0x0000, 0x0000, 0x0000, 0x0000, 0x0000, 0x0000, 
0x0000, 0x0000, 0x630c, 0xf7be, 0xffff, 0xffff, 0xb596, 0x1082, 0x0000, 0x0000, 0x0000, 0x0000, 0x0000, 0x0000, 0x0000, 0x0000, 
0x0000, 0x0000, 0x0000, 0x0000, 0x0000, 0x0000, 0x0000, 0x0000, 0x0000, 0x528a, 0xf79e, 0xffff, 0xffff, 0xce59, 0x18c3, 0x0000, 
0x0000, 0x0000, 0x0000, 0x0000, 0x0000, 0x0000, 0x0000, 0x0000, 0x0000, 0x0000, 0x0000, 0x0000, 0x0000, 0x0000, 0x0000, 0x0000, 
0x0000, 0x0000, 0x0000, 0x0000, 0x0000, 0x0000, 0x0000, 0x0000, 0x0000, 0x0000, 0x0000, 0x0000, 0x0000, 0x0000, 0x0000, 0x0000, 
0x0000, 0x0000, 0x0000, 0x0000, 0x0000, 0x0000, 0x0000, 0x0000, 0x0000, 0x0000, 0x0000, 0x0000, 0x5081, 0xe9a4, 0xe9a4, 0xe9a4, 
0xe9a4, 0xe9a4, 0xe9a4, 0xe9a4, 0xe9a4, 0xe9a4, 0xe9a4, 0xe9a4, 0xe9a4, 0xe9a4, 0xe9a4, 0xe9a4, 0xe9a4, 0xe9a4, 0xe9a4, 0xe9a4, 
0xe9a4, 0xe9a4, 0xe9a4, 0xe9a4, 0xe9a4, 0xe9a4, 0xe9a4, 0xe9a4, 0xe9a4, 0xe9a4, 0xe9a4, 0xe9a4, 0xe9a4, 0xe9a4, 0xe9a4, 0xe9a4, 
0xe9a4, 0xe9a4, 0xe9a4, 0x5081, 0x0000, 0x0000, 0x0000, 0x0000, 0x0000, 0x0000, 0x0000, 0x0000, 0x0000, 0x0000, 0x0000, 0x0000, 
0x0000, 0x0000, 0x0000, 0x0000, 0x0000, 0x0000, 0x0000, 0x0000, 0x0000, 0x0000, 0x0000, 0x0000, 0x0000, 0x0000, 0x0000, 0x0000, 
0x0000, 0x0000, 0x0000, 0x0000, 0x0000, 0x0000, 0x0000, 0x0000, 0x0000, 0x0000, 0x0000, 0x0000, 0x0000, 0x0000, 0x0000, 0x0000, 
0x0000, 0x10a2, 0xc638, 0xffff, 0xffff, 0xf79e, 0x52aa, 0x0000, 0x0000, 0x0000, 0x0000, 0x0000, 0x0000, 0x0000, 0x0000, 0x0000, 
0x0000, 0x0000, 0x0000, 0x0000, 0x0000, 0x0000, 0x0000, 0x0000, 0x0000, 0x0841, 0xb596, 0xffff, 0xffff, 0xffdf, 0x73ae, 0x0000, 
0x0000, 0x0000, 0x0000, 0x0000, 0x0000, 0x0000, 0x0000, 0x0000, 0x0000, 0x0000, 0x0000, 0x0000, 0x0000, 0x0000, 0x0000, 0x0000, 
0x0000, 0x0000, 0x0000, 0x0000, 0x0000, 0x0000, 0x0000, 0x0000, 0x0000, 0x0000, 0x0000, 0x0000, 0x0000, 0x0000, 0x0000, 0x0000, 
0x0000, 0x0000, 0x0000, 0x0000, 0x0000, 0x0000, 0x0000, 0x0000, 0x0000, 0x0000, 0x0000, 0x0000, 0x0800, 0x9902, 0xf1c4, 0xe9a4, 
0xe9a4, 0xe9a4, 0xe9a4, 0xe9a4, 0xe9a4, 0xe9a4, 0xe9a4, 0xe9a4, 0xe9a4, 0xe9a4, 0xe9a4, 0xe9a4, 0xe9a4, 0xe9a4, 0xe9a4, 0xe9a4, 
0xe9a4, 0xe9a4, 0xe9a4, 0xe9a4, 0xe9a4, 0xe9a4, 0xe9a4, 0xe9a4, 0xe9a4, 0xe9a4, 0xe9a4, 0xe9a4, 0xe9a4, 0xe9a4, 0xe9a4, 0xe9a4, 
0xe9a4, 0xf9c4, 0xa123, 0x0800, 0x0000, 0x0000, 0x0000, 0x0000, 0x0000, 0x0000, 0x0000, 0x0000, 0x0000, 0x0000, 0x0000, 0x0000, 
0x0000, 0x0000, 0x0000, 0x0000, 0x0000, 0x0000, 0x0000, 0x0000, 0x0000, 0x0000, 0x0000, 0x0000, 0x0000, 0x0000, 0x0000, 0x0000, 
0x0000, 0x0000, 0x0000, 0x0000, 0x0000, 0x0000, 0x0000, 0x0000, 0x0000, 0x0000, 0x0000, 0x0000, 0x0000, 0x0000, 0x0000, 0x0000, 
0x0000, 0x6b6d, 0xf7be, 0xffff, 0xffff, 0xbdd7, 0x0841, 0x0000, 0x0000, 0x0000, 0x0000, 0x0000, 0x0000, 0x0000, 0x0000, 0x0000, 
0x0000, 0x0000, 0x0000, 0x0000, 0x0000, 0x0000, 0x0000, 0x0000, 0x0000, 0x0000, 0x4208, 0xf79e, 0xffff, 0xffff, 0xd6ba, 0x2965, 
0x0000, 0x0000, 0x0000, 0x0000, 0x0000, 0x0000, 0x0000, 0x0000, 0x0000, 0x0000, 0x0000, 0x0000, 0x0000, 0x0000, 0x0000, 0x0000, 
0x0000, 0x0000, 0x0000, 0x0000, 0x0000, 0x0000, 0x0000, 0x0000, 0x0000, 0x0000, 0x0000, 0x0000, 0x0000, 0x0000, 0x0000, 0x0000, 
0x0000, 0x0000, 0x0000, 0x0000, 0x0000, 0x0000, 0x0000, 0x0000, 0x0000, 0x0000, 0x0000, 0x0000, 0x0000, 0x3861, 0xd184, 0xf1a4, 
0xe9a4, 0xe9a4, 0xe9a4, 0xe9a4, 0xe9a4, 0xe9a4, 0xe9a4, 0xe9a4, 0xe9a4, 0xe9a4, 0xe9a4, 0xe9a4, 0xe9a4, 0xe9a4, 0xe9a4, 0xe9a4, 
0xe9a4, 0xe9a4, 0xe9a4, 0xe9a4, 0xe9a4, 0xe9a4, 0xe9a4, 0xe9a4, 0xe9a4, 0xe9a4, 0xe9a4, 0xe9a4, 0xe9a4, 0xe9a4, 0xe9a4, 0xe9a4, 
0xf1a4, 0xd984, 0x3861, 0x0000, 0x0000, 0x0000, 0x0000, 0x0000, 0x0000, 0x0000, 0x0000, 0x0000, 0x0000, 0x0000, 0x0000, 0x0000, 
0x0000, 0x0000, 0x0000, 0x0000, 0x0000, 0x0000, 0x0000, 0x0000, 0x0000, 0x0000, 0x0000, 0x0000, 0x0000, 0x0000, 0x0000, 0x0000, 
0x0000, 0x0000, 0x0000, 0x0000, 0x0000, 0x0000, 0x0000, 0x0000, 0x0000, 0x0000, 0x0000, 0x0000, 0x0000, 0x0000, 0x0000, 0x0000, 
0x2945, 0xce79, 0xffff, 0xffff, 0xf7be, 0x4a49, 0x0000, 0x0000, 0x0000, 0x0000, 0x0000, 0x0000, 0x0000, 0x0000, 0x0000, 0x0000, 
0x0000, 0x0000, 0x0000, 0x0000, 0x0000, 0x0000, 0x0000, 0x0000, 0x0000, 0x0000, 0x0000, 0xa514, 0xffff, 0xffff, 0xffff, 0x8c51, 
0x0000, 0x0000, 0x0000, 0x0000, 0x0000, 0x0000, 0x0000, 0x0000, 0x0000, 0x0000, 0x0000, 0x0000, 0x0000, 0x0000, 0x0000, 0x0000, 
0x0000, 0x0000, 0x0000, 0x0000, 0x0000, 0x0000, 0x0000, 0x0000, 0x0000, 0x0000, 0x0000, 0x0000, 0x0000, 0x0000, 0x0000, 0x0000, 
0x0000, 0x0000, 0x0000, 0x0000, 0x0000, 0x0000, 0x0000, 0x0000, 0x0000, 0x0000, 0x0000, 0x0000, 0x0000, 0x0000, 0x80e2, 0xf1a4, 
0xe9a4, 0xe9a4, 0xe9a4, 0xe9a4, 0xe9a4, 0xe9a4, 0xe9a4, 0xe9a4, 0xe9a4, 0xe9a4, 0xe9a4, 0xe9a4, 0xe9a4, 0xe9a4, 0xe9a4, 0xe9a4, 
0xe9a4, 0xe9a4, 0xe9a4, 0xe9a4, 0xe9a4, 0xe9a4, 0xe9a4, 0xe9a4, 0xe9a4, 0xe9a4, 0xe9a4, 0xe9a4, 0xe9a4, 0xe9a4, 0xe9a4, 0xe9a4, 
0xf1c4, 0x80e2, 0x0000, 0x0000, 0x0000, 0x0000, 0x0000, 0x0000, 0x0000, 0x0000, 0x0000, 0x0000, 0x0000, 0x0000, 0x0000, 0x0000, 
0x0000, 0x0000, 0x0000, 0x0000, 0x0000, 0x0000, 0x0000, 0x0000, 0x0000, 0x0000, 0x0000, 0x0000, 0x0000, 0x0000, 0x0000, 0x0000, 
0x0000, 0x0000, 0x0000, 0x0000, 0x0000, 0x0000, 0x0000, 0x0000, 0x0000, 0x0000, 0x0000, 0x0000, 0x0000, 0x0000, 0x0000, 0x0000, 
0x8410, 0xffff, 0xffff, 0xffff, 0xad55, 0x0000, 0x0000, 0x0000, 0x0000, 0x0000, 0x0000, 0x0000, 0x0000, 0x0000, 0x0000, 0x0000, 
0x0000, 0x0000, 0x0000, 0x0000, 0x0000, 0x0000, 0x0000, 0x0000, 0x0000, 0x0000, 0x0000, 0x2104, 0xef7d, 0xffff, 0xffff, 0xef7d, 
0x39e7, 0x0000, 0x0000, 0x0000, 0x0000, 0x0000, 0x0000, 0x0000, 0x0000, 0x0000, 0x0000, 0x0000, 0x0000, 0x0000, 0x0000, 0x0000, 
0x0000, 0x0000, 0x0000, 0x0000, 0x0000, 0x0000, 0x0000, 0x0000, 0x0000, 0x0000, 0x0000, 0x0000, 0x0000, 0x0000, 0x0000, 0x0000, 
0x0000, 0x0000, 0x0000, 0x0000, 0x0000, 0x0000, 0x0000, 0x0000, 0x0000, 0x0000, 0x0000, 0x0000, 0x0000, 0x0000, 0x2040, 0xc163, 
0xf1a4, 0xe9a4, 0xe9a4, 0xe9a4, 0xe9a4, 0xe9a4, 0xe9a4, 0xe9a4, 0xe9a4, 0xe9a4, 0xe9a4, 0xe9a4, 0xe9a4, 0xe9a4, 0xe9a4, 0xe9a4, 
0xe9a4, 0xe9a4, 0xe9a4, 0xe9a4, 0xe9a4, 0xe9a4, 0xe9a4, 0xe9a4, 0xe9a4, 0xe9a4, 0xe9a4, 0xe9a4, 0xe9a4, 0xe9a4, 0xe9a4, 0xf1a4, 
0xc163, 0x2040, 0x0000, 0x0000, 0x0000, 0x0000, 0x0000, 0x0000, 0x0000, 0x0000, 0x0000, 0x0000, 0x0000, 0x0000, 0x0000, 0x0000, 
0x0000, 0x0000, 0x0000, 0x0000, 0x0000, 0x0000, 0x0000, 0x0000, 0x0000, 0x0000, 0x0000, 0x0000, 0x0000, 0x0000, 0x0000, 0x0000, 
0x0000, 0x0000, 0x0000, 0x0000, 0x0000, 0x0000, 0x0000, 0x0000, 0x0000, 0x0000, 0x0000, 0x0000, 0x0000, 0x0000, 0x0000, 0x39c7, 
0xef5d, 0xffff, 0xffff, 0xef7d, 0x2124, 0x0000, 0x0000, 0x0000, 0x0000, 0x0000, 0x0000, 0x0000, 0x0000, 0x0000, 0x0000, 0x0000, 
0x0000, 0x0000, 0x0000, 0x0000, 0x0000, 0x0000, 0x0000, 0x0000, 0x0000, 0x0000, 0x0000, 0x0000, 0x73ae, 0xffff, 0xffff, 0xffff, 
0xbdf7, 0x0861, 0x0000, 0x0000, 0x0000, 0x0000, 0x0000, 0x0000, 0x0000, 0x0000, 0x0000, 0x0000, 0x0000, 0x0000, 0x0000, 0x0000, 
0x0000, 0x0000, 0x0000, 0x0000, 0x0000, 0x0000, 0x0000, 0x0000, 0x0000, 0x0000, 0x0000, 0x0000, 0x0000, 0x0000, 0x0000, 0x0000, 
0x0000, 0x0000, 0x0000, 0x0000, 0x0000, 0x0000, 0x0000, 0x0000, 0x0000, 0x0000, 0x0000, 0x0000, 0x0000, 0x0000, 0x0000, 0x60a1, 
0xe9a4, 0xe9a4, 0xe9a4, 0xe9a4, 0xe9a4, 0xe9a4, 0xe9a4, 0xe9a4, 0xe9a4, 0xe9a4, 0xe9a4, 0xe9a4, 0xe9a4, 0xe9a4, 0xe9a4, 0xe9a4, 
0xe9a4, 0xe9a4, 0xe9a4, 0xe9a4, 0xe9a4, 0xe9a4, 0xe9a4, 0xe9a4, 0xe9a4, 0xe9a4, 0xe9a4, 0xe9a4, 0xe9a4, 0xe9a4, 0xe9a4, 0xe9a4, 
0x68c1, 0x0000, 0x0000, 0x0000, 0x0000, 0x0000, 0x0000, 0x0000, 0x0000, 0x0000, 0x0000, 0x0000, 0x0000, 0x0000, 0x0000, 0x0000, 
0x0000, 0x0000, 0x0000, 0x0000, 0x0000, 0x0000, 0x0000, 0x0000, 0x0000, 0x0000, 0x0000, 0x0000, 0x0000, 0x0000, 0x0000, 0x0000, 
0x0000, 0x0000, 0x0000, 0x0000, 0x0000, 0x0000, 0x0000, 0x0000, 0x0000, 0x0000, 0x0000, 0x0000, 0x0000, 0x0000, 0x0861, 0xb5b6, 
0xffff, 0xffff, 0xffff, 0x7bef, 0x0000, 0x0000, 0x0000, 0x0000, 0x0000, 0x0000, 0x0000, 0x0000, 0x0000, 0x0000, 0x0000, 0x0000, 
0x0000, 0x0000, 0x0000, 0x0000, 0x0000, 0x0000, 0x0000, 0x0000, 0x0000, 0x0000, 0x0000, 0x0000, 0x1082, 0xc618, 0xffff, 0xffff, 
0xffff, 0x73ae, 0x0000, 0x0000, 0x0000, 0x0000, 0x0000, 0x0000, 0x0000, 0x0000, 0x0000, 0x0000, 0x0000, 0x0000, 0x0000, 0x0000, 
0x0000, 0x0000, 0x0000, 0x0000, 0x0000, 0x0000, 0x0000, 0x0000, 0x0000, 0x0000, 0x0000, 0x0000, 0x0000, 0x0000, 0x0000, 0x0000, 
0x0000, 0x0000, 0x0000, 0x0000, 0x0000, 0x0000, 0x0000, 0x0000, 0x0000, 0x0000, 0x0000, 0x0000, 0x0000, 0x0000, 0x0000, 0x0800, 
0xb143, 0xf1a4, 0xe9a4, 0xe9a4, 0xe9a4, 0xe9a4, 0xe9a4, 0xe9a4, 0xe9a4, 0xe9a4, 0xe9a4, 0xe9a4, 0xe9a4, 0xe9a4, 0xe9a4, 0xe9a4, 
0xe9a4, 0xe9a4, 0xe9a4, 0xe9a4, 0xe9a4, 0xe9a4, 0xe9a4, 0xe9a4, 0xe9a4, 0xe9a4, 0xe9a4, 0xe9a4, 0xe9a4, 0xe9a4, 0xf1a4, 0xb143, 
0x0800, 0x0000, 0x0000, 0x0000, 0x0000, 0x0000, 0x0000, 0x0000, 0x0000, 0x0000, 0x0000, 0x0000, 0x0000, 0x0000, 0x0000, 0x0000, 
0x0000, 0x0000, 0x0000, 0x0000, 0x0000, 0x0000, 0x0000, 0x0000, 0x0000, 0x0000, 0x0000, 0x0000, 0x0000, 0x0000, 0x0000, 0x0000, 
0x0000, 0x0000, 0x0000, 0x0000, 0x0000, 0x0000, 0x0000, 0x0000, 0x0000, 0x0000, 0x0000, 0x0000, 0x0000, 0x0000, 0x738e, 0xffff, 
0xffff, 0xffff, 0xc638, 0x10a2, 0x0000, 0x0000, 0x0000, 0x0000, 0x0000, 0x0000, 0x0000, 0x0000, 0x0000, 0x0000, 0x0000, 0x0000, 
0x0000, 0x0000, 0x0000, 0x0000, 0x0000, 0x0000, 0x0000, 0x0000, 0x0000, 0x0000, 0x0000, 0x0000, 0x0000, 0x4228, 0xef7d, 0xffff, 
0xffff, 0xef7d, 0x39e7, 0x0000, 0x0000, 0x0000, 0x0000, 0x0000, 0x0000, 0x0000, 0x0000, 0x0000, 0x0000, 0x0000, 0x0000, 0x0000, 
0x0000, 0x0000, 0x0000, 0x0000, 0x0000, 0x0000, 0x0000, 0x0000, 0x0000, 0x0000, 0x0000, 0x0000, 0x0000, 0x0000, 0x0000, 0x0000, 
0x0000, 0x0000, 0x0000, 0x0000, 0x0000, 0x0000, 0x0000, 0x0000, 0x0000, 0x0000, 0x0000, 0x0000, 0x0000, 0x0000, 0x0000, 0x0000, 
0x3061, 0xe1a4, 0xe9a4, 0xe9a4, 0xe9a4, 0xe9a4, 0xe9a4, 0xe9a4, 0xe9a4, 0xe9a4, 0xe9a4, 0xe9a4, 0xe9a4, 0xe9a4, 0xe9a4, 0xe9a4, 
0xe9a4, 0xe9a4, 0xe9a4, 0xe9a4, 0xe9a4, 0xe9a4, 0xe9a4, 0xe9a4, 0xe9a4, 0xe9a4, 0xe9a4, 0xe9a4, 0xe9a4, 0xe9a4, 0xe1a4, 0x3861, 
0x0000, 0x0000, 0x0000, 0x0000, 0x0000, 0x0000, 0x0000, 0x0000, 0x0000, 0x0000, 0x0000, 0x0000, 0x0000, 0x0000, 0x0000, 0x0000, 
0x0000, 0x0000, 0x0000, 0x0000, 0x0000, 0x0000, 0x0000, 0x0000, 0x0000, 0x0000, 0x0000, 0x0000, 0x0000, 0x0000, 0x0000, 0x0000, 
0x0000, 0x0000, 0x0000, 0x0000, 0x0000, 0x0000, 0x0000, 0x0000, 0x0000, 0x0000, 0x0000, 0x0000, 0x0000, 0x31a6, 0xef5d, 0xffff, 
0xffff, 0xef7d, 0x4a49, 0x0000, 0x0000, 0x0000, 0x0000, 0x0000, 0x0000, 0x0000, 0x0000, 0x0000, 0x0000, 0x0000, 0x0000, 0x0000, 
0x0000, 0x0000, 0x0000, 0x0000, 0x0000, 0x0000, 0x0000, 0x0000, 0x0000, 0x0000, 0x0000, 0x0000, 0x0000, 0x0020, 0x8c51, 0xffff, 
0xffff, 0xffff, 0xce59, 0x1082, 0x0000, 0x0000, 0x0000, 0x0000, 0x0000, 0x0000, 0x0000, 0x0000, 0x0000, 0x0000, 0x0000, 0x0000, 
0x0000, 0x0000, 0x0000, 0x0000, 0x0000, 0x0000, 0x0000, 0x0000, 0x0000, 0x0000, 0x0000, 0x0000, 0x0000, 0x0000, 0x0000, 0x0000, 
0x0000, 0x0000, 0x0000, 0x0000, 0x0000, 0x0000, 0x0000, 0x0000, 0x0000, 0x0000, 0x0000, 0x0000, 0x0000, 0x0000, 0x0000, 0x0000, 
0x0000, 0x80e2, 0xf1a4, 0xe9a4, 0xe9a4, 0xe9a4, 0xe9a4, 0xe9a4, 0xe9a4, 0xe9a4, 0xe9a4, 0xe9a4, 0xe9a4, 0xe9a4, 0xe9a4, 0xe9a4, 
0xe9a4, 0xe9a4, 0xe9a4, 0xe9a4, 0xe9a4, 0xe9a4, 0xe9a4, 0xe9a4, 0xe9a4, 0xe9a4, 0xe9a4, 0xe9a4, 0xe9a4, 0xf1a4, 0x8902, 0x0000, 
0x0000, 0x0000, 0x0000, 0x0000, 0x0000, 0x0000, 0x0000, 0x0000, 0x0000, 0x0000, 0x0000, 0x0000, 0x0000, 0x0000, 0x0000, 0x0000, 
0x0000, 0x0000, 0x0000, 0x0000, 0x0000, 0x0000, 0x0000, 0x0000, 0x0000, 0x0000, 0x0000, 0x0000, 0x0000, 0x0000, 0x0000, 0x0000, 
0x0000, 0x0000, 0x0000, 0x0000, 0x0000, 0x0000, 0x0000, 0x0000, 0x0000, 0x0000, 0x0000, 0x0000, 0x0861, 0xc618, 0xffff, 0xffff, 
0xffff, 0x9492, 0x0020, 0x0000, 0x0000, 0x0000, 0x0000, 0x0000, 0x0000, 0x0000, 0x0000, 0x0000, 0x0000, 0x0000, 0x0000, 0x0000, 
0x0000, 0x0000, 0x0000, 0x0000, 0x0000, 0x0000, 0x0000, 0x0000, 0x0000, 0x0000, 0x0000, 0x0000, 0x0000, 0x0000, 0x18e3, 0xc638, 
0xffff, 0xffff, 0xffff, 0x94b2, 0x0000, 0x0000, 0x0000, 0x0000, 0x0000, 0x0000, 0x0000, 0x0000, 0x0000, 0x0000, 0x0000, 0x0000, 
0x0000, 0x0000, 0x0000, 0x0000, 0x0000, 0x0000, 0x0000, 0x0000, 0x0000, 0x0000, 0x0000, 0x0000, 0x0000, 0x0000, 0x0000, 0x0000, 
0x0000, 0x0000, 0x0000, 0x0000, 0x0000, 0x0000, 0x0000, 0x0000, 0x0000, 0x0000, 0x0000, 0x0000, 0x0000, 0x0000, 0x0000, 0x0000, 
0x0000, 0x1820, 0xc963, 0xf1a4, 0xe9a4, 0xe9a4, 0xe9a4, 0xe9a4, 0xe9a4, 0xe9a4, 0xe9a4, 0xe9a4, 0xe9a4, 0xe9a4, 0xe9a4, 0xe9a4, 
0xe9a4, 0xe9a4, 0xe9a4, 0xe9a4, 0xe9a4, 0xe9a4, 0xe9a4, 0xe9a4, 0xe9a4, 0xe9a4, 0xe9a4, 0xe9a4, 0xf1a4, 0xd184, 0x1820, 0x0000, 
0x0000, 0x0000, 0x0000, 0x0000, 0x0000, 0x0000, 0x0000, 0x0000, 0x0000, 0x0000, 0x0000, 0x0000, 0x0000, 0x0000, 0x0000, 0x0000, 
0x0000, 0x0000, 0x0000, 0x0000, 0x0000, 0x0000, 0x0000, 0x0000, 0x0000, 0x0000, 0x0000, 0x0000, 0x0000, 0x0000, 0x0000, 0x0000, 
0x0000, 0x0000, 0x0000, 0x0000, 0x0000, 0x0000, 0x0000, 0x0000, 0x0000, 0x0000, 0x0000, 0x0000, 0x8c71, 0xffff, 0xffff, 0xffff, 
0xce59, 0x2124, 0x0000, 0x0000, 0x0000, 0x0000, 0x0000, 0x0000, 0x0000, 0x0000, 0x0000, 0x0000, 0x0000, 0x0000, 0x0000, 0x0000, 
0x0000, 0x0000, 0x0000, 0x0000, 0x0000, 0x0000, 0x0000, 0x0000, 0x0000, 0x0000, 0x0000, 0x0000, 0x0000, 0x0000, 0x0000, 0x4a69, 
0xef7d, 0xffff, 0xffff, 0xf79e, 0x630c, 0x0000, 0x0000, 0x0000, 0x0000, 0x0000, 0x0000, 0x0000, 0x0000, 0x0000, 0x0000, 0x0000, 
0x0000, 0x0000, 0x0000, 0x0000, 0x0000, 0x0000, 0x0000, 0x0000, 0x0000, 0x0000, 0x0000, 0x0000, 0x0000, 0x0000, 0x0000, 0x0000, 
0x0000, 0x0000, 0x0000, 0x0000, 0x0000, 0x0000, 0x0000, 0x0000, 0x0000, 0x0000, 0x0000, 0x0000, 0x0000, 0x0000, 0x0000, 0x0000, 
0x0000, 0x0000, 0x58a1, 0xf1a4, 0xe9a4, 0xe9a4, 0xe9a4, 0xe9a4, 0xe9a4, 0xe9a4, 0xe9a4, 0xe9a4, 0xe9a4, 0xe9a4, 0xe9a4, 0xe9a4, 
0xe9a4, 0xe9a4, 0xe9a4, 0xe9a4, 0xe9a4, 0xe9a4, 0xe9a4, 0xe9a4, 0xe9a4, 0xe9a4, 0xe9a4, 0xe9a4, 0xf1a4, 0x60a1, 0x0000, 0x0000, 
0x0000, 0x0000, 0x0000, 0x0000, 0x0000, 0x0000, 0x0000, 0x0000, 0x0000, 0x0000, 0x0000, 0x0000, 0x0000, 0x0000, 0x0000, 0x0000, 
0x0000, 0x0000, 0x0000, 0x0000, 0x0000, 0x0000, 0x0000, 0x0000, 0x0000, 0x0000, 0x0000, 0x0000, 0x0000, 0x0000, 0x0000, 0x0000, 
0x0000, 0x0000, 0x0000, 0x0000, 0x0000, 0x0000, 0x0000, 0x0000, 0x0000, 0x0000, 0x0000, 0x5aeb, 0xef7d, 0xffff, 0xffff, 0xef7d, 
0x528a, 0x0000, 0x0000, 0x0000, 0x0000, 0x0000, 0x0000, 0x0000, 0x0000, 0x0000, 0x0000, 0x0000, 0x0000, 0x0000, 0x0000, 0x0000, 
0x0000, 0x0000, 0x0000, 0x0000, 0x0000, 0x0000, 0x0000, 0x0000, 0x0000, 0x0000, 0x0000, 0x0000, 0x0000, 0x0000, 0x0000, 0x0000, 
0x8410, 0xffff, 0xffff, 0xffff, 0xdedb, 0x39c7, 0x0000, 0x0000, 0x0000, 0x0000, 0x0000, 0x0000, 0x0000, 0x0000, 0x0000, 0x0000, 
0x0000, 0x0000, 0x0000, 0x0000, 0x0000, 0x0000, 0x0000, 0x0000, 0x0000, 0x0000, 0x0000, 0x0000, 0x0000, 0x0000, 0x0000, 0x0000, 
0x0000, 0x0000, 0x0000, 0x0000, 0x0000, 0x0000, 0x0000, 0x0000, 0x0000, 0x0000, 0x0000, 0x0000, 0x0000, 0x0000, 0x0000, 0x0000, 
0x0000, 0x0000, 0x1020, 0xa123, 0xf1c4, 0xe9a4, 0xe9a4, 0xe9a4, 0xe9a4, 0xe9a4, 0xe9a4, 0xe9a4, 0xe9a4, 0xe9a4, 0xe9a4, 0xe9a4, 
0xe9a4, 0xe9a4, 0xe9a4, 0xe9a4, 0xe9a4, 0xe9a4, 0xe9a4, 0xe9a4, 0xe9a4, 0xe9a4, 0xe9a4, 0xf1c4, 0xa923, 0x1020, 0x0000, 0x0000, 
0x0000, 0x0000, 0x0000, 0x0000, 0x0000, 0x0000, 0x0000, 0x0000, 0x0000, 0x0000, 0x0000, 0x0000, 0x0000, 0x0000, 0x0000, 0x0000, 
0x0000, 0x0000, 0x0000, 0x0000, 0x0000, 0x0000, 0x0000, 0x0000, 0x0000, 0x0000, 0x0000, 0x0000, 0x0000, 0x0000, 0x0000, 0x0000, 
0x0000, 0x0000, 0x0000, 0x0000, 0x0000, 0x0000, 0x0000, 0x0000, 0x0000, 0x0000, 0x31a6, 0xd6ba, 0xffff, 0xffff, 0xffff, 0x8430, 
0x0000, 0x0000, 0x0000, 0x0000, 0x0000, 0x0000, 0x0000, 0x0000, 0x0000, 0x0000, 0x0000, 0x0000, 0x0000, 0x0000, 0x0000, 0x0000, 
0x0000, 0x0000, 0x0000, 0x0000, 0x0000, 0x0000, 0x0000, 0x0000, 0x0000, 0x0000, 0x0000, 0x0000, 0x0000, 0x0000, 0x0000, 0x0000, 
0x0861, 0xad75, 0xffff, 0xffff, 0xffff, 0xc638, 0x18c3, 0x0000, 0x0000, 0x0000, 0x0000, 0x0000, 0x0000, 0x0000, 0x0000, 0x0000, 
0x0000, 0x0000, 0x0000, 0x0000, 0x0000, 0x0000, 0x0000, 0x0000, 0x0000, 0x0000, 0x0000, 0x0000, 0x0000, 0x0000, 0x0000, 0x0000, 
0x0000, 0x0000, 0x0000, 0x0000, 0x0000, 0x0000, 0x0000, 0x0000, 0x0000, 0x0000, 0x0000, 0x0000, 0x0000, 0x0000, 0x0000, 0x0000, 
0x0000, 0x0000, 0x0000, 0x4061, 0xd984, 0xf1a4, 0xe9a4, 0xe9a4, 0xe9a4, 0xe9a4, 0xe9a4, 0xe9a4, 0xe9a4, 0xe9a4, 0xe9a4, 0xe9a4, 
0xe9a4, 0xe9a4, 0xe9a4, 0xe9a4, 0xe9a4, 0xe9a4, 0xe9a4, 0xe9a4, 0xe9a4, 0xe9a4, 0xf1a4, 0xe184, 0x4881, 0x0000, 0x0000, 0x0000, 
0x0000, 0x0000, 0x0000, 0x0000, 0x0000, 0x0000, 0x0000, 0x0000, 0x0000, 0x0000, 0x0000, 0x0000, 0x0000, 0x0000, 0x0000, 0x0000, 
0x0000, 0x0000, 0x0000, 0x0000, 0x0000, 0x0000, 0x0000, 0x0000, 0x0000, 0x0000, 0x0000, 0x0000, 0x0000, 0x0000, 0x0000, 0x0000, 
0x0000, 0x0000, 0x0000, 0x0000, 0x0000, 0x0000, 0x0000, 0x0000, 0x0000, 0x18c3, 0xbdf7, 0xffff, 0xffff, 0xffff, 0xb5b6, 0x0861, 
0x0000, 0x0000, 0x0000, 0x0000, 0x0000, 0x0000, 0x0000, 0x0000, 0x0000, 0x0000, 0x0000, 0x0000, 0x0000, 0x0000, 0x0000, 0x0000, 
0x0000, 0x0000, 0x0000, 0x0000, 0x0000, 0x0000, 0x0000, 0x0000, 0x0000, 0x0000, 0x0000, 0x0000, 0x0000, 0x0000, 0x0000, 0x0000, 
0x0000, 0x18e3, 0xd69a, 0xffff, 0xffff, 0xffff, 0xad75, 0x0861, 0x0000, 0x0000, 0x0000, 0x0000, 0x0000, 0x0000, 0x0000, 0x0000, 
0x0000, 0x0000, 0x0000, 0x0000, 0x0000, 0x0000, 0x0000, 0x0000, 0x0000, 0x0000, 0x0000, 0x0000, 0x0000, 0x0000, 0x0000, 0x0000, 
0x0000, 0x0000, 0x0000, 0x0000, 0x0000, 0x0000, 0x0000, 0x0000, 0x0000, 0x0000, 0x0000, 0x0000, 0x0000, 0x0000, 0x0000, 0x0000, 
0x0000, 0x0000, 0x0000, 0x0800, 0x88e2, 0xf1a4, 0xe9a4, 0xe9a4, 0xe9a4, 0xe9a4, 0xe9a4, 0xe9a4, 0xe9a4, 0xe9a4, 0xe9a4, 0xe9a4, 
0xe9a4, 0xe9a4, 0xe9a4, 0xe9a4, 0xe9a4, 0xe9a4, 0xe9a4, 0xe9a4, 0xe9a4, 0xe9a4, 0xf1a4, 0x9102, 0x0800, 0x0000, 0x0000, 0x0000, 
0x0000, 0x0000, 0x0000, 0x0000, 0x0000, 0x0000, 0x0000, 0x0000, 0x0000, 0x0000, 0x0000, 0x0000, 0x0000, 0x0000, 0x0000, 0x0000, 
0x0000, 0x0000, 0x0000, 0x0000, 0x0000, 0x0000, 0x0000, 0x0000, 0x0000, 0x0000, 0x0000, 0x0000, 0x0000, 0x0000, 0x0000, 0x0000, 
0x0000, 0x0000, 0x0000, 0x0000, 0x0000, 0x0000, 0x0000, 0x0000, 0x0841, 0xad55, 0xffff, 0xffff, 0xffff, 0xd6ba, 0x2104, 0x0000, 
0x0000, 0x0000, 0x0000, 0x0000, 0x0000, 0x0000, 0x0000, 0x0000, 0x0000, 0x0000, 0x0000, 0x0000, 0x0000, 0x0000, 0x0000, 0x0000, 
0x0000, 0x0000, 0x0000, 0x0000, 0x0000, 0x0000, 0x0000, 0x0000, 0x0000, 0x0000, 0x0000, 0x0000, 0x0000, 0x0000, 0x0000, 0x0000, 
0x0000, 0x0000, 0x39e7, 0xef7d, 0xffff, 0xffff, 0xffff, 0x9cd3, 0x0000, 0x0000, 0x0000, 0x0000, 0x0000, 0x0000, 0x0000, 0x0000, 
0x0000, 0x0000, 0x0000, 0x0000, 0x0000, 0x0000, 0x0000, 0x0000, 0x0000, 0x0000, 0x0000, 0x0000, 0x0000, 0x0000, 0x0000, 0x0000, 
0x0000, 0x0000, 0x0000, 0x0000, 0x0000, 0x0000, 0x0000, 0x0000, 0x0000, 0x0000, 0x0000, 0x0000, 0x0000, 0x0000, 0x0000, 0x0000, 
0x0000, 0x0000, 0x0000, 0x0000, 0x2840, 0xc963, 0xf1a4, 0xe9a4, 0xe9a4, 0xe9a4, 0xe9a4, 0xe9a4, 0xe9a4, 0xe9a4, 0xe9a4, 0xe9a4, 
0xe9a4, 0xe9a4, 0xe9a4, 0xe9a4, 0xe9a4, 0xe9a4, 0xe9a4, 0xe9a4, 0xe9a4, 0xf1a4, 0xc963, 0x2840, 0x0000, 0x0000, 0x0000, 0x0000, 
0x0000, 0x0000, 0x0000, 0x0000, 0x0000, 0x0000, 0x0000, 0x0000, 0x0000, 0x0000, 0x0000, 0x0000, 0x0000, 0x0000, 0x0000, 0x0000, 
0x0000, 0x0000, 0x0000, 0x0000, 0x0000, 0x0000, 0x0000, 0x0000, 0x0000, 0x0000, 0x0000, 0x0000, 0x0000, 0x0000, 0x0000, 0x0000, 
0x0000, 0x0000, 0x0000, 0x0000, 0x0000, 0x0000, 0x0000, 0x0000, 0x9492, 0xffff, 0xffff, 0xffff, 0xf79e, 0x4208, 0x0000, 0x0000, 
0x0000, 0x0000, 0x0000, 0x0000, 0x0000, 0x0000, 0x0000, 0x0000, 0x0000, 0x0000, 0x0000, 0x0000, 0x0000, 0x0000, 0x0000, 0x0000, 
0x0000, 0x0000, 0x0000, 0x0000, 0x0000, 0x0000, 0x0000, 0x0000, 0x0000, 0x0000, 0x0000, 0x0000, 0x0000, 0x0000, 0x0000, 0x0000, 
0x0000, 0x0000, 0x0000, 0x5aeb, 0xffdf, 0xffff, 0xffff, 0xffff, 0x8410, 0x0020, 0x0000, 0x0000, 0x0000, 0x0000, 0x0000, 0x0000, 
0x0000, 0x0000, 0x0000, 0x0000, 0x0000, 0x0000, 0x0000, 0x0000, 0x0000, 0x0000, 0x0000, 0x0000, 0x0000, 0x0000, 0x0000, 0x0000, 
0x0000, 0x0000, 0x0000, 0x0000, 0x0000, 0x0000, 0x0000, 0x0000, 0x0000, 0x0000, 0x0000, 0x0000, 0x0000, 0x0000, 0x0000, 0x0000, 
0x0000, 0x0000, 0x0000, 0x0000, 0x0000, 0x70c2, 0xe9a4, 0xe9a4, 0xe9a4, 0xe9a4, 0xe9a4, 0xe9a4, 0xe9a4, 0xe9a4, 0xe9a4, 0xe9a4, 
0xe9a4, 0xe9a4, 0xe9a4, 0xe9a4, 0xe9a4, 0xe9a4, 0xe9a4, 0xe9a4, 0xe9a4, 0xe9a4, 0x70c2, 0x0000, 0x0000, 0x0000, 0x0000, 0x0000, 
0x0000, 0x0000, 0x0000, 0x0000, 0x0000, 0x0000, 0x0000, 0x0000, 0x0000, 0x0000, 0x0000, 0x0000, 0x0000, 0x0000, 0x0000, 0x0000, 
0x0000, 0x0000, 0x0000, 0x0000, 0x0000, 0x0000, 0x0000, 0x0000, 0x0000, 0x0000, 0x0000, 0x0000, 0x0000, 0x0000, 0x0000, 0x0000, 
0x0000, 0x0000, 0x0000, 0x0000, 0x0000, 0x0000, 0x0000, 0x7bcf, 0xffff, 0xffff, 0xffff, 0xffdf, 0x630c, 0x0000, 0x0000, 0x0000, 
0x0000, 0x0000, 0x0000, 0x0000, 0x0000, 0x0000, 0x0000, 0x0000, 0x0000, 0x0000, 0x0000, 0x0000, 0x0000, 0x0000, 0x0000, 0x0000, 
0x0000, 0x0000, 0x0000, 0x0000, 0x0000, 0x0000, 0x0000, 0x0000, 0x0000, 0x0000, 0x0000, 0x0000, 0x0000, 0x0000, 0x0000, 0x0000, 
0x0000, 0x0000, 0x0000, 0x0000, 0x7bcf, 0xffdf, 0xffff, 0xffff, 0xf7be, 0x73ae, 0x0020, 0x0000, 0x0000, 0x0000, 0x0000, 0x0000, 
0x0000, 0x0000, 0x0000, 0x0000, 0x0000, 0x0000, 0x0000, 0x0000, 0x0000, 0x0000, 0x0000, 0x0000, 0x0000, 0x0000, 0x0000, 0x0000, 
0x0000, 0x0000, 0x0000, 0x0000, 0x0000, 0x0000, 0x0000, 0x0000, 0x0000, 0x0000, 0x0000, 0x0000, 0x0000, 0x0000, 0x0000, 0x0000, 
0x0000, 0x0000, 0x0000, 0x0000, 0x0000, 0x0800, 0xb943, 0xf1a4, 0xe9a4, 0xe9a4, 0xe9a4, 0xe9a4, 0xe9a4, 0xe9a4, 0xe9a4, 0xe9a4, 
0xe9a4, 0xe9a4, 0xe9a4, 0xe9a4, 0xe9a4, 0xe9a4, 0xe9a4, 0xe9a4, 0xf1a4, 0xc143, 0x1000, 0x0000, 0x0000, 0x0000, 0x0000, 0x0000, 
0x0000, 0x0000, 0x0000, 0x0000, 0x0000, 0x0000, 0x0000, 0x0000, 0x0000, 0x0000, 0x0000, 0x0000, 0x0000, 0x0000, 0x0000, 0x0000, 
0x0000, 0x0000, 0x0000, 0x0000, 0x0000, 0x0000, 0x0000, 0x0000, 0x0000, 0x0000, 0x0000, 0x0000, 0x0000, 0x0000, 0x0000, 0x0000, 
0x0000, 0x0000, 0x0000, 0x0000, 0x0000, 0x0020, 0x6b6d, 0xf7be, 0xffff, 0xffff, 0xffdf, 0x7bef, 0x0020, 0x0000, 0x0000, 0x0000, 
0x0000, 0x0000, 0x0000, 0x0000, 0x0000, 0x0000, 0x0000, 0x0000, 0x0000, 0x0000, 0x0000, 0x0000, 0x0000, 0x0000, 0x0000, 0x0000, 
0x0000, 0x0000, 0x0000, 0x0000, 0x0000, 0x0000, 0x0000, 0x0000, 0x0000, 0x0000, 0x0000, 0x0000, 0x0000, 0x0000, 0x0000, 0x0000, 
0x0000, 0x0000, 0x0000, 0x0000, 0x0861, 0x9492, 0xffff, 0xffff, 0xffff, 0xf79e, 0x6b4d, 0x0000, 0x0000, 0x0000, 0x0000, 0x0000, 
0x0000, 0x0000, 0x0000, 0x0000, 0x0000, 0x0000, 0x0000, 0x0000, 0x0000, 0x0000, 0x0000, 0x0000, 0x0000, 0x0000, 0x0000, 0x0000, 
0x0000, 0x0000, 0x0000, 0x0000, 0x0000, 0x0000, 0x0000, 0x0000, 0x0000, 0x0000, 0x0000, 0x0000, 0x0000, 0x0000, 0x0000, 0x0000, 
0x0000, 0x0000, 0x0000, 0x0000, 0x0000, 0x0000, 0x4061, 0xe1a4, 0xe9a4, 0xe9a4, 0xe9a4, 0xe9a4, 0xe9a4, 0xe9a4, 0xe9a4, 0xe9a4, 
0xe9a4, 0xe9a4, 0xe9a4, 0xe9a4, 0xe9a4, 0xe9a4, 0xe9a4, 0xe9a4, 0xe9a4, 0x4881, 0x0000, 0x0000, 0x0000, 0x0000, 0x0000, 0x0000, 
0x0000, 0x0000, 0x0000, 0x0000, 0x0000, 0x0000, 0x0000, 0x0000, 0x0000, 0x0000, 0x0000, 0x0000, 0x0000, 0x0000, 0x0000, 0x0000, 
0x0000, 0x0000, 0x0000, 0x0000, 0x0000, 0x0000, 0x0000, 0x0000, 0x0000, 0x0000, 0x0000, 0x0000, 0x0000, 0x0000, 0x0000, 0x0000, 
0x0000, 0x0000, 0x0000, 0x0000, 0x0000, 0x632c, 0xef7d, 0xffff, 0xffff, 0xffff, 0x9cd3, 0x0861, 0x0000, 0x0000, 0x0000, 0x0000, 
0x0000, 0x0000, 0x0000, 0x0000, 0x0000, 0x0000, 0x0000, 0x0000, 0x0000, 0x0000, 0x0000, 0x0000, 0x0000, 0x0000, 0x0000, 0x0000, 
0x0000, 0x0000, 0x0000, 0x0000, 0x0000, 0x0000, 0x0000, 0x0000, 0x0000, 0x0000, 0x0000, 0x0000, 0x0000, 0x0000, 0x0000, 0x0000, 
0x0000, 0x0000, 0x0000, 0x0000, 0x0000, 0x10a2, 0xa514, 0xffff, 0xffff, 0xffff, 0xef7d, 0x6b4d, 0x0000, 0x0000, 0x0000, 0x0000, 
0x0000, 0x0000, 0x0000, 0x0000, 0x0000, 0x0000, 0x0000, 0x0000, 0x0000, 0x0000, 0x0000, 0x0000, 0x0000, 0x0000, 0x0000, 0x0000, 
0x0000, 0x0000, 0x0000, 0x0000, 0x0000, 0x0000, 0x0000, 0x0000, 0x0000, 0x0000, 0x0000, 0x0000, 0x0000, 0x0000, 0x0000, 0x0000, 
0x0000, 0x0000, 0x0000, 0x0000, 0x0000, 0x0000, 0x0000, 0x9102, 0xf1a4, 0xe9a4, 0xe9a4, 0xe9a4, 0xe9a4, 0xe9a4, 0xe9a4, 0xe9a4, 
0xe9a4, 0xe9a4, 0xe9a4, 0xe9a4, 0xe9a4, 0xe9a4, 0xe9a4, 0xf1a4, 0x9902, 0x0000, 0x0000, 0x0000, 0x0000, 0x0000, 0x0000, 0x0000, 
0x0000, 0x0000, 0x0000, 0x0000, 0x0000, 0x0000, 0x0000, 0x0000, 0x0000, 0x0000, 0x0000, 0x0000, 0x0000, 0x0000, 0x0000, 0x0000, 
0x0000, 0x0000, 0x0000, 0x0000, 0x0000, 0x0000, 0x0000, 0x0000, 0x0000, 0x0000, 0x0000, 0x0000, 0x0000, 0x0000, 0x0000, 0x0000, 
0x0000, 0x0000, 0x0000, 0x0000, 0x632c, 0xef5d, 0xffff, 0xffff, 0xffff, 0xad55, 0x18c3, 0x0000, 0x0000, 0x0000, 0x0000, 0x0000, 
0x0000, 0x0000, 0x0000, 0x0000, 0x0000, 0x0000, 0x0000, 0x0000, 0x0000, 0x0000, 0x0000, 0x0000, 0x0000, 0x0000, 0x0000, 0x0000, 
0x0000, 0x0000, 0x0000, 0x0000, 0x0000, 0x0000, 0x0000, 0x0000, 0x0000, 0x0000, 0x0000, 0x0000, 0x0000, 0x0000, 0x0000, 0x0000, 
0x0000, 0x0000, 0x0000, 0x0000, 0x0000, 0x0000, 0x10a2, 0xad55, 0xffff, 0xffff, 0xffff, 0xef7d, 0x73ae, 0x0000, 0x0000, 0x0000, 
0x0000, 0x0000, 0x0000, 0x0000, 0x0000, 0x0000, 0x0000, 0x0000, 0x0000, 0x0000, 0x0000, 0x0000, 0x0000, 0x0000, 0x0000, 0x0000, 
0x0000, 0x0000, 0x0000, 0x0000, 0x0000, 0x0000, 0x0000, 0x0000, 0x0000, 0x0000, 0x0000, 0x0000, 0x0000, 0x0000, 0x0000, 0x0000, 
0x0000, 0x0000, 0x0000, 0x0000, 0x0000, 0x0000, 0x0000, 0x2040, 0xd184, 0xe9a4, 0xe9a4, 0xe9a4, 0xe9a4, 0xe9a4, 0xe9a4, 0xe9a4, 
0xe9a4, 0xe9a4, 0xe9a4, 0xe9a4, 0xe9a4, 0xe9a4, 0xe9a4, 0xd984, 0x2040, 0x0000, 0x0000, 0x0000, 0x0000, 0x0000, 0x0000, 0x0000, 
0x0000, 0x0000, 0x0000, 0x0000, 0x0000, 0x0000, 0x0000, 0x0000, 0x0000, 0x0000, 0x0000, 0x0000, 0x0000, 0x0000, 0x0000, 0x0000, 
0x0000, 0x0000, 0x0000, 0x0000, 0x0000, 0x0000, 0x0000, 0x0000, 0x0000, 0x0000, 0x0000, 0x0000, 0x0000, 0x0000, 0x0000, 0x0000, 
0x0000, 0x0000, 0x0000, 0x6b6d, 0xef7d, 0xffff, 0xffff, 0xffff, 0xb596, 0x18c3, 0x0000, 0x0000, 0x0000, 0x0000, 0x0000, 0x0000, 
0x0000, 0x0000, 0x0000, 0x0000, 0x0000, 0x0000, 0x0000, 0x0000, 0x0000, 0x0000, 0x0000, 0x0000, 0x0000, 0x0000, 0x0000, 0x0000, 
0x0000, 0x0000, 0x0000, 0x0000, 0x0000, 0x0000, 0x0000, 0x0000, 0x0000, 0x0000, 0x0000, 0x0000, 0x0000, 0x0000, 0x0000, 0x0000, 
0x0000, 0x0000, 0x0000, 0x0000, 0x0000, 0x0000, 0x0000, 0x10a2, 0xb596, 0xffff, 0xffff, 0xffff, 0xf7be, 0x8410, 0x0000, 0x0000, 
0x0000, 0x0000, 0x0000, 0x0000, 0x0000, 0x0000, 0x0000, 0x0000, 0x0000, 0x0000, 0x0000, 0x0000, 0x0000, 0x0000, 0x0000, 0x0000, 
0x0000, 0x0000, 0x0000, 0x0000, 0x0000, 0x0000, 0x0000, 0x0000, 0x0000, 0x0000, 0x0000, 0x0000, 0x0000, 0x0000, 0x0000, 0x0000, 
0x0000, 0x0000, 0x0000, 0x0000, 0x0000, 0x0000, 0x0000, 0x0000, 0x60a1, 0xf1a4, 0xe9a4, 0xe9a4, 0xe9a4, 0xe9a4, 0xe9a4, 0xe9a4, 
0xe9a4, 0xe9a4, 0xe9a4, 0xe9a4, 0xe9a4, 0xe9a4, 0xf1c4, 0x68c1, 0x0000, 0x0000, 0x0000, 0x0000, 0x0000, 0x0000, 0x0000, 0x0000, 
0x0000, 0x0000, 0x0000, 0x0000, 0x0000, 0x0000, 0x0000, 0x0000, 0x0000, 0x0000, 0x0000, 0x0000, 0x0000, 0x0000, 0x0000, 0x0000, 
0x0000, 0x0000, 0x0000, 0x0000, 0x0000, 0x0000, 0x0000, 0x0000, 0x0000, 0x0000, 0x0000, 0x0000, 0x0000, 0x0000, 0x0000, 0x0000, 
0x0000, 0x0000, 0x7bcf, 0xf7be, 0xffff, 0xffff, 0xffff, 0xbdd7, 0x10a2, 0x0000, 0x0000, 0x0000, 0x0000, 0x0000, 0x0000, 0x0000, 
0x0000, 0x0000, 0x0000, 0x0000, 0x0000, 0x0000, 0x0000, 0x0000, 0x0000, 0x0000, 0x0000, 0x0000, 0x0000, 0x0000, 0x0000, 0x0000, 
0x0000, 0x0000, 0x0000, 0x0000, 0x0000, 0x0000, 0x0000, 0x0000, 0x0000, 0x0000, 0x0000, 0x0000, 0x0000, 0x0000, 0x0000, 0x0000, 
0x0000, 0x0000, 0x0000, 0x0000, 0x0000, 0x0000, 0x0000, 0x0000, 0x10a2, 0xad55, 0xffff, 0xffff, 0xffff, 0xffff, 0x9cd3, 0x0841, 
0x0000, 0x0000, 0x0000, 0x0000, 0x0000, 0x0000, 0x0000, 0x0000, 0x0000, 0x0000, 0x0000, 0x0000, 0x0000, 0x0000, 0x0000, 0x0000, 
0x0000, 0x0000, 0x0000, 0x0000, 0x0000, 0x0000, 0x0000, 0x0000, 0x0000, 0x0000, 0x0000, 0x0000, 0x0000, 0x0000, 0x0000, 0x0000, 
0x0000, 0x0000, 0x0000, 0x0000, 0x0000, 0x0000, 0x0000, 0x0000, 0x1820, 0xb143, 0xf1c4, 0xe9a4, 0xe9a4, 0xe9a4, 0xe9a4, 0xe9a4, 
0xe9a4, 0xe9a4, 0xe9a4, 0xe9a4, 0xe9a4, 0xf1a4, 0xb143, 0x1820, 0x0000, 0x0000, 0x0000, 0x0000, 0x0000, 0x0000, 0x0000, 0x0000, 
0x0000, 0x0000, 0x0000, 0x0000, 0x0000, 0x0000, 0x0000, 0x0000, 0x0000, 0x0000, 0x0000, 0x0000, 0x0000, 0x0000, 0x0000, 0x0000, 
0x0000, 0x0000, 0x0000, 0x0000, 0x0000, 0x0000, 0x0000, 0x0000, 0x0000, 0x0000, 0x0000, 0x0000, 0x0000, 0x0000, 0x0000, 0x0000, 
0x0841, 0x9492, 0xffff, 0xffff, 0xffff, 0xffff, 0xad75, 0x18c3, 0x0000, 0x0000, 0x0000, 0x0000, 0x0000, 0x0000, 0x0000, 0x0000, 
0x0000, 0x0000, 0x0000, 0x0000, 0x0000, 0x0000, 0x0000, 0x0000, 0x0000, 0x0000, 0x0000, 0x0000, 0x0000, 0x0000, 0x0000, 0x0000, 
0x0000, 0x0000, 0x0000, 0x0000, 0x0000, 0x0000, 0x0000, 0x0000, 0x0000, 0x0000, 0x0000, 0x0000, 0x0000, 0x0000, 0x0000, 0x0000, 
0x0000, 0x0000, 0x0000, 0x0000, 0x0000, 0x0000, 0x0000, 0x0000, 0x0000, 0x10a2, 0xa514, 0xffff, 0xffff, 0xffff, 0xffff, 0xad75, 
0x18c3, 0x0000, 0x0000, 0x0000, 0x0000, 0x0000, 0x0000, 0x0000, 0x0000, 0x0000, 0x0000, 0x0000, 0x0000, 0x0000, 0x0000, 0x0000, 
0x0000, 0x0000, 0x0000, 0x0000, 0x0000, 0x0000, 0x0000, 0x0000, 0x0000, 0x0000, 0x0000, 0x0000, 0x0000, 0x0000, 0x0000, 0x0000, 
0x0000, 0x0000, 0x0000, 0x0000, 0x0000, 0x0000, 0x0000, 0x0000, 0x0000, 0x4881, 0xe1a4, 0xf1a4, 0xe9a4, 0xe9a4, 0xe9a4, 0xe9a4, 
0xe9a4, 0xe9a4, 0xe9a4, 0xe9a4, 0xf1a4, 0xe9a4, 0x5081, 0x0000, 0x0000, 0x0000, 0x0000, 0x0000, 0x0000, 0x0000, 0x0000, 0x0000, 
0x0000, 0x0000, 0x0000, 0x0000, 0x0000, 0x0000, 0x0000, 0x0000, 0x0000, 0x0000, 0x0000, 0x0000, 0x0000, 0x0000, 0x0000, 0x0000, 
0x0000, 0x0000, 0x0000, 0x0000, 0x0000, 0x0000, 0x0000, 0x0000, 0x0000, 0x0000, 0x0000, 0x0000, 0x0000, 0x0000, 0x0000, 0x18c3, 
0xa534, 0xffff, 0xffff, 0xffff, 0xffff, 0xa534, 0x18c3, 0x0000, 0x0000, 0x0000, 0x0000, 0x0000, 0x0000, 0x0000, 0x0000, 0x0000, 
0x0000, 0x0000, 0x0000, 0x0000, 0x0000, 0x0000, 0x0000, 0x0000, 0x0000, 0x0000, 0x0000, 0x0000, 0x0000, 0x0000, 0x0000, 0x0000, 
0x0000, 0x0000, 0x0000, 0x0000, 0x0000, 0x0000, 0x0000, 0x0000, 0x0000, 0x0000, 0x0000, 0x0000, 0x0000, 0x0000, 0x0000, 0x0000, 
0x0000, 0x0000, 0x0000, 0x0000, 0x0000, 0x0000, 0x0000, 0x0000, 0x0000, 0x0000, 0x1082, 0x94b2, 0xffff, 0xffff, 0xffff, 0xffff, 
0xc618, 0x39c7, 0x0000, 0x0000, 0x0000, 0x0000, 0x0000, 0x0000, 0x0000, 0x0000, 0x0000, 0x0000, 0x0000, 0x0000, 0x0000, 0x0000, 
0x0000, 0x0000, 0x0000, 0x0000, 0x0000, 0x0000, 0x0000, 0x0000, 0x0000, 0x0000, 0x0000, 0x0000, 0x0000, 0x0000, 0x0000, 0x0000, 
0x0000, 0x0000, 0x0000, 0x0000, 0x0000, 0x0000, 0x0000, 0x0000, 0x0000, 0x0800, 0x9102, 0xf1c4, 0xe9a4, 0xe9a4, 0xe9a4, 0xe9a4, 
0xe9a4, 0xe9a4, 0xe9a4, 0xe9a4, 0xf1c4, 0x9902, 0x0800, 0x0000, 0x0000, 0x0000, 0x0000, 0x0000, 0x0000, 0x0000, 0x0000, 0x0000, 
0x0000, 0x0000, 0x0000, 0x0000, 0x0000, 0x0000, 0x0000, 0x0000, 0x0000, 0x0000, 0x0000, 0x0000, 0x0000, 0x0000, 0x0000, 0x0000, 
0x0000, 0x0000, 0x0000, 0x0000, 0x0000, 0x0000, 0x0000, 0x0000, 0x0000, 0x0000, 0x0000, 0x0000, 0x0000, 0x0000, 0x31a6, 0xbdf7, 
0xffff, 0xffff, 0xffff, 0xffff, 0x9cd3, 0x10a2, 0x0000, 0x0000, 0x0000, 0x0000, 0x0000, 0x0000, 0x0000, 0x0000, 0x0000, 0x0000, 
0x0000, 0x0000, 0x0000, 0x0000, 0x0000, 0x0000, 0x0000, 0x0000, 0x0000, 0x0000, 0x0000, 0x0000, 0x0000, 0x0000, 0x0000, 0x0000, 
0x0000, 0x0000, 0x0000, 0x0000, 0x0000, 0x0000, 0x0000, 0x0000, 0x0000, 0x0000, 0x0000, 0x0000, 0x0000, 0x0000, 0x0000, 0x0000, 
0x0000, 0x0000, 0x0000, 0x0000, 0x0000, 0x0000, 0x0000, 0x0000, 0x0000, 0x0000, 0x0000, 0x0841, 0x7bcf, 0xffdf, 0xffff, 0xffff, 
0xffff, 0xdedb, 0x630c, 0x0000, 0x0000, 0x0000, 0x0000, 0x0000, 0x0000, 0x0000, 0x0000, 0x0000, 0x0000, 0x0000, 0x0000, 0x0000, 
0x0000, 0x0000, 0x0000, 0x0000, 0x0000, 0x0000, 0x0000, 0x0000, 0x0000, 0x0000, 0x0000, 0x0000, 0x0000, 0x0000, 0x0000, 0x0000, 
0x0000, 0x0000, 0x0000, 0x0000, 0x0000, 0x0000, 0x0000, 0x0000, 0x0000, 0x0000, 0x3040, 0xd184, 0xf1a4, 0xe9a4, 0xe9a4, 0xe9a4, 
0xe9a4, 0xe9a4, 0xe9a4, 0xf1a4, 0xd184, 0x3061, 0x0000, 0x0000, 0x0000, 0x0000, 0x0000, 0x0000, 0x0000, 0x0000, 0x0000, 0x0000, 
0x0000, 0x0000, 0x0000, 0x0000, 0x0000, 0x0000, 0x0000, 0x0000, 0x0000, 0x0000, 0x0000, 0x0000, 0x0000, 0x0000, 0x0000, 0x0000, 
0x0000, 0x0000, 0x0000, 0x0000, 0x0000, 0x0000, 0x0000, 0x0000, 0x0000, 0x0000, 0x0000, 0x0000, 0x0000, 0x5aeb, 0xd6ba, 0xffff, 
0xffff, 0xffff, 0xffdf, 0x7bef, 0x0861, 0x0000, 0x0000, 0x0000, 0x0000, 0x0000, 0x0000, 0x0000, 0x0000, 0x0000, 0x0000, 0x0000, 
0x0000, 0x0000, 0x0000, 0x0000, 0x0000, 0x0000, 0x0000, 0x0000, 0x0000, 0x0000, 0x0000, 0x0000, 0x0000, 0x0000, 0x0000, 0x0000, 
0x0000, 0x0000, 0x0000, 0x0000, 0x0000, 0x0000, 0x0000, 0x0000, 0x0000, 0x0000, 0x0000, 0x0000, 0x0000, 0x0000, 0x0000, 0x0000, 
0x0000, 0x0000, 0x0000, 0x0000, 0x0000, 0x0000, 0x0000, 0x0000, 0x0000, 0x0000, 0x0000, 0x0000, 0x0000, 0x5aeb, 0xef7d, 0xffff, 
0xffff, 0xffff, 0xf79e, 0x9492, 0x1082, 0x0000, 0x0000, 0x0000, 0x0000, 0x0000, 0x0000, 0x0000, 0x0000, 0x0000, 0x0000, 0x0000, 
0x0000, 0x0000, 0x0000, 0x0000, 0x0000, 0x0000, 0x0000, 0x0000, 0x0000, 0x0000, 0x0000, 0x0000, 0x0000, 0x0000, 0x0000, 0x0000, 
0x0000, 0x0000, 0x0000, 0x0000, 0x0000, 0x0000, 0x0000, 0x0000, 0x0000, 0x0000, 0x0000, 0x60a1, 0xe9a4, 0xf1a4, 0xe9a4, 0xe9a4, 
0xe9a4, 0xe9a4, 0xe9a4, 0xe9a4, 0x60a1, 0x0000, 0x0000, 0x0000, 0x0000, 0x0000, 0x0000, 0x0000, 0x0000, 0x0000, 0x0000, 0x0000, 
0x0000, 0x0000, 0x0000, 0x0000, 0x0000, 0x0000, 0x0000, 0x0000, 0x0000, 0x0000, 0x0000, 0x0000, 0x0000, 0x0000, 0x0000, 0x0000, 
0x0000, 0x0000, 0x0000, 0x0000, 0x0000, 0x0000, 0x0000, 0x0000, 0x0000, 0x0000, 0x0000, 0x0861, 0x8c71, 0xef7d, 0xffff, 0xffff, 
0xffff, 0xf79e, 0x630c, 0x0020, 0x0000, 0x0000, 0x0000, 0x0000, 0x0000, 0x0000, 0x0000, 0x0000, 0x0000, 0x0000, 0x0000, 0x0000, 
0x0000, 0x0000, 0x0000, 0x0000, 0x0000, 0x0000, 0x0000, 0x0000, 0x0000, 0x0000, 0x0000, 0x0000, 0x0000, 0x0000, 0x0000, 0x0000, 
0x0000, 0x0000, 0x0000, 0x0000, 0x0000, 0x0000, 0x0000, 0x0000, 0x0000, 0x0000, 0x0000, 0x0000, 0x0000, 0x0000, 0x0000, 0x0000, 
0x0000, 0x0000, 0x0000, 0x0000, 0x0000, 0x0000, 0x0000, 0x0000, 0x0000, 0x0000, 0x0000, 0x0000, 0x0000, 0x0000, 0x39e7, 0xd69a, 
0xffff, 0xffff, 0xffff, 0xffff, 0xc638, 0x39c7, 0x0000, 0x0000, 0x0000, 0x0000, 0x0000, 0x0000, 0x0000, 0x0000, 0x0000, 0x0000, 
0x0000, 0x0000, 0x0000, 0x0000, 0x0000, 0x0000, 0x0000, 0x0000, 0x0000, 0x0000, 0x0000, 0x0000, 0x0000, 0x0000, 0x0000, 0x0000, 
0x0000, 0x0000, 0x0000, 0x0000, 0x0000, 0x0000, 0x0000, 0x0000, 0x0000, 0x0000, 0x0000, 0x0000, 0x50a1, 0xd184, 0xe9a4, 0xe9a4, 
0xe9a4, 0xe9a4, 0xd984, 0x58a1, 0x0000, 0x0000, 0x0000, 0x0000, 0x0000, 0x0000, 0x0000, 0x0000, 0x0000, 0x0000, 0x0000, 0x0000, 
0x0000, 0x0000, 0x0000, 0x0000, 0x0000, 0x0000, 0x0000, 0x0000, 0x0000, 0x0000, 0x0000, 0x0000, 0x0000, 0x0000, 0x0000, 0x0000, 
0x0000, 0x0000, 0x0000, 0x0000, 0x0000, 0x0000, 0x0000, 0x0000, 0x0000, 0x0000, 0x31a6, 0xc618, 0xffff, 0xffff, 0xffff, 0xffff, 
0xd6ba, 0x4208, 0x0000, 0x0000, 0x0000, 0x0000, 0x0000, 0x0000, 0x0000, 0x0000, 0x0000, 0x0000, 0x0000, 0x0000, 0x0000, 0x0000, 
0x0000, 0x0000, 0x0000, 0x0000, 0x0000, 0x0000, 0x0000, 0x0000, 0x0000, 0x0000, 0x0000, 0x0000, 0x0000, 0x0000, 0x0000, 0x0000, 
0x0000, 0x0000, 0x0000, 0x0000, 0x0000, 0x0000, 0x0000, 0x0000, 0x0000, 0x0000, 0x0000, 0x0000, 0x0000, 0x0000, 0x0000, 0x0000, 
0x0000, 0x0000, 0x0000, 0x0000, 0x0000, 0x0000, 0x0000, 0x0000, 0x0000, 0x0000, 0x0000, 0x0000, 0x0000, 0x0000, 0x0000, 0x2104, 
0xb596, 0xffff, 0xffff, 0xffff, 0xffff, 0xef7d, 0x73ae, 0x0861, 0x0000, 0x0000, 0x0000, 0x0000, 0x0000, 0x0000, 0x0000, 0x0000, 
0x0000, 0x0000, 0x0000, 0x0000, 0x0000, 0x0000, 0x0000, 0x0000, 0x0000, 0x0000, 0x0000, 0x0000, 0x0000, 0x0000, 0x0000, 0x0000, 
0x0000, 0x0000, 0x0000, 0x0000, 0x0000, 0x0000, 0x0000, 0x0000, 0x0000, 0x0000, 0x0000, 0x0000, 0x0000, 0x1020, 0x58a1, 0x80e2, 
0x80e2, 0x58a1, 0x1020, 0x0000, 0x0000, 0x0000, 0x0000, 0x0000, 0x0000, 0x0000, 0x0000, 0x0000, 0x0000, 0x0000, 0x0000, 0x0000, 
0x0000, 0x0000, 0x0000, 0x0000, 0x0000, 0x0000, 0x0000, 0x0000, 0x0000, 0x0000, 0x0000, 0x0000, 0x0000, 0x0000, 0x0000, 0x0000, 
0x0000, 0x0000, 0x0000, 0x0000, 0x0000, 0x0000, 0x0000, 0x0000, 0x0861, 0x6b6d, 0xef5d, 0xffff, 0xffff, 0xffff, 0xffff, 0xb5b6, 
0x2104, 0x0000, 0x0000, 0x0000, 0x0000, 0x0000, 0x0000, 0x0000, 0x0000, 0x0000, 0x0000, 0x0000, 0x0000, 0x0000, 0x0000, 0x0000, 
0x0000, 0x0000, 0x0000, 0x0000, 0x0000, 0x0000, 0x0000, 0x0000, 0x0000, 0x0000, 0x0000, 0x0000, 0x0000, 0x0000, 0x0000, 0x0000, 
0x0000, 0x0000, 0x0000, 0x0000, 0x0000, 0x0000, 0x0000, 0x0000, 0x0000, 0x0000, 0x0000, 0x0000, 0x0000, 0x0000, 0x0000, 0x0000, 
0x0000, 0x0000, 0x0000, 0x0000, 0x0000, 0x0000, 0x0000, 0x0000, 0x0000, 0x0000, 0x0000, 0x0000, 0x0000, 0x0000, 0x0000, 0x0000, 
0x0861, 0x8410, 0xef5d, 0xffff, 0xffff, 0xffff, 0xffff, 0xbdd7, 0x39c7, 0x0000, 0x0000, 0x0000, 0x0000, 0x0000, 0x0000, 0x0000, 
0x0000, 0x0000, 0x0000, 0x0000, 0x0000, 0x0000, 0x0000, 0x0000, 0x0000, 0x0000, 0x0000, 0x0000, 0x0000, 0x0000, 0x0000, 0x0000, 
0x0000, 0x0000, 0x0000, 0x0000, 0x0000, 0x0000, 0x0000, 0x0000, 0x0000, 0x0000, 0x0000, 0x0000, 0x0000, 0x0000, 0x0000, 0x0000, 
0x0000, 0x0000, 0x0000, 0x0000, 0x0000, 0x0000, 0x0000, 0x0000, 0x0000, 0x0000, 0x0000, 0x0000, 0x0000, 0x0000, 0x0000, 0x0000, 
0x0000, 0x0000, 0x0000, 0x0000, 0x0000, 0x0000, 0x0000, 0x0000, 0x0000, 0x0000, 0x0000, 0x0000, 0x0000, 0x0000, 0x0000, 0x0000, 
0x0000, 0x0000, 0x0000, 0x0000, 0x0000, 0x0000, 0x0000, 0x39c7, 0xb5b6, 0xffff, 0xffff, 0xffff, 0xffff, 0xef7d, 0x8430, 0x0861, 
0x0000, 0x0000, 0x0000, 0x0000, 0x0000, 0x0000, 0x0000, 0x0000, 0x0000, 0x0000, 0x0000, 0x0000, 0x0000, 0x0000, 0x0000, 0x0000, 
0x0000, 0x0000, 0x0000, 0x0000, 0x0000, 0x0000, 0x0000, 0x0000, 0x0000, 0x0000, 0x0000, 0x0000, 0x0000, 0x0000, 0x0000, 0x0000, 
0x0000, 0x0000, 0x0000, 0x0000, 0x0000, 0x0000, 0x0000, 0x0000, 0x0000, 0x0000, 0x0000, 0x0000, 0x0000, 0x0000, 0x0000, 0x0000, 
0x0000, 0x0000, 0x0000, 0x0000, 0x0000, 0x0000, 0x0000, 0x0000, 0x0000, 0x0000, 0x0000, 0x0000, 0x0000, 0x0000, 0x0000, 0x0000, 
0x0000, 0x0000, 0x4a69, 0xc638, 0xffff, 0xffff, 0xffff, 0xffff, 0xef7d, 0x8430, 0x2945, 0x0000, 0x0000, 0x0000, 0x0000, 0x0000, 
0x0000, 0x0000, 0x0000, 0x0000, 0x0000, 0x0000, 0x0000, 0x0000, 0x0000, 0x0000, 0x0000, 0x0000, 0x0000, 0x0000, 0x0000, 0x0000, 
0x0000, 0x0000, 0x0000, 0x0000, 0x0000, 0x0000, 0x0000, 0x0000, 0x0000, 0x0000, 0x0000, 0x0000, 0x0000, 0x0000, 0x0000, 0x0000, 
0x0000, 0x0000, 0x0000, 0x0000, 0x0000, 0x0000, 0x0000, 0x0000, 0x0000, 0x0000, 0x0000, 0x0000, 0x0000, 0x0000, 0x0000, 0x0000, 
0x0000, 0x0000, 0x0000, 0x0000, 0x0000, 0x0000, 0x0000, 0x0000, 0x0000, 0x0000, 0x0000, 0x0000, 0x0000, 0x0000, 0x0000, 0x0000, 
0x0000, 0x0000, 0x0000, 0x0000, 0x0000, 0x2945, 0x8410, 0xef7d, 0xffff, 0xffff, 0xffff, 0xffff, 0xce59, 0x528a, 0x0000, 0x0000, 
0x0000, 0x0000, 0x0000, 0x0000, 0x0000, 0x0000, 0x0000, 0x0000, 0x0000, 0x0000, 0x0000, 0x0000, 0x0000, 0x0000, 0x0000, 0x0000, 
0x0000, 0x0000, 0x0000, 0x0000, 0x0000, 0x0000, 0x0000, 0x0000, 0x0000, 0x0000, 0x0000, 0x0000, 0x0000, 0x0000, 0x0000, 0x0000, 
0x0000, 0x0000, 0x0000, 0x0000, 0x0000, 0x0000, 0x0000, 0x0000, 0x0000, 0x0000, 0x0000, 0x0000, 0x0000, 0x0000, 0x0000, 0x0000, 
0x0000, 0x0000, 0x0000, 0x0000, 0x0000, 0x0000, 0x0000, 0x0000, 0x0000, 0x0000, 0x0000, 0x0000, 0x0000, 0x0000, 0x0000, 0x0000, 
0x0000, 0x0000, 0x0000, 0x2104, 0x8c71, 0xf79e, 0xffff, 0xffff, 0xffff, 0xffff, 0xd69a, 0x738e, 0x1082, 0x0000, 0x0000, 0x0000, 
0x0000, 0x0000, 0x0000, 0x0000, 0x0000, 0x0000, 0x0000, 0x0000, 0x0000, 0x0000, 0x0000, 0x0000, 0x0000, 0x0000, 0x0000, 0x0000, 
0x0000, 0x0000, 0x0000, 0x0000, 0x0000, 0x0000, 0x0000, 0x0000, 0x0000, 0x0000, 0x0000, 0x0000, 0x0000, 0x0000, 0x0000, 0x0000, 
0x0000, 0x0000, 0x0000, 0x0000, 0x0000, 0x0000, 0x0000, 0x0000, 0x0000, 0x0000, 0x0000, 0x0000, 0x0000, 0x0000, 0x0000, 0x0000, 
0x0000, 0x0000, 0x0000, 0x0000, 0x0000, 0x0000, 0x0000, 0x0000, 0x0000, 0x0000, 0x0000, 0x0000, 0x0000, 0x0000, 0x0000, 0x0000, 
0x0000, 0x0000, 0x0000, 0x1082, 0x738e, 0xce79, 0xffff, 0xffff, 0xffff, 0xffff, 0xf7be, 0x9492, 0x2124, 0x0000, 0x0000, 0x0000, 
0x0000, 0x0000, 0x0000, 0x0000, 0x0000, 0x0000, 0x0000, 0x0000, 0x0000, 0x0000, 0x0000, 0x0000, 0x0000, 0x0000, 0x0000, 0x0000, 
0x0000, 0x0000, 0x0000, 0x0000, 0x0000, 0x0000, 0x0000, 0x0000, 0x0000, 0x0000, 0x0000, 0x0000, 0x0000, 0x0000, 0x0000, 0x0000, 
0x0000, 0x0000, 0x0000, 0x0000, 0x0000, 0x0000, 0x0000, 0x0000, 0x0000, 0x0000, 0x0000, 0x0000, 0x0000, 0x0000, 0x0000, 0x0000, 
0x0000, 0x0000, 0x0000, 0x0000, 0x0000, 0x0000, 0x0000, 0x0000, 0x0000, 0x0000, 0x0000, 0x0000, 0x0000, 0x0000, 0x0000, 0x0000, 
0x0000, 0x0000, 0x0000, 0x0000, 0x0020, 0x4a49, 0xc618, 0xffff, 0xffff, 0xffff, 0xffff, 0xffff, 0xc638, 0x6b4d, 0x0020, 0x0000, 
0x0000, 0x0000, 0x0000, 0x0000, 0x0000, 0x0000, 0x0000, 0x0000, 0x0000, 0x0000, 0x0000, 0x0000, 0x0000, 0x0000, 0x0000, 0x0000, 
0x0000, 0x0000, 0x0000, 0x0000, 0x0000, 0x0000, 0x0000, 0x0000, 0x0000, 0x0000, 0x0000, 0x0000, 0x0000, 0x0000, 0x0000, 0x0000, 
0x0000, 0x0000, 0x0000, 0x0000, 0x0000, 0x0000, 0x0000, 0x0000, 0x0000, 0x0000, 0x0000, 0x0000, 0x0000, 0x0000, 0x0000, 0x0000, 
0x0000, 0x0000, 0x0000, 0x0000, 0x0000, 0x0000, 0x0000, 0x0000, 0x0000, 0x0000, 0x0000, 0x0000, 0x0000, 0x0000, 0x0000, 0x0000, 
0x0000, 0x0020, 0x632c, 0xc618, 0xffdf, 0xffff, 0xffff, 0xffff, 0xffff, 0xc638, 0x4a49, 0x0020, 0x0000, 0x0000, 0x0000, 0x0000, 
0x0000, 0x0000, 0x0000, 0x0000, 0x0000, 0x0000, 0x0000, 0x0000, 0x0000, 0x0000, 0x0000, 0x0000, 0x0000, 0x0000, 0x0000, 0x0000, 
0x0000, 0x0000, 0x0000, 0x0000, 0x0000, 0x0000, 0x0000, 0x0000, 0x0000, 0x0000, 0x0000, 0x0000, 0x0000, 0x0000, 0x0000, 0x0000, 
0x0000, 0x0000, 0x0000, 0x0000, 0x0000, 0x0000, 0x0000, 0x0000, 0x0000, 0x0000, 0x0000, 0x0000, 0x0000, 0x0000, 0x0000, 0x0000, 
0x0000, 0x0000, 0x0000, 0x0000, 0x0000, 0x0000, 0x0000, 0x0000, 0x0000, 0x0000, 0x0000, 0x0000, 0x0000, 0x0000, 0x0000, 0x0000, 
0x0000, 0x0000, 0x0000, 0x0000, 0x0000, 0x0000, 0x10a2, 0x7bcf, 0xef7d, 0xffff, 0xffff, 0xffff, 0xffff, 0xf7be, 0xce59, 0x5acb, 
0x0020, 0x0000, 0x0000, 0x0000, 0x0000, 0x0000, 0x0000, 0x0000, 0x0000, 0x0000, 0x0000, 0x0000, 0x0000, 0x0000, 0x0000, 0x0000, 
0x0000, 0x0000, 0x0000, 0x0000, 0x0000, 0x0000, 0x0000, 0x0000, 0x0000, 0x0000, 0x0000, 0x0000, 0x0000, 0x0000, 0x0000, 0x0000, 
0x0000, 0x0000, 0x0000, 0x0000, 0x0000, 0x0000, 0x0000, 0x0000, 0x0000, 0x0000, 0x0000, 0x0000, 0x0000, 0x0000, 0x0000, 0x0000, 
0x0000, 0x0000, 0x0000, 0x0000, 0x0000, 0x0000, 0x0000, 0x0000, 0x0000, 0x0000, 0x0000, 0x0000, 0x0000, 0x0000, 0x0000, 0x0020, 
0x52aa, 0xce59, 0xf7be, 0xffff, 0xffff, 0xffff, 0xffff, 0xef7d, 0x7bef, 0x10a2, 0x0000, 0x0000, 0x0000, 0x0000, 0x0000, 0x0000, 
0x0000, 0x0000, 0x0000, 0x0000, 0x0000, 0x0000, 0x0000, 0x0000, 0x0000, 0x0000, 0x0000, 0x0000, 0x0000, 0x0000, 0x0000, 0x0000, 
0x0000, 0x0000, 0x0000, 0x0000, 0x0000, 0x0000, 0x0000, 0x0000, 0x0000, 0x0000, 0x0000, 0x0000, 0x0000, 0x0000, 0x0000, 0x0000, 
0x0000, 0x0000, 0x0000, 0x0000, 0x0000, 0x0000, 0x0000, 0x0000, 0x0000, 0x0000, 0x0000, 0x0000, 0x0000, 0x0000, 0x0000, 0x0000, 
0x0000, 0x0000, 0x0000, 0x0000, 0x0000, 0x0000, 0x0000, 0x0000, 0x0000, 0x0000, 0x0000, 0x0000, 0x0000, 0x0000, 0x0000, 0x0000, 
0x0000, 0x0000, 0x0000, 0x0000, 0x0000, 0x0000, 0x0000, 0x0000, 0x2124, 0xa534, 0xf79e, 0xffff, 0xffff, 0xffff, 0xffff, 0xffdf, 
0xd6ba, 0x630c, 0x10a2, 0x0000, 0x0000, 0x0000, 0x0000, 0x0000, 0x0000, 0x0000, 0x0000, 0x0000, 0x0000, 0x0000, 0x0000, 0x0000, 
0x0000, 0x0000, 0x0000, 0x0000, 0x0000, 0x0000, 0x0000, 0x0000, 0x0000, 0x0000, 0x0000, 0x0000, 0x0000, 0x0000, 0x0000, 0x0000, 
0x0000, 0x0000, 0x0000, 0x0000, 0x0000, 0x0000, 0x0000, 0x0000, 0x0000, 0x0000, 0x0000, 0x0000, 0x0000, 0x0000, 0x0000, 0x0000, 
0x0000, 0x0000, 0x0000, 0x0000, 0x0000, 0x0000, 0x0000, 0x0000, 0x0000, 0x0000, 0x0000, 0x0000, 0x0000, 0x10a2, 0x630c, 0xd69a, 
0xffdf, 0xffff, 0xffff, 0xffff, 0xffff, 0xf79e, 0xad55, 0x2124, 0x0000, 0x0000, 0x0000, 0x0000, 0x0000, 0x0000, 0x0000, 0x0000, 
0x0000, 0x0000, 0x0000, 0x0000, 0x0000, 0x0000, 0x0000, 0x0000, 0x0000, 0x0000, 0x0000, 0x0000, 0x0000, 0x0000, 0x0000, 0x0000, 
0x0000, 0x0000, 0x0000, 0x0000, 0x0000, 0x0000, 0x0000, 0x0000, 0x0000, 0x0000, 0x0000, 0x0000, 0x0000, 0x0000, 0x0000, 0x0000, 
0x0000, 0x0000, 0x0000, 0x0000, 0x0000, 0x0000, 0x0000, 0x0000, 0x0000, 0x0000, 0x0000, 0x0000, 0x0000, 0x0000, 0x0000, 0x0000, 
0x0000, 0x0000, 0x0000, 0x0000, 0x0000, 0x0000, 0x0000, 0x0000, 0x0000, 0x0000, 0x0000, 0x0000, 0x0000, 0x0000, 0x0000, 0x0000, 
0x0000, 0x0000, 0x0000, 0x0000, 0x0000, 0x0000, 0x0000, 0x0000, 0x0000, 0x0000, 0x4a49, 0xb5b6, 0xef7d, 0xffff, 0xffff, 0xffff, 
0xffff, 0xffff, 0xdefb, 0x7bef, 0x31a6, 0x1082, 0x0000, 0x0000, 0x0000, 0x0000, 0x0000, 0x0000, 0x0000, 0x0000, 0x0000, 0x0000, 
0x0000, 0x0000, 0x0000, 0x0000, 0x0000, 0x0000, 0x0000, 0x0000, 0x0000, 0x0000, 0x0000, 0x0000, 0x0000, 0x0000, 0x0000, 0x0000, 
0x0000, 0x0000, 0x0000, 0x0000, 0x0000, 0x0000, 0x0000, 0x0000, 0x0000, 0x0000, 0x0000, 0x0000, 0x0000, 0x0000, 0x0000, 0x0000, 
0x0000, 0x0000, 0x0000, 0x0000, 0x0000, 0x0000, 0x0000, 0x0000, 0x0000, 0x0000, 0x1082, 0x31a6, 0x7bcf, 0xdedb, 0xffff, 0xffff, 
0xffff, 0xffff, 0xffff, 0xf79e, 0xbdd7, 0x4a69, 0x0000, 0x0000, 0x0000, 0x0000, 0x0000, 0x0000, 0x0000, 0x0000, 0x0000, 0x0000, 
0x0000, 0x0000, 0x0000, 0x0000, 0x0000, 0x0000, 0x0000, 0x0000, 0x0000, 0x0000, 0x0000, 0x0000, 0x0000, 0x0000, 0x0000, 0x0000, 
0x0000, 0x0000, 0x0000, 0x0000, 0x0000, 0x0000, 0x0000, 0x0000, 0x0000, 0x0000, 0x0000, 0x0000, 0x0000, 0x0000, 0x0000, 0x0000, 
0x0000, 0x0000, 0x0000, 0x0000, 0x0000, 0x0000, 0x0000, 0x0000, 0x0000, 0x0000, 0x0000, 0x0000, 0x0000, 0x0000, 0x0000, 0x0000, 
0x0000, 0x0000, 0x0000, 0x0000, 0x0000, 0x0000, 0x0000, 0x0000, 0x0000, 0x0000, 0x0000, 0x0000, 0x0000, 0x0000, 0x0000, 0x0000, 
0x0000, 0x0000, 0x0000, 0x0000, 0x0000, 0x0000, 0x0000, 0x0000, 0x0000, 0x0000, 0x0000, 0x0000, 0x52aa, 0xb596, 0xf79e, 0xffff, 
0xffff, 0xffff, 0xffff, 0xffff, 0xf79e, 0xad55, 0x632c, 0x3186, 0x0020, 0x0000, 0x0000, 0x0000, 0x0000, 0x0000, 0x0000, 0x0000, 
0x0000, 0x0000, 0x0000, 0x0000, 0x0000, 0x0000, 0x0000, 0x0000, 0x0000, 0x0000, 0x0000, 0x0000, 0x0000, 0x0000, 0x0000, 0x0000, 
0x0000, 0x0000, 0x0000, 0x0000, 0x0000, 0x0000, 0x0000, 0x0000, 0x0000, 0x0000, 0x0000, 0x0000, 0x0000, 0x0000, 0x0000, 0x0000, 
0x0000, 0x0000, 0x0000, 0x0000, 0x0000, 0x0000, 0x0000, 0x0000, 0x3186, 0x630c, 0xa534, 0xf79e, 0xffff, 0xffff, 0xffff, 0xffff, 
0xffff, 0xf7be, 0xb596, 0x5acb, 0x0020, 0x0000, 0x0000, 0x0000, 0x0000, 0x0000, 0x0000, 0x0000, 0x0000, 0x0000, 0x0000, 0x0000, 
0x0000, 0x0000, 0x0000, 0x0000, 0x0000, 0x0000, 0x0000, 0x0000, 0x0000, 0x0000, 0x0000, 0x0000, 0x0000, 0x0000, 0x0000, 0x0000, 
0x0000, 0x0000, 0x0000, 0x0000, 0x0000, 0x0000, 0x0000, 0x0000, 0x0000, 0x0000, 0x0000, 0x0000, 0x0000, 0x0000, 0x0000, 0x0000, 
0x0000, 0x0000, 0x0000, 0x0000, 0x0000, 0x0000, 0x0000, 0x0000, 0x0000, 0x0000, 0x0000, 0x0000, 0x0000, 0x0000, 0x0000, 0x0000, 
0x0000, 0x0000, 0x0000, 0x0000, 0x0000, 0x0000, 0x0000, 0x0000, 0x0000, 0x0000, 0x0000, 0x0000, 0x0000, 0x0000, 0x0000, 0x0000, 
0x0000, 0x0000, 0x0000, 0x0000, 0x0000, 0x0000, 0x0000, 0x0000, 0x0000, 0x0000, 0x0000, 0x0000, 0x0000, 0x0861, 0x4a69, 0x9cf3, 
0xef7d, 0xffff, 0xffff, 0xffff, 0xffff, 0xffff, 0xffff, 0xdedb, 0xa534, 0x6b6d, 0x31a6, 0x0000, 0x0000, 0x0000, 0x0000, 0x0000, 
0x0000, 0x0000, 0x0000, 0x0000, 0x0000, 0x0000, 0x0000, 0x0000, 0x0000, 0x0000, 0x0000, 0x0000, 0x0000, 0x0000, 0x0000, 0x0000, 
0x0000, 0x0000, 0x0000, 0x0000, 0x0000, 0x0000, 0x0000, 0x0000, 0x0000, 0x0000, 0x0000, 0x0000, 0x0000, 0x0000, 0x0000, 0x0000, 
0x0000, 0x0000, 0x0000, 0x0000, 0x0000, 0x31a6, 0x6b4d, 0xa534, 0xd6ba, 0xffff, 0xffff, 0xffff, 0xffff, 0xffff, 0xffff, 0xef7d, 
0x9cf3, 0x528a, 0x0861, 0x0000, 0x0000, 0x0000, 0x0000, 0x0000, 0x0000, 0x0000, 0x0000, 0x0000, 0x0000, 0x0000, 0x0000, 0x0000, 
0x0000, 0x0000, 0x0000, 0x0000, 0x0000, 0x0000, 0x0000, 0x0000, 0x0000, 0x0000, 0x0000, 0x0000, 0x0000, 0x0000, 0x0000, 0x0000, 
0x0000, 0x0000, 0x0000, 0x0000, 0x0000, 0x0000, 0x0000, 0x0000, 0x0000, 0x0000, 0x0000, 0x0000, 0x0000, 0x0000, 0x0000, 0x0000, 
0x0000, 0x0000, 0x0000, 0x0000, 0x0000, 0x0000, 0x0000, 0x0000, 0x0000, 0x0000, 0x0000, 0x0000, 0x0000, 0x0000, 0x0000, 0x0000, 
0x0000, 0x0000, 0x0000, 0x0000, 0x0000, 0x0000, 0x0000, 0x0000, 0x0000, 0x0000, 0x0000, 0x0000, 0x0000, 0x0000, 0x0000, 0x0000, 
0x0000, 0x0000, 0x0000, 0x0000, 0x0000, 0x0000, 0x0000, 0x0000, 0x0000, 0x0000, 0x0000, 0x0000, 0x0000, 0x0000, 0x0000, 0x0841, 
0x31a6, 0x8410, 0xdefb, 0xffff, 0xffff, 0xffff, 0xffff, 0xffff, 0xffff, 0xffdf, 0xdefb, 0xc618, 0x8c71, 0x528a, 0x18c3, 0x0000, 
0x0000, 0x0000, 0x0000, 0x0000, 0x0000, 0x0000, 0x0000, 0x0000, 0x0000, 0x0000, 0x0000, 0x0000, 0x0000, 0x0000, 0x0000, 0x0000, 
0x0000, 0x0000, 0x0000, 0x0000, 0x0000, 0x0000, 0x0000, 0x0000, 0x0000, 0x0000, 0x0000, 0x0000, 0x0000, 0x0000, 0x0000, 0x0000, 
0x0000, 0x18c3, 0x4a69, 0x8c51, 0xc618, 0xdefb, 0xffdf, 0xffff, 0xffff, 0xffff, 0xffff, 0xffff, 0xffff, 0xe71c, 0x8430, 0x39c7, 
0x0841, 0x0000, 0x0000, 0x0000, 0x0000, 0x0000, 0x0000, 0x0000, 0x0000, 0x0000, 0x0000, 0x0000, 0x0000, 0x0000, 0x0000, 0x0000, 
0x0000, 0x0000, 0x0000, 0x0000, 0x0000, 0x0000, 0x0000, 0x0000, 0x0000, 0x0000, 0x0000, 0x0000, 0x0000, 0x0000, 0x0000, 0x0000, 
0x0000, 0x0000, 0x0000, 0x0000, 0x0000, 0x0000, 0x0000, 0x0000, 0x0000, 0x0000, 0x0000, 0x0000, 0x0000, 0x0000, 0x0000, 0x0000, 
0x0000, 0x0000, 0x0000, 0x0000, 0x0000, 0x0000, 0x0000, 0x0000, 0x0000, 0x0000, 0x0000, 0x0000, 0x0000, 0x0000, 0x0000, 0x0000, 
0x0000, 0x0000, 0x0000, 0x0000, 0x0000, 0x0000, 0x0000, 0x0000, 0x0000, 0x0000, 0x0000, 0x0000, 0x0000, 0x0000, 0x0000, 0x0000, 
0x0000, 0x0000, 0x0000, 0x0000, 0x0000, 0x0000, 0x0000, 0x0000, 0x0000, 0x0000, 0x0000, 0x0000, 0x0000, 0x0000, 0x0000, 0x0000, 
0x0000, 0x0020, 0x18c3, 0x5acb, 0xbdf7, 0xffdf, 0xffff, 0xffff, 0xffff, 0xffff, 0xffff, 0xffff, 0xffff, 0xf79e, 0xe73c, 0xc638, 
0x9492, 0x5aeb, 0x2965, 0x0841, 0x0000, 0x0000, 0x0000, 0x0000, 0x0000, 0x0000, 0x0000, 0x0000, 0x0000, 0x0000, 0x0000, 0x0000, 
0x0000, 0x0000, 0x0000, 0x0000, 0x0000, 0x0000, 0x0000, 0x0000, 0x0000, 0x0000, 0x0000, 0x0000, 0x0841, 0x2965, 0x5aeb, 0x8c71, 
0xc638, 0xe73c, 0xf79e, 0xffff, 0xffff, 0xffff, 0xffff, 0xffff, 0xffff, 0xffff, 0xffdf, 0xc618, 0x5aeb, 0x18c3, 0x0020, 0x0000, 
0x0000, 0x0000, 0x0000, 0x0000, 0x0000, 0x0000, 0x0000, 0x0000, 0x0000, 0x0000, 0x0000, 0x0000, 0x0000, 0x0000, 0x0000, 0x0000, 
0x0000, 0x0000, 0x0000, 0x0000, 0x0000, 0x0000, 0x0000, 0x0000, 0x0000, 0x0000, 0x0000, 0x0000, 0x0000, 0x0000, 0x0000, 0x0000, 
0x0000, 0x0000, 0x0000, 0x0000, 0x0000, 0x0000, 0x0000, 0x0000, 0x0000, 0x0000, 0x0000, 0x0000, 0x0000, 0x0000, 0x0000, 0x0000, 
0x0000, 0x0000, 0x0000, 0x0000, 0x0000, 0x0000, 0x0000, 0x0000, 0x0000, 0x0000, 0x0000, 0x0000, 0x0000, 0x0000, 0x0000, 0x0000, 
0x0000, 0x0000, 0x0000, 0x0000, 0x0000, 0x0000, 0x0000, 0x0000, 0x0000, 0x0000, 0x0000, 0x0000, 0x0000, 0x0000, 0x0000, 0x0000, 
0x0000, 0x0000, 0x0000, 0x0000, 0x0000, 0x0000, 0x0000, 0x0000, 0x0000, 0x0000, 0x0000, 0x0000, 0x0000, 0x0000, 0x0000, 0x0000, 
0x0000, 0x0000, 0x0000, 0x0000, 0x0020, 0x2124, 0x7bef, 0xce79, 0xef7d, 0xffdf, 0xffff, 0xffff, 0xffff, 0xffff, 0xffff, 0xffff, 
0xffff, 0xffff, 0xffdf, 0xf79e, 0xce59, 0xa534, 0x8430, 0x632c, 0x4a49, 0x31a6, 0x2104, 0x18c3, 0x18c3, 0x10a2, 0x10a2, 0x10a2, 
0x10a2, 0x10a2, 0x10a2, 0x18c3, 0x18c3, 0x2104, 0x3186, 0x4228, 0x632c, 0x8430, 0xa534, 0xce59, 0xef7d, 0xffdf, 0xffff, 0xffff, 
0xffff, 0xffff, 0xffff, 0xffff, 0xffff, 0xffff, 0xffff, 0xef7d, 0xce79, 0x7bef, 0x2945, 0x0020, 0x0000, 0x0000, 0x0000, 0x0000, 
0x0000, 0x0000, 0x0000, 0x0000, 0x0000, 0x0000, 0x0000, 0x0000, 0x0000, 0x0000, 0x0000, 0x0000, 0x0000, 0x0000, 0x0000, 0x0000, 
0x0000, 0x0000, 0x0000, 0x0000, 0x0000, 0x0000, 0x0000, 0x0000, 0x0000, 0x0000, 0x0000, 0x0000, 0x0000, 0x0000, 0x0000, 0x0000, 
0x0000, 0x0000, 0x0000, 0x0000, 0x0000, 0x0000, 0x0000, 0x0000, 0x0000, 0x0000, 0x0000, 0x0000, 0x0000, 0x0000, 0x0000, 0x0000, 
0x0000, 0x0000, 0x0000, 0x0000, 0x0000, 0x0000, 0x0000, 0x0000, 0x0000, 0x0000, 0x0000, 0x0000, 0x0000, 0x0000, 0x0000, 0x0000, 
0x0000, 0x0000, 0x0000, 0x0000, 0x0000, 0x0000, 0x0000, 0x0000, 0x0000, 0x0000, 0x0000, 0x0000, 0x0000, 0x0000, 0x0000, 0x0000, 
0x0000, 0x0000, 0x0000, 0x0000, 0x0000, 0x0000, 0x0000, 0x0000, 0x0000, 0x0000, 0x0000, 0x0000, 0x0000, 0x0000, 0x0000, 0x0000, 
0x0000, 0x0000, 0x0000, 0x0000, 0x0000, 0x0000, 0x0000, 0x0000, 0x31a6, 0x7bef, 0xbdd7, 0xdedb, 0xf79e, 0xffff, 0xffff, 0xffff, 
0xffff, 0xffff, 0xffff, 0xffff, 0xffff, 0xffff, 0xffff, 0xffff, 0xffff, 0xffff, 0xffff, 0xf7be, 0xef5d, 0xe73c, 0xdefb, 0xdedb, 
0xdedb, 0xdefb, 0xe73c, 0xef5d, 0xf7be, 0xffff, 0xffff, 0xffff, 0xffff, 0xffff, 0xffff, 0xffff, 0xffff, 0xffff, 0xffff, 0xffff, 
0xffff, 0xffff, 0xffff, 0xf79e, 0xdedb, 0xbdd7, 0x8410, 0x39c7, 0x0000, 0x0000, 0x0000, 0x0000, 0x0000, 0x0000, 0x0000, 0x0000, 
0x0000, 0x0000, 0x0000, 0x0000, 0x0000, 0x0000, 0x0000, 0x0000, 0x0000, 0x0000, 0x0000, 0x0000, 0x0000, 0x0000, 0x0000, 0x0000, 
0x0000, 0x0000, 0x0000, 0x0000, 0x0000, 0x0000, 0x0000, 0x0000, 0x0000, 0x0000, 0x0000, 0x0000, 0x0000, 0x0000, 0x0000, 0x0000, 
0x0000, 0x0000, 0x0000, 0x0000, 0x0000, 0x0000, 0x0000, 0x0000, 0x0000, 0x0000, 0x0000, 0x0000, 0x0000, 0x0000, 0x0000, 0x0000, 
0x0000, 0x0000, 0x0000, 0x0000, 0x0000, 0x0000, 0x0000, 0x0000, 0x0000, 0x0000, 0x0000, 0x0000, 0x0000, 0x0000, 0x0000, 0x0000, 
0x0000, 0x0000, 0x0000, 0x0000, 0x0000, 0x0000, 0x0000, 0x0000, 0x0000, 0x0000, 0x0000, 0x0000, 0x0000, 0x0000, 0x0000, 0x0000, 
0x0000, 0x0000, 0x0000, 0x0000, 0x0000, 0x0000, 0x0000, 0x0000, 0x0000, 0x0000, 0x0000, 0x0000, 0x0000, 0x0000, 0x0000, 0x0000, 
0x0000, 0x0000, 0x0000, 0x0000, 0x0000, 0x0000, 0x0000, 0x0000, 0x0000, 0x0000, 0x0000, 0x2124, 0x5aeb, 0x8c51, 0xad75, 0xce79, 
0xef7d, 0xffff, 0xffff, 0xffff, 0xffff, 0xffff, 0xffff, 0xffff, 0xffff, 0xffff, 0xffff, 0xffff, 0xffff, 0xffff, 0xffff, 0xffff, 
0xffff, 0xffff, 0xffff, 0xffff, 0xffff, 0xffff, 0xffff, 0xffff, 0xffff, 0xffff, 0xffff, 0xffff, 0xffff, 0xffff, 0xffff, 0xef7d, 
0xce79, 0xad75, 0x8c51, 0x5aeb, 0x2945, 0x0000, 0x0000, 0x0000, 0x0000, 0x0000, 0x0000, 0x0000, 0x0000, 0x0000, 0x0000, 0x0000, 
0x0000, 0x0000, 0x0000, 0x0000, 0x0000, 0x0000, 0x0000, 0x0000, 0x0000, 0x0000, 0x0000, 0x0000, 0x0000, 0x0000, 0x0000, 0x0000, 
0x0000, 0x0000, 0x0000, 0x0000, 0x0000, 0x0000, 0x0000, 0x0000, 0x0000, 0x0000, 0x0000, 0x0000, 0x0000, 0x0000, 0x0000, 0x0000, 
0x0000, 0x0000, 0x0000, 0x0000, 0x0000, 0x0000, 0x0000, 0x0000, 0x0000, 0x0000, 0x0000, 0x0000, 0x0000, 0x0000, 0x0000, 0x0000, 
0x0000, 0x0000, 0x0000, 0x0000, 0x0000, 0x0000, 0x0000, 0x0000, 0x0000, 0x0000, 0x0000, 0x0000, 0x0000, 0x0000, 0x0000, 0x0000, 
0x0000, 0x0000, 0x0000, 0x0000, 0x0000, 0x0000, 0x0000, 0x0000, 0x0000, 0x0000, 0x0000, 0x0000, 0x0000, 0x0000, 0x0000, 0x0000, 
0x0000, 0x0000, 0x0000, 0x0000, 0x0000, 0x0000, 0x0000, 0x0000, 0x0000, 0x0000, 0x0000, 0x0000, 0x0000, 0x0000, 0x0000, 0x0000, 
0x0000, 0x0000, 0x0000, 0x0000, 0x0000, 0x0000, 0x0000, 0x0000, 0x0000, 0x0000, 0x0000, 0x0000, 0x0000, 0x0000, 0x0020, 0x2945, 
0x4a49, 0x630c, 0x7bef, 0xa514, 0xbdf7, 0xdedb, 0xef7d, 0xffff, 0xffff, 0xffff, 0xffff, 0xffff, 0xffff, 0xffff, 0xffff, 0xffff, 
0xffff, 0xffff, 0xffff, 0xffff, 0xffff, 0xffff, 0xffff, 0xffff, 0xffff, 0xf79e, 0xdedb, 0xbdf7, 0xa514, 0x8410, 0x630c, 0x4a49, 
0x2945, 0x0020, 0x0000, 0x0000, 0x0000, 0x0000, 0x0000, 0x0000, 0x0000, 0x0000, 0x0000, 0x0000, 0x0000, 0x0000, 0x0000, 0x0000, 
0x0000, 0x0000, 0x0000, 0x0000, 0x0000, 0x0000, 0x0000, 0x0000, 0x0000, 0x0000, 0x0000, 0x0000, 0x0000, 0x0000, 0x0000, 0x0000, 
0x0000, 0x0000, 0x0000, 0x0000, 0x0000, 0x0000, 0x0000, 0x0000, 0x0000, 0x0000, 0x0000, 0x0000, 0x0000, 0x0000, 0x0000, 0x0000, 
0x0000, 0x0000, 0x0000, 0x0000, 0x0000, 0x0000, 0x0000, 0x0000, 0x0000, 0x0000, 0x0000, 0x0000, 0x0000, 0x0000, 0x0000, 0x0000, 
0x0000, 0x0000, 0x0000, 0x0000, 0x0000, 0x0000, 0x0000, 0x0000, 0x0000, 0x0000, 0x0000, 0x0000, 0x0000, 0x0000, 0x0000, 0x0000, 
0x0000, 0x0000, 0x0000, 0x0000, 0x0000, 0x0000, 0x0000, 0x0000, 0x0000, 0x0000, 0x0000, 0x0000, 0x0000, 0x0000, 0x0000, 0x0000, 
0x0000, 0x0000, 0x0000, 0x0000, 0x0000, 0x0000, 0x0000, 0x0000, 0x0000, 0x0000, 0x0000, 0x0000, 0x0000, 0x0000, 0x0000, 0x0000, 
0x0000, 0x0000, 0x0000, 0x0000, 0x0000, 0x0000, 0x0000, 0x0000, 0x0000, 0x0000, 0x0000, 0x0000, 0x0000, 0x0000, 0x0000, 0x0000, 
0x0000, 0x0000, 0x0000, 0x0861, 0x18e3, 0x2945, 0x31a6, 0x4208, 0x528a, 0x630c, 0x73ae, 0x8430, 0x9492, 0x94b2, 0x9cf3, 0xa514, 
0xa514, 0x9cf3, 0x94b2, 0x9492, 0x8430, 0x73ae, 0x632c, 0x528a, 0x4208, 0x31a6, 0x2945, 0x18e3, 0x0861, 0x0000, 0x0000, 0x0000, 
0x0000, 0x0000, 0x0000, 0x0000, 0x0000, 0x0000, 0x0000, 0x0000, 0x0000, 0x0000, 0x0000, 0x0000, 0x0000, 0x0000, 0x0000, 0x0000, 
0x0000, 0x0000, 0x0000, 0x0000, 0x0000, 0x0000, 0x0000, 0x0000, 0x0000, 0x0000, 0x0000, 0x0000, 0x0000, 0x0000, 0x0000, 0x0000, 
0x0000, 0x0000, 0x0000, 0x0000, 0x0000, 0x0000, 0x0000, 0x0000, 0x0000, 0x0000, 0x0000, 0x0000, 0x0000, 0x0000, 0x0000, 0x0000, 
0x0000, 0x0000, 0x0000, 0x0000, 0x0000, 0x0000, 0x0000, 0x0000, 0x0000, 0x0000, 0x0000, 0x0000, 0x0000, 0x0000, 0x0000, 0x0000, 
0x0000, 0x0000, 0x0000, 0x0000, 0x0000, 0x0000, 0x0000, 0x0000, 0x0000, 0x0000, 0x0000, 0x0000, 0x0000, 0x0000, 0x0000, 0x0000, 
0x0000, 0x0000, 0x0000, 0x0000, 0x0000, 0x0000, 0x0000, 0x0000, 0x0000, 0x0000, 0x0000, 0x0000, 0x0000, 0x0000, 0x0000, 0x0000, 
0x0000, 0x0000, 0x0000, 0x0000, 0x0000, 0x0000, 0x0000, 0x0000, 0x0000, 0x0000, 0x0000, 0x0000, 0x0000, 0x0000, 0x0000, 0x0000, 
0x0000, 0x0000, 0x0000, 0x0000, 0x0000, 0x0000, 0x0000, 0x0000, 0x0000, 0x0000, 0x0000, 0x0000, 0x0000, 0x0000, 0x0000, 0x0000, 
0x0000, 0x0000, 0x0000, 0x0000, 0x0000, 0x0000, 0x0000, 0x0000, 0x0000, 0x0000, 0x0000, 0x0020, 0x0020, 0x0841, 0x0841, 0x0841, 
0x0841, 0x0841, 0x0841, 0x0020, 0x0020, 0x0000, 0x0000, 0x0000, 0x0000, 0x0000, 0x0000, 0x0000, 0x0000, 0x0000, 0x0000, 0x0000, 
0x0000, 0x0000, 0x0000, 0x0000, 0x0000, 0x0000, 0x0000, 0x0000, 0x0000, 0x0000, 0x0000, 0x0000, 0x0000, 0x0000, 0x0000, 0x0000, 
0x0000, 0x0000, 0x0000, 0x0000, 0x0000, 0x0000, 0x0000, 0x0000, 0x0000, 0x0000, 0x0000, 0x0000, 0x0000, 0x0000, 0x0000, 0x0000, 
0x0000, 0x0000, 0x0000, 0x0000, 0x0000, 0x0000, 0x0000, 0x0000, 0x0000, 0x0000, 0x0000, 0x0000, 0x0000, 0x0000, 0x0000, 0x0000, 
0x0000, 0x0000, 0x0000, 0x0000, 0x0000, 0x0000, 0x0000, 0x0000, 0x0000, 0x0000, 0x0000, 0x0000, 0x0000, 0x0000, 0x0000, 0x0000, 
};