// 'cool_emoji_160', 160x160px

#include <pgmspace.h>
const prog_uint16_t cool_emoji_160 [0x6400] PROGMEM = {
	0x0000, 0x0000, 0x0000, 0x0000, 0x0000, 0x0000, 0x0000, 0x0000, 0x0000, 0x0000, 0x0000, 0x0000, 0x0000, 0x0000, 0x0000, 0x0000, 
0x0000, 0x0000, 0x0000, 0x0000, 0x0000, 0x0000, 0x0000, 0x0000, 0x0000, 0x0000, 0x0000, 0x0000, 0x0000, 0x0000, 0x0000, 0x0000, 
0x0000, 0x0000, 0x0000, 0x0000, 0x0000, 0x0000, 0x0000, 0x0000, 0x0000, 0x0000, 0x0000, 0x0000, 0x0000, 0x0000, 0x0000, 0x0000, 
0x0000, 0x0000, 0x0000, 0x0000, 0x0000, 0x0000, 0x0000, 0x0000, 0x0000, 0x0000, 0x0000, 0x0000, 0x0000, 0x0000, 0x0000, 0x0000, 
0x0000, 0x0000, 0x0000, 0x0000, 0x0000, 0x0000, 0x0000, 0x0000, 0x0000, 0x0000, 0x0000, 0x0000, 0x0000, 0x0000, 0x0000, 0x0000, 
0x0000, 0x0000, 0x0000, 0x0000, 0x0000, 0x0000, 0x0000, 0x0000, 0x0000, 0x0000, 0x0000, 0x0000, 0x0000, 0x0000, 0x0000, 0x0000, 
0x0000, 0x0000, 0x0000, 0x0000, 0x0000, 0x0000, 0x0000, 0x0000, 0x0000, 0x0000, 0x0000, 0x0000, 0x0000, 0x0000, 0x0000, 0x0000, 
0x0000, 0x0000, 0x0000, 0x0000, 0x0000, 0x0000, 0x0000, 0x0000, 0x0000, 0x0000, 0x0000, 0x0000, 0x0000, 0x0000, 0x0000, 0x0000, 
0x0000, 0x0000, 0x0000, 0x0000, 0x0000, 0x0000, 0x0000, 0x0000, 0x0000, 0x0000, 0x0000, 0x0000, 0x0000, 0x0000, 0x0000, 0x0000, 
0x0000, 0x0000, 0x0000, 0x0000, 0x0000, 0x0000, 0x0000, 0x0000, 0x0000, 0x0000, 0x0000, 0x0000, 0x0000, 0x0000, 0x0000, 0x0000, 
0x0000, 0x0000, 0x0000, 0x0000, 0x0000, 0x0000, 0x0000, 0x0000, 0x0000, 0x0000, 0x0000, 0x0000, 0x0000, 0x0000, 0x0000, 0x0000, 
0x0000, 0x0000, 0x0000, 0x0000, 0x0000, 0x0000, 0x0000, 0x0000, 0x0000, 0x0000, 0x0000, 0x0000, 0x0000, 0x0000, 0x0000, 0x0000, 
0x0000, 0x0000, 0x0000, 0x0000, 0x0000, 0x0000, 0x0000, 0x0000, 0x0000, 0x0000, 0x0000, 0x0000, 0x0000, 0x0000, 0x0000, 0x0000, 
0x0000, 0x0000, 0x0000, 0x0000, 0x0000, 0x0000, 0x0000, 0x0000, 0x0000, 0x0000, 0x0000, 0x0000, 0x0000, 0x0000, 0x0000, 0x0000, 
0x0000, 0x0000, 0x0000, 0x0000, 0x0000, 0x0000, 0x0000, 0x0000, 0x0000, 0x0000, 0x0000, 0x0000, 0x0000, 0x0000, 0x0000, 0x0000, 
0x0000, 0x0000, 0x0000, 0x0000, 0x0000, 0x0000, 0x0000, 0x0000, 0x0000, 0x0000, 0x0000, 0x0000, 0x0000, 0x0000, 0x0000, 0x0000, 
0x0000, 0x0000, 0x0000, 0x0000, 0x0000, 0x0000, 0x0000, 0x0000, 0x0000, 0x0000, 0x0000, 0x0000, 0x0000, 0x0000, 0x0000, 0x0000, 
0x0000, 0x0000, 0x0000, 0x0000, 0x0000, 0x0000, 0x0000, 0x0000, 0x0000, 0x0000, 0x0000, 0x0000, 0x0000, 0x0000, 0x0000, 0x0000, 
0x0000, 0x0000, 0x0000, 0x0000, 0x0000, 0x0000, 0x0000, 0x0000, 0x0000, 0x0000, 0x0000, 0x0000, 0x0000, 0x0000, 0x0000, 0x0000, 
0x0000, 0x0000, 0x0000, 0x0000, 0x0000, 0x0000, 0x0000, 0x0000, 0x0000, 0x0000, 0x0000, 0x0000, 0x0000, 0x0000, 0x0000, 0x0000, 
0x0000, 0x0000, 0x0000, 0x0000, 0x0000, 0x0000, 0x0000, 0x0000, 0x0000, 0x0000, 0x0000, 0x0000, 0x0000, 0x0000, 0x0000, 0x0000, 
0x0000, 0x0000, 0x0000, 0x0000, 0x0000, 0x0000, 0x0000, 0x0000, 0x0000, 0x0000, 0x0000, 0x0000, 0x0000, 0x0000, 0x0000, 0x0000, 
0x0000, 0x0000, 0x0000, 0x0000, 0x0000, 0x0000, 0x0000, 0x0000, 0x0000, 0x0000, 0x0000, 0x0000, 0x0000, 0x0000, 0x0000, 0x0000, 
0x0000, 0x0000, 0x0000, 0x0000, 0x0000, 0x0000, 0x0000, 0x0000, 0x0000, 0x0000, 0x0000, 0x0000, 0x0000, 0x0000, 0x0000, 0x0000, 
0x0000, 0x0000, 0x0000, 0x0000, 0x0000, 0x0000, 0x0000, 0x0000, 0x0000, 0x0000, 0x0000, 0x0000, 0x0000, 0x0000, 0x0000, 0x0000, 
0x0000, 0x0000, 0x0000, 0x0000, 0x0000, 0x0000, 0x0000, 0x0000, 0x0000, 0x0000, 0x0000, 0x0000, 0x0000, 0x0000, 0x0000, 0x0000, 
0x0000, 0x0000, 0x0000, 0x0000, 0x0000, 0x0000, 0x0000, 0x0000, 0x0000, 0x0000, 0x0000, 0x0000, 0x0000, 0x0000, 0x0000, 0x0000, 
0x0000, 0x0000, 0x0000, 0x0000, 0x0000, 0x0000, 0x0000, 0x0000, 0x0000, 0x0000, 0x0000, 0x0000, 0x0000, 0x0000, 0x0000, 0x0000, 
0x0000, 0x0000, 0x0000, 0x0000, 0x0000, 0x0000, 0x0000, 0x0000, 0x0000, 0x0000, 0x0000, 0x0000, 0x0000, 0x0000, 0x0000, 0x0000, 
0x0000, 0x0000, 0x0000, 0x0000, 0x0000, 0x0000, 0x0000, 0x0000, 0x0000, 0x0000, 0x0000, 0x0000, 0x0000, 0x0000, 0x0000, 0x0000, 
0x0000, 0x0000, 0x0000, 0x0000, 0x0000, 0x0000, 0x0000, 0x0000, 0x0000, 0x0000, 0x0000, 0x0000, 0x0000, 0x0000, 0x0000, 0x0000, 
0x0000, 0x0000, 0x0000, 0x0000, 0x0000, 0x0000, 0x0000, 0x0000, 0x0000, 0x0000, 0x0000, 0x0000, 0x0000, 0x0000, 0x0000, 0x0000, 
0x0000, 0x0000, 0x0000, 0x0000, 0x0000, 0x0000, 0x0000, 0x0000, 0x0000, 0x0000, 0x0000, 0x0000, 0x0000, 0x0000, 0x0000, 0x0000, 
0x0000, 0x0000, 0x0000, 0x0000, 0x0000, 0x0000, 0x0000, 0x0000, 0x0000, 0x0000, 0x0000, 0x0000, 0x0000, 0x0000, 0x0000, 0x0000, 
0x0000, 0x0000, 0x0000, 0x0000, 0x0000, 0x0000, 0x0000, 0x0000, 0x0000, 0x0000, 0x0000, 0x0000, 0x0000, 0x0000, 0x0000, 0x0000, 
0x0000, 0x0000, 0x0000, 0x0000, 0x0000, 0x0000, 0x0000, 0x0000, 0x0000, 0x0000, 0x0000, 0x0000, 0x0000, 0x0000, 0x0000, 0x0000, 
0x0000, 0x0000, 0x0000, 0x0000, 0x0000, 0x0000, 0x0000, 0x0000, 0x0000, 0x0000, 0x0000, 0x0000, 0x0000, 0x0000, 0x0000, 0x0000, 
0x0000, 0x0000, 0x0000, 0x0000, 0x0000, 0x0000, 0x0000, 0x0000, 0x0000, 0x0000, 0x0000, 0x0000, 0x0000, 0x0000, 0x0000, 0x0000, 
0x0000, 0x0000, 0x0000, 0x0000, 0x0000, 0x0000, 0x0000, 0x0000, 0x0000, 0x0000, 0x0000, 0x0000, 0x0000, 0x0000, 0x0000, 0x0000, 
0x0000, 0x0000, 0x0000, 0x0000, 0x0000, 0x0000, 0x0000, 0x0000, 0x0000, 0x0000, 0x0000, 0x0000, 0x0000, 0x0000, 0x0000, 0x0000, 
0x0000, 0x0000, 0x0000, 0x0000, 0x0000, 0x0000, 0x0000, 0x0000, 0x0000, 0x0000, 0x0000, 0x0000, 0x0000, 0x0000, 0x0000, 0x0000, 
0x0000, 0x0000, 0x0000, 0x0000, 0x0000, 0x0000, 0x0000, 0x0000, 0x0000, 0x0000, 0x0000, 0x0000, 0x0000, 0x0000, 0x0000, 0x0000, 
0x0000, 0x0000, 0x0000, 0x0000, 0x0000, 0x0000, 0x0000, 0x0000, 0x0000, 0x0000, 0x0000, 0x0000, 0x0000, 0x0000, 0x0000, 0x0000, 
0x0000, 0x0000, 0x0000, 0x0000, 0x0000, 0x0000, 0x0000, 0x0000, 0x0000, 0x0000, 0x0000, 0x0000, 0x0000, 0x0000, 0x0000, 0x0000, 
0x0000, 0x0000, 0x0000, 0x0000, 0x0000, 0x0000, 0x0000, 0x0000, 0x0000, 0x0000, 0x0000, 0x0000, 0x0000, 0x0000, 0x0000, 0x0000, 
0x0000, 0x0000, 0x0000, 0x0000, 0x0000, 0x0000, 0x0000, 0x0000, 0x0000, 0x0000, 0x0000, 0x0000, 0x0000, 0x0000, 0x0000, 0x0000, 
0x0000, 0x0000, 0x0000, 0x0000, 0x0000, 0x0000, 0x0000, 0x0000, 0x0000, 0x0000, 0x0000, 0x0000, 0x0000, 0x0000, 0x0000, 0x0000, 
0x0000, 0x0000, 0x0000, 0x0000, 0x0000, 0x0000, 0x0000, 0x0000, 0x0000, 0x0000, 0x0000, 0x0000, 0x0000, 0x0000, 0x0000, 0x0000, 
0x0000, 0x0000, 0x0000, 0x0000, 0x0000, 0x0000, 0x0000, 0x0000, 0x0000, 0x0000, 0x0000, 0x0000, 0x0000, 0x0000, 0x0000, 0x0000, 
0x0000, 0x0000, 0x0000, 0x0000, 0x0000, 0x0000, 0x0000, 0x0000, 0x0000, 0x0000, 0x0000, 0x0000, 0x0000, 0x0000, 0x0000, 0x0000, 
0x0000, 0x0000, 0x0000, 0x0000, 0x0000, 0x0000, 0x0000, 0x0000, 0x0000, 0x0000, 0x0000, 0x0000, 0x0000, 0x0000, 0x0000, 0x0000, 
0x0000, 0x0000, 0x0000, 0x0000, 0x0000, 0x0000, 0x0000, 0x0000, 0x0000, 0x0000, 0x0000, 0x0000, 0x0000, 0x0000, 0x0000, 0x0000, 
0x0000, 0x0000, 0x0000, 0x0000, 0x0000, 0x0000, 0x0000, 0x0000, 0x0000, 0x0000, 0x0000, 0x0000, 0x0000, 0x0000, 0x0000, 0x0000, 
0x0000, 0x0000, 0x0000, 0x0000, 0x0000, 0x0000, 0x0000, 0x0000, 0x0000, 0x0000, 0x0000, 0x0000, 0x0000, 0x0000, 0x0000, 0x0000, 
0x0000, 0x0000, 0x0000, 0x0000, 0x0000, 0x0000, 0x0000, 0x0000, 0x0000, 0x0000, 0x0000, 0x0000, 0x0000, 0x0000, 0x0000, 0x0000, 
0x0000, 0x0000, 0x0000, 0x0000, 0x0000, 0x0000, 0x0000, 0x0000, 0x0000, 0x0000, 0x0000, 0x0000, 0x0000, 0x0000, 0x0000, 0x0000, 
0x0000, 0x0000, 0x0000, 0x0000, 0x0000, 0x0000, 0x0000, 0x0000, 0x0000, 0x0000, 0x0000, 0x0000, 0x0000, 0x0000, 0x0000, 0x0000, 
0x0000, 0x0000, 0x0000, 0x0000, 0x0000, 0x0000, 0x0000, 0x0000, 0x0000, 0x0000, 0x0000, 0x0000, 0x0000, 0x0000, 0x0000, 0x0000, 
0x0000, 0x0000, 0x0000, 0x0000, 0x0000, 0x0000, 0x0000, 0x0000, 0x0000, 0x0000, 0x0000, 0x0000, 0x0000, 0x0000, 0x0000, 0x0000, 
0x0000, 0x0000, 0x0000, 0x0000, 0x0000, 0x0000, 0x0000, 0x0000, 0x0000, 0x0000, 0x0000, 0x0000, 0x0000, 0x0000, 0x0000, 0x0000, 
0x0000, 0x0000, 0x0000, 0x0000, 0x0000, 0x0000, 0x0000, 0x0000, 0x0000, 0x0000, 0x0000, 0x0000, 0x0000, 0x0000, 0x0000, 0x0000, 
0x0000, 0x0000, 0x0000, 0x0000, 0x0000, 0x0000, 0x0000, 0x0000, 0x0000, 0x0000, 0x0000, 0x0000, 0x0000, 0x0000, 0x0000, 0x0000, 
0x0000, 0x0000, 0x0000, 0x0000, 0x0000, 0x0000, 0x0000, 0x0000, 0x0000, 0x0000, 0x0000, 0x0000, 0x0000, 0x0000, 0x0000, 0x0000, 
0x0000, 0x0000, 0x0000, 0x0000, 0x0000, 0x0000, 0x0000, 0x0000, 0x0000, 0x0000, 0x0000, 0x0000, 0x0000, 0x0000, 0x0000, 0x0000, 
0x0000, 0x0000, 0x0000, 0x0000, 0x0000, 0x0000, 0x0000, 0x0000, 0x0000, 0x0000, 0x0000, 0x0000, 0x0000, 0x0000, 0x0000, 0x0000, 
0x0000, 0x0000, 0x0000, 0x0000, 0x0000, 0x0000, 0x0000, 0x0000, 0x0000, 0x0000, 0x0000, 0x0000, 0x0000, 0x0000, 0x0000, 0x0000, 
0x0000, 0x0000, 0x0000, 0x0000, 0x0000, 0x0000, 0x0000, 0x0000, 0x0000, 0x0000, 0x0000, 0x0000, 0x0000, 0x0000, 0x0000, 0x0000, 
0x0000, 0x0000, 0x0000, 0x0000, 0x0000, 0x0000, 0x0000, 0x0000, 0x0000, 0x0000, 0x0000, 0x0000, 0x0000, 0x0000, 0x0000, 0x0000, 
0x0000, 0x0000, 0x0000, 0x0000, 0x0000, 0x0000, 0x0000, 0x0000, 0x0000, 0x0000, 0x0000, 0x0000, 0x0000, 0x0000, 0x0000, 0x0000, 
0x0000, 0x0000, 0x0000, 0x0000, 0x0000, 0x0000, 0x0000, 0x0000, 0x0000, 0x0000, 0x0000, 0x0000, 0x0000, 0x0000, 0x0000, 0x0000, 
0x0000, 0x0000, 0x0000, 0x0000, 0x0000, 0x0000, 0x0000, 0x0000, 0x0000, 0x0000, 0x0000, 0x0000, 0x0000, 0x0000, 0x0000, 0x0000, 
0x0000, 0x0000, 0x0000, 0x0000, 0x0000, 0x0000, 0x0000, 0x0000, 0x0000, 0x0000, 0x0000, 0x0000, 0x0000, 0x0000, 0x0000, 0x0000, 
0x0000, 0x0000, 0x0000, 0x0000, 0x0000, 0x0000, 0x0000, 0x0000, 0x0000, 0x0000, 0x0000, 0x0000, 0x0000, 0x0000, 0x0000, 0x0000, 
0x0000, 0x0000, 0x0000, 0x0000, 0x0000, 0x0000, 0x0000, 0x0000, 0x0000, 0x0000, 0x0000, 0x0000, 0x0000, 0x0000, 0x0000, 0x0000, 
0x0000, 0x0000, 0x0000, 0x0000, 0x0000, 0x0000, 0x0000, 0x0000, 0x0000, 0x0000, 0x0000, 0x0000, 0x0000, 0x0000, 0x0000, 0x0000, 
0x0000, 0x0000, 0x0000, 0x0000, 0x0000, 0x0000, 0x0000, 0x0000, 0x0000, 0x0000, 0x0000, 0x0000, 0x0000, 0x0000, 0x0000, 0x0000, 
0x0000, 0x0000, 0x0000, 0x0000, 0x0000, 0x0000, 0x0000, 0x0000, 0x0000, 0x0000, 0x0000, 0x0000, 0x0000, 0x0000, 0x0000, 0x0000, 
0x0000, 0x0000, 0x0000, 0x0000, 0x0000, 0x0000, 0x0000, 0x0000, 0x0000, 0x0000, 0x0000, 0x0000, 0x0000, 0x0000, 0x0000, 0x0000, 
0x0000, 0x0000, 0x0000, 0x0000, 0x0000, 0x0000, 0x0000, 0x0000, 0x0000, 0x0000, 0x0000, 0x0000, 0x0000, 0x0000, 0x0000, 0x0000, 
0x0000, 0x0000, 0x0000, 0x0000, 0x0000, 0x0000, 0x0000, 0x0000, 0x0000, 0x0000, 0x0000, 0x0000, 0x0000, 0x0000, 0x0000, 0x0000, 
0x0000, 0x0000, 0x0000, 0x0000, 0x0000, 0x0000, 0x0000, 0x0000, 0x0000, 0x0000, 0x0000, 0x0000, 0x0000, 0x0000, 0x0000, 0x0000, 
0x0000, 0x0000, 0x0000, 0x0000, 0x0000, 0x0000, 0x0000, 0x0000, 0x0000, 0x0000, 0x0000, 0x0000, 0x0000, 0x0000, 0x0000, 0x0000, 
0x0000, 0x0000, 0x0000, 0x0000, 0x0000, 0x0000, 0x0000, 0x0000, 0x0000, 0x0000, 0x0000, 0x0000, 0x0000, 0x0000, 0x0000, 0x0000, 
0x0000, 0x0000, 0x0000, 0x0000, 0x0000, 0x0000, 0x0000, 0x0000, 0x0000, 0x0000, 0x0000, 0x0000, 0x0000, 0x0000, 0x0000, 0x0000, 
0x0000, 0x0000, 0x0000, 0x0000, 0x0000, 0x0000, 0x0000, 0x0000, 0x0000, 0x0000, 0x0000, 0x0000, 0x0000, 0x0000, 0x0000, 0xfc00, 
0xfc00, 0x0000, 0x0000, 0x0000, 0x0000, 0x0000, 0x0000, 0x0000, 0x0000, 0x0000, 0x0000, 0x0000, 0x0000, 0x0000, 0x0000, 0x0000, 
0x0000, 0x0000, 0x0000, 0x0000, 0x0000, 0x0000, 0x0000, 0x0000, 0x0000, 0x0000, 0x0000, 0x0000, 0x0000, 0x0000, 0x0000, 0x0000, 
0x0000, 0x0000, 0x0000, 0x0000, 0x0000, 0x0000, 0x0000, 0x0000, 0x0000, 0x0000, 0x0000, 0x0000, 0x0000, 0x0000, 0x0000, 0x0000, 
0x0000, 0x0000, 0x0000, 0x0000, 0x0000, 0x0000, 0x0000, 0x0000, 0x0000, 0x0000, 0x0000, 0x0000, 0x0000, 0x0000, 0x0000, 0x0000, 
0x0000, 0x0000, 0x0000, 0x0000, 0x0000, 0x0000, 0x0000, 0x0000, 0x0000, 0x0000, 0x0000, 0x0000, 0x0000, 0x0000, 0x0000, 0x0000, 
0x0000, 0x0000, 0x0000, 0x0000, 0x0000, 0x0000, 0x0000, 0x0000, 0x0000, 0x0000, 0x0000, 0x0000, 0x0000, 0x0000, 0x0000, 0x0000, 
0x0000, 0x0000, 0x0000, 0x0000, 0x0000, 0x0000, 0x0000, 0x0000, 0x0000, 0x0000, 0x0000, 0x0000, 0x0000, 0x0000, 0x0000, 0x0000, 
0x0000, 0x0000, 0x0000, 0x0000, 0x0000, 0x0000, 0x0000, 0x0000, 0x0000, 0x0000, 0x0000, 0x0000, 0x0000, 0x0000, 0x0000, 0x0000, 
0x0000, 0x0000, 0x0000, 0x0000, 0x0000, 0x0000, 0x0000, 0x0000, 0x0000, 0x0000, 0x0000, 0x0000, 0x0000, 0x0000, 0x0000, 0x0000, 
0x0000, 0x0000, 0x0000, 0xe4c0, 0xec80, 0xec80, 0xec60, 0xec60, 0xec60, 0xec60, 0xec60, 0xec60, 0xec60, 0xec60, 0xec60, 0xec60, 
0xec60, 0xec60, 0xec60, 0xec60, 0xec60, 0xec80, 0xec60, 0xec60, 0xec80, 0xec80, 0xec80, 0xec60, 0xfc60, 0x0000, 0x0000, 0x0000, 
0x0000, 0x0000, 0x0000, 0x0000, 0x0000, 0x0000, 0x0000, 0x0000, 0x0000, 0x0000, 0x0000, 0x0000, 0x0000, 0x0000, 0x0000, 0x0000, 
0x0000, 0x0000, 0x0000, 0x0000, 0x0000, 0x0000, 0x0000, 0x0000, 0x0000, 0x0000, 0x0000, 0x0000, 0x0000, 0x0000, 0x0000, 0x0000, 
0x0000, 0x0000, 0x0000, 0x0000, 0x0000, 0x0000, 0x0000, 0x0000, 0x0000, 0x0000, 0x0000, 0x0000, 0x0000, 0x0000, 0x0000, 0x0000, 
0x0000, 0x0000, 0x0000, 0x0000, 0x0000, 0x0000, 0x0000, 0x0000, 0x0000, 0x0000, 0x0000, 0x0000, 0x0000, 0x0000, 0x0000, 0x0000, 
0x0000, 0x0000, 0x0000, 0x0000, 0x0000, 0x0000, 0x0000, 0x0000, 0x0000, 0x0000, 0x0000, 0x0000, 0x0000, 0x0000, 0x0000, 0x0000, 
0x0000, 0x0000, 0x0000, 0x0000, 0x0000, 0x0000, 0x0000, 0x0000, 0x0000, 0x0000, 0x0000, 0x0000, 0x0000, 0x0000, 0x0000, 0x0000, 
0x0000, 0x0000, 0x0000, 0x0000, 0x0000, 0x0000, 0x0000, 0x0000, 0x0000, 0x0000, 0x0000, 0x0000, 0x0000, 0x0000, 0x0000, 0x0000, 
0x0000, 0x0000, 0x0000, 0x0000, 0x0000, 0x0000, 0x0000, 0x0000, 0x0000, 0x0000, 0x0000, 0x0000, 0x0000, 0xfc00, 0xec80, 0xec80, 
0xec60, 0xec80, 0xec60, 0xec60, 0xec60, 0xec60, 0xf480, 0xf4a0, 0xf4a0, 0xf4a0, 0xf4a0, 0xf4a0, 0xf480, 0xf480, 0xf480, 0xf480, 
0xf480, 0xf480, 0xf480, 0xf480, 0xf4a0, 0xf4a0, 0xf4a0, 0xf4a0, 0xf4a0, 0xf480, 0xec60, 0xec60, 0xec60, 0xec60, 0xec60, 0xec60, 
0xec80, 0xe480, 0x0000, 0x0000, 0x0000, 0x0000, 0x0000, 0x0000, 0x0000, 0x0000, 0x0000, 0x0000, 0x0000, 0x0000, 0x0000, 0x0000, 
0x0000, 0x0000, 0x0000, 0x0000, 0x0000, 0x0000, 0x0000, 0x0000, 0x0000, 0x0000, 0x0000, 0x0000, 0x0000, 0x0000, 0x0000, 0x0000, 
0x0000, 0x0000, 0x0000, 0x0000, 0x0000, 0x0000, 0x0000, 0x0000, 0x0000, 0x0000, 0x0000, 0x0000, 0x0000, 0x0000, 0x0000, 0x0000, 
0x0000, 0x0000, 0x0000, 0x0000, 0x0000, 0x0000, 0x0000, 0x0000, 0x0000, 0x0000, 0x0000, 0x0000, 0x0000, 0x0000, 0x0000, 0x0000, 
0x0000, 0x0000, 0x0000, 0x0000, 0x0000, 0x0000, 0x0000, 0x0000, 0x0000, 0x0000, 0x0000, 0x0000, 0x0000, 0x0000, 0x0000, 0x0000, 
0x0000, 0x0000, 0x0000, 0x0000, 0x0000, 0x0000, 0x0000, 0x0000, 0x0000, 0x0000, 0x0000, 0x0000, 0x0000, 0x0000, 0x0000, 0x0000, 
0x0000, 0x0000, 0x0000, 0x0000, 0x0000, 0x0000, 0x0000, 0x0000, 0x0000, 0x0000, 0x0000, 0x0000, 0x0000, 0x0000, 0x0000, 0x0000, 
0x0000, 0x0000, 0x0000, 0x0000, 0x0000, 0x0000, 0x0000, 0x0000, 0x0000, 0xfc00, 0xec80, 0xec80, 0xec80, 0xec60, 0xec60, 0xec60, 
0xf4a0, 0xf4a0, 0xf480, 0xf480, 0xec80, 0xec80, 0xec60, 0xec60, 0xec60, 0xec60, 0xec60, 0xec60, 0xec60, 0xec60, 0xec60, 0xec60, 
0xec60, 0xec60, 0xec60, 0xec60, 0xec60, 0xec60, 0xec60, 0xec60, 0xec60, 0xec60, 0xec80, 0xec80, 0xf480, 0xf4a0, 0xf4a0, 0xf4a0, 
0xec60, 0xec80, 0xec60, 0xec60, 0xec80, 0xec80, 0x0000, 0x0000, 0x0000, 0x0000, 0x0000, 0x0000, 0x0000, 0x0000, 0x0000, 0x0000, 
0x0000, 0x0000, 0x0000, 0x0000, 0x0000, 0x0000, 0x0000, 0x0000, 0x0000, 0x0000, 0x0000, 0x0000, 0x0000, 0x0000, 0x0000, 0x0000, 
0x0000, 0x0000, 0x0000, 0x0000, 0x0000, 0x0000, 0x0000, 0x0000, 0x0000, 0x0000, 0x0000, 0x0000, 0x0000, 0x0000, 0x0000, 0x0000, 
0x0000, 0x0000, 0x0000, 0x0000, 0x0000, 0x0000, 0x0000, 0x0000, 0x0000, 0x0000, 0x0000, 0x0000, 0x0000, 0x0000, 0x0000, 0x0000, 
0x0000, 0x0000, 0x0000, 0x0000, 0x0000, 0x0000, 0x0000, 0x0000, 0x0000, 0x0000, 0x0000, 0x0000, 0x0000, 0x0000, 0x0000, 0x0000, 
0x0000, 0x0000, 0x0000, 0x0000, 0x0000, 0x0000, 0x0000, 0x0000, 0x0000, 0x0000, 0x0000, 0x0000, 0x0000, 0x0000, 0x0000, 0x0000, 
0x0000, 0x0000, 0x0000, 0x0000, 0x0000, 0x0000, 0x0000, 0x0000, 0x0000, 0x0000, 0x0000, 0x0000, 0x0000, 0x0000, 0x0000, 0x0000, 
0x0000, 0x0000, 0x0000, 0x0000, 0x0000, 0x0000, 0xec80, 0xec60, 0xec60, 0xec80, 0xec60, 0xf480, 0xf4a0, 0xf480, 0xec80, 0xec80, 
0xec60, 0xec60, 0xec60, 0xec60, 0xec60, 0xec60, 0xec60, 0xec60, 0xec60, 0xec60, 0xec60, 0xec60, 0xec60, 0xec60, 0xec60, 0xec60, 
0xec60, 0xec60, 0xec60, 0xec60, 0xec60, 0xec60, 0xec60, 0xec60, 0xec60, 0xec60, 0xec60, 0xec60, 0xec60, 0xec60, 0xec60, 0xec60, 
0xec80, 0xec80, 0xf480, 0xf4a0, 0xf480, 0xec60, 0xec80, 0xec60, 0xf480, 0xdc80, 0x0000, 0x0000, 0x0000, 0x0000, 0x0000, 0x0000, 
0x0000, 0x0000, 0x0000, 0x0000, 0x0000, 0x0000, 0x0000, 0x0000, 0x0000, 0x0000, 0x0000, 0x0000, 0x0000, 0x0000, 0x0000, 0x0000, 
0x0000, 0x0000, 0x0000, 0x0000, 0x0000, 0x0000, 0x0000, 0x0000, 0x0000, 0x0000, 0x0000, 0x0000, 0x0000, 0x0000, 0x0000, 0x0000, 
0x0000, 0x0000, 0x0000, 0x0000, 0x0000, 0x0000, 0x0000, 0x0000, 0x0000, 0x0000, 0x0000, 0x0000, 0x0000, 0x0000, 0x0000, 0x0000, 
0x0000, 0x0000, 0x0000, 0x0000, 0x0000, 0x0000, 0x0000, 0x0000, 0x0000, 0x0000, 0x0000, 0x0000, 0x0000, 0x0000, 0x0000, 0x0000, 
0x0000, 0x0000, 0x0000, 0x0000, 0x0000, 0x0000, 0x0000, 0x0000, 0x0000, 0x0000, 0x0000, 0x0000, 0x0000, 0x0000, 0x0000, 0x0000, 
0x0000, 0x0000, 0x0000, 0x0000, 0x0000, 0x0000, 0x0000, 0x0000, 0x0000, 0x0000, 0x0000, 0x0000, 0x0000, 0x0000, 0x0000, 0x0000, 
0x0000, 0x0000, 0x0000, 0xec80, 0xec80, 0xec80, 0xec80, 0xec80, 0xf4a0, 0xf480, 0xec80, 0xec60, 0xec60, 0xec60, 0xec60, 0xec60, 
0xec60, 0xec60, 0xec60, 0xec60, 0xec60, 0xec60, 0xec60, 0xec60, 0xec60, 0xec60, 0xec60, 0xec60, 0xec60, 0xec60, 0xec60, 0xec80, 
0xec80, 0xec60, 0xec60, 0xec60, 0xec60, 0xec60, 0xec60, 0xec60, 0xec60, 0xec60, 0xec60, 0xec60, 0xec60, 0xec60, 0xec60, 0xec60, 
0xec60, 0xec60, 0xec60, 0xec60, 0xec60, 0xec80, 0xf480, 0xf4a0, 0xec80, 0xec80, 0xec60, 0xec80, 0xad40, 0x0000, 0x0000, 0x0000, 
0x0000, 0x0000, 0x0000, 0x0000, 0x0000, 0x0000, 0x0000, 0x0000, 0x0000, 0x0000, 0x0000, 0x0000, 0x0000, 0x0000, 0x0000, 0x0000, 
0x0000, 0x0000, 0x0000, 0x0000, 0x0000, 0x0000, 0x0000, 0x0000, 0x0000, 0x0000, 0x0000, 0x0000, 0x0000, 0x0000, 0x0000, 0x0000, 
0x0000, 0x0000, 0x0000, 0x0000, 0x0000, 0x0000, 0x0000, 0x0000, 0x0000, 0x0000, 0x0000, 0x0000, 0x0000, 0x0000, 0x0000, 0x0000, 
0x0000, 0x0000, 0x0000, 0x0000, 0x0000, 0x0000, 0x0000, 0x0000, 0x0000, 0x0000, 0x0000, 0x0000, 0x0000, 0x0000, 0x0000, 0x0000, 
0x0000, 0x0000, 0x0000, 0x0000, 0x0000, 0x0000, 0x0000, 0x0000, 0x0000, 0x0000, 0x0000, 0x0000, 0x0000, 0x0000, 0x0000, 0x0000, 
0x0000, 0x0000, 0x0000, 0x0000, 0x0000, 0x0000, 0x0000, 0x0000, 0x0000, 0x0000, 0x0000, 0x0000, 0x0000, 0x0000, 0x0000, 0x0000, 
0x0000, 0xec80, 0xec80, 0xec80, 0xec80, 0xf4a0, 0xec80, 0xec60, 0xec60, 0xec60, 0xec60, 0xec60, 0xec60, 0xec60, 0xec60, 0xec60, 
0xec60, 0xec60, 0xec60, 0xec80, 0xeca0, 0xece1, 0xf521, 0xf562, 0xf5a3, 0xf5e3, 0xf604, 0xfe24, 0xfe44, 0xfe64, 0xfe64, 0xfe65, 
0xfe65, 0xfe64, 0xfe64, 0xfe44, 0xfe24, 0xf603, 0xf5e3, 0xf5a3, 0xf562, 0xf521, 0xece1, 0xeca0, 0xec80, 0xec60, 0xec60, 0xec60, 
0xec60, 0xec60, 0xec60, 0xec60, 0xec60, 0xec60, 0xec60, 0xec60, 0xec80, 0xf480, 0xf4a0, 0xec80, 0xec80, 0xec60, 0xec60, 0x0000, 
0x0000, 0x0000, 0x0000, 0x0000, 0x0000, 0x0000, 0x0000, 0x0000, 0x0000, 0x0000, 0x0000, 0x0000, 0x0000, 0x0000, 0x0000, 0x0000, 
0x0000, 0x0000, 0x0000, 0x0000, 0x0000, 0x0000, 0x0000, 0x0000, 0x0000, 0x0000, 0x0000, 0x0000, 0x0000, 0x0000, 0x0000, 0x0000, 
0x0000, 0x0000, 0x0000, 0x0000, 0x0000, 0x0000, 0x0000, 0x0000, 0x0000, 0x0000, 0x0000, 0x0000, 0x0000, 0x0000, 0x0000, 0x0000, 
0x0000, 0x0000, 0x0000, 0x0000, 0x0000, 0x0000, 0x0000, 0x0000, 0x0000, 0x0000, 0x0000, 0x0000, 0x0000, 0x0000, 0x0000, 0x0000, 
0x0000, 0x0000, 0x0000, 0x0000, 0x0000, 0x0000, 0x0000, 0x0000, 0x0000, 0x0000, 0x0000, 0x0000, 0x0000, 0x0000, 0x0000, 0x0000, 
0x0000, 0x0000, 0x0000, 0x0000, 0x0000, 0x0000, 0x0000, 0x0000, 0x0000, 0x0000, 0x0000, 0x0000, 0x0000, 0x0000, 0xec40, 0xec80, 
0xec60, 0xec60, 0xf4a0, 0xf480, 0xec60, 0xec60, 0xec60, 0xec60, 0xec60, 0xec60, 0xec60, 0xec60, 0xec60, 0xec60, 0xec80, 0xece1, 
0xf542, 0xf5c3, 0xfe44, 0xfe85, 0xfec5, 0xfee6, 0xff06, 0xff26, 0xff26, 0xff26, 0xff26, 0xff26, 0xff26, 0xff06, 0xff06, 0xff06, 
0xff06, 0xff06, 0xff06, 0xff26, 0xff26, 0xff26, 0xff26, 0xff26, 0xff26, 0xff06, 0xfee6, 0xfec5, 0xfe85, 0xfe24, 0xf5a3, 0xf542, 
0xece1, 0xec80, 0xec60, 0xec60, 0xec60, 0xec60, 0xec60, 0xec60, 0xec60, 0xec60, 0xec60, 0xec80, 0xf480, 0xf4a0, 0xec80, 0xec80, 
0xec80, 0xfc00, 0x0000, 0x0000, 0x0000, 0x0000, 0x0000, 0x0000, 0x0000, 0x0000, 0x0000, 0x0000, 0x0000, 0x0000, 0x0000, 0x0000, 
0x0000, 0x0000, 0x0000, 0x0000, 0x0000, 0x0000, 0x0000, 0x0000, 0x0000, 0x0000, 0x0000, 0x0000, 0x0000, 0x0000, 0x0000, 0x0000, 
0x0000, 0x0000, 0x0000, 0x0000, 0x0000, 0x0000, 0x0000, 0x0000, 0x0000, 0x0000, 0x0000, 0x0000, 0x0000, 0x0000, 0x0000, 0x0000, 
0x0000, 0x0000, 0x0000, 0x0000, 0x0000, 0x0000, 0x0000, 0x0000, 0x0000, 0x0000, 0x0000, 0x0000, 0x0000, 0x0000, 0x0000, 0x0000, 
0x0000, 0x0000, 0x0000, 0x0000, 0x0000, 0x0000, 0x0000, 0x0000, 0x0000, 0x0000, 0x0000, 0x0000, 0x0000, 0x0000, 0x0000, 0x0000, 
0x0000, 0x0000, 0x0000, 0x0000, 0x0000, 0x0000, 0x0000, 0x0000, 0x0000, 0x0000, 0x0000, 0x0000, 0xe460, 0xec80, 0xec60, 0xf480, 
0xf480, 0xec80, 0xec60, 0xec60, 0xec60, 0xec60, 0xec60, 0xec60, 0xec60, 0xec60, 0xec80, 0xed01, 0xf5a3, 0xfe24, 0xfea5, 0xfee6, 
0xff06, 0xff26, 0xff26, 0xff06, 0xff06, 0xff06, 0xff06, 0xff06, 0xff06, 0xff06, 0xff06, 0xff06, 0xff06, 0xff06, 0xff06, 0xff06, 
0xff06, 0xff06, 0xff06, 0xff06, 0xff06, 0xff06, 0xff06, 0xff06, 0xff06, 0xff06, 0xff06, 0xff06, 0xff06, 0xff26, 0xff26, 0xff06, 
0xfee6, 0xfea5, 0xf604, 0xf582, 0xece1, 0xec80, 0xec60, 0xec60, 0xec60, 0xec60, 0xec60, 0xec60, 0xec60, 0xec60, 0xec80, 0xf4a0, 
0xec60, 0xec80, 0xec60, 0xfc00, 0x0000, 0x0000, 0x0000, 0x0000, 0x0000, 0x0000, 0x0000, 0x0000, 0x0000, 0x0000, 0x0000, 0x0000, 
0x0000, 0x0000, 0x0000, 0x0000, 0x0000, 0x0000, 0x0000, 0x0000, 0x0000, 0x0000, 0x0000, 0x0000, 0x0000, 0x0000, 0x0000, 0x0000, 
0x0000, 0x0000, 0x0000, 0x0000, 0x0000, 0x0000, 0x0000, 0x0000, 0x0000, 0x0000, 0x0000, 0x0000, 0x0000, 0x0000, 0x0000, 0x0000, 
0x0000, 0x0000, 0x0000, 0x0000, 0x0000, 0x0000, 0x0000, 0x0000, 0x0000, 0x0000, 0x0000, 0x0000, 0x0000, 0x0000, 0x0000, 0x0000, 
0x0000, 0x0000, 0x0000, 0x0000, 0x0000, 0x0000, 0x0000, 0x0000, 0x0000, 0x0000, 0x0000, 0x0000, 0x0000, 0x0000, 0x0000, 0x0000, 
0x0000, 0x0000, 0x0000, 0x0000, 0x0000, 0x0000, 0x0000, 0x0000, 0x0000, 0x0000, 0xeca0, 0xec80, 0xec80, 0xf4a0, 0xf480, 0xec60, 
0xec60, 0xec60, 0xec60, 0xec60, 0xec60, 0xec60, 0xec60, 0xeca0, 0xf562, 0xf604, 0xfea5, 0xff06, 0xff26, 0xff26, 0xff06, 0xff06, 
0xff06, 0xff06, 0xff06, 0xff06, 0xff06, 0xff06, 0xff06, 0xff06, 0xff06, 0xff06, 0xff06, 0xff06, 0xff06, 0xff06, 0xff06, 0xff06, 
0xff06, 0xff06, 0xff06, 0xff06, 0xff06, 0xff06, 0xff06, 0xff06, 0xff06, 0xff06, 0xff06, 0xff06, 0xff06, 0xff06, 0xff06, 0xff06, 
0xff06, 0xff06, 0xff26, 0xff26, 0xfee6, 0xfe85, 0xf5e3, 0xf521, 0xec80, 0xec60, 0xec60, 0xec60, 0xec60, 0xec60, 0xec60, 0xec60, 
0xec80, 0xf480, 0xec80, 0xf480, 0xec80, 0xfc00, 0x0000, 0x0000, 0x0000, 0x0000, 0x0000, 0x0000, 0x0000, 0x0000, 0x0000, 0x0000, 
0x0000, 0x0000, 0x0000, 0x0000, 0x0000, 0x0000, 0x0000, 0x0000, 0x0000, 0x0000, 0x0000, 0x0000, 0x0000, 0x0000, 0x0000, 0x0000, 
0x0000, 0x0000, 0x0000, 0x0000, 0x0000, 0x0000, 0x0000, 0x0000, 0x0000, 0x0000, 0x0000, 0x0000, 0x0000, 0x0000, 0x0000, 0x0000, 
0x0000, 0x0000, 0x0000, 0x0000, 0x0000, 0x0000, 0x0000, 0x0000, 0x0000, 0x0000, 0x0000, 0x0000, 0x0000, 0x0000, 0x0000, 0x0000, 
0x0000, 0x0000, 0x0000, 0x0000, 0x0000, 0x0000, 0x0000, 0x0000, 0x0000, 0x0000, 0x0000, 0x0000, 0x0000, 0x0000, 0x0000, 0x0000, 
0x0000, 0x0000, 0x0000, 0x0000, 0x0000, 0x0000, 0x0000, 0x0000, 0xdc40, 0xec80, 0xec80, 0xf4a0, 0xec80, 0xec60, 0xec60, 0xec60, 
0xec60, 0xec60, 0xec60, 0xec60, 0xeca0, 0xf542, 0xfe24, 0xfec5, 0xff06, 0xff26, 0xff06, 0xff06, 0xff06, 0xff06, 0xff06, 0xff06, 
0xff06, 0xff06, 0xff06, 0xff06, 0xff06, 0xff06, 0xff06, 0xff06, 0xff06, 0xff06, 0xff06, 0xff06, 0xff06, 0xff06, 0xff06, 0xff06, 
0xff06, 0xff06, 0xff06, 0xff06, 0xff06, 0xff06, 0xff06, 0xff06, 0xff06, 0xff06, 0xff06, 0xff06, 0xff06, 0xff06, 0xff06, 0xff06, 
0xff06, 0xff06, 0xff06, 0xff06, 0xff06, 0xff06, 0xff26, 0xff06, 0xfea5, 0xf603, 0xf521, 0xec80, 0xec60, 0xec60, 0xec60, 0xec60, 
0xec60, 0xec60, 0xec60, 0xf480, 0xf480, 0xec80, 0xec60, 0x0000, 0x0000, 0x0000, 0x0000, 0x0000, 0x0000, 0x0000, 0x0000, 0x0000, 
0x0000, 0x0000, 0x0000, 0x0000, 0x0000, 0x0000, 0x0000, 0x0000, 0x0000, 0x0000, 0x0000, 0x0000, 0x0000, 0x0000, 0x0000, 0x0000, 
0x0000, 0x0000, 0x0000, 0x0000, 0x0000, 0x0000, 0x0000, 0x0000, 0x0000, 0x0000, 0x0000, 0x0000, 0x0000, 0x0000, 0x0000, 0x0000, 
0x0000, 0x0000, 0x0000, 0x0000, 0x0000, 0x0000, 0x0000, 0x0000, 0x0000, 0x0000, 0x0000, 0x0000, 0x0000, 0x0000, 0x0000, 0x0000, 
0x0000, 0x0000, 0x0000, 0x0000, 0x0000, 0x0000, 0x0000, 0x0000, 0x0000, 0x0000, 0x0000, 0x0000, 0x0000, 0x0000, 0x0000, 0x0000, 
0x0000, 0x0000, 0x0000, 0x0000, 0x0000, 0x0000, 0x0000, 0xec80, 0xec80, 0xf4a0, 0xec80, 0xec60, 0xec60, 0xec60, 0xec60, 0xec60, 
0xec60, 0xec60, 0xed01, 0xf5e3, 0xfea5, 0xff06, 0xff26, 0xff06, 0xff06, 0xff06, 0xff06, 0xff06, 0xff06, 0xff06, 0xff06, 0xff06, 
0xff06, 0xff06, 0xff06, 0xff06, 0xff06, 0xff06, 0xff06, 0xff06, 0xff06, 0xff06, 0xff06, 0xff06, 0xff06, 0xff06, 0xff06, 0xff06, 
0xff06, 0xff06, 0xff06, 0xff06, 0xff06, 0xff06, 0xff06, 0xff06, 0xff06, 0xff06, 0xff06, 0xff06, 0xff06, 0xff06, 0xff06, 0xff06, 
0xff06, 0xff06, 0xff06, 0xff06, 0xff06, 0xff06, 0xff06, 0xff06, 0xff06, 0xff26, 0xff06, 0xfe85, 0xf5a3, 0xecc0, 0xec60, 0xec60, 
0xec60, 0xec60, 0xec60, 0xec60, 0xec60, 0xf480, 0xec80, 0xec80, 0xec80, 0x0000, 0x0000, 0x0000, 0x0000, 0x0000, 0x0000, 0x0000, 
0x0000, 0x0000, 0x0000, 0x0000, 0x0000, 0x0000, 0x0000, 0x0000, 0x0000, 0x0000, 0x0000, 0x0000, 0x0000, 0x0000, 0x0000, 0x0000, 
0x0000, 0x0000, 0x0000, 0x0000, 0x0000, 0x0000, 0x0000, 0x0000, 0x0000, 0x0000, 0x0000, 0x0000, 0x0000, 0x0000, 0x0000, 0x0000, 
0x0000, 0x0000, 0x0000, 0x0000, 0x0000, 0x0000, 0x0000, 0x0000, 0x0000, 0x0000, 0x0000, 0x0000, 0x0000, 0x0000, 0x0000, 0x0000, 
0x0000, 0x0000, 0x0000, 0x0000, 0x0000, 0x0000, 0x0000, 0x0000, 0x0000, 0x0000, 0x0000, 0x0000, 0x0000, 0x0000, 0x0000, 0x0000, 
0x0000, 0x0000, 0x0000, 0x0000, 0x0000, 0xec80, 0xec80, 0xec80, 0xf480, 0xec60, 0xec60, 0xec60, 0xec60, 0xec60, 0xec60, 0xec80, 
0xf542, 0xfe44, 0xff06, 0xff26, 0xff06, 0xff06, 0xff06, 0xff06, 0xff06, 0xff06, 0xff06, 0xff06, 0xff06, 0xff06, 0xff06, 0xff06, 
0xff06, 0xff06, 0xff06, 0xff06, 0xff06, 0xff06, 0xff06, 0xff06, 0xff06, 0xff06, 0xff06, 0xff06, 0xff06, 0xff06, 0xff06, 0xff06, 
0xff06, 0xff06, 0xff06, 0xff06, 0xff06, 0xff06, 0xff06, 0xff06, 0xff06, 0xff06, 0xff06, 0xff06, 0xff06, 0xff06, 0xff06, 0xff06, 
0xff06, 0xff06, 0xff06, 0xff06, 0xff06, 0xff06, 0xff06, 0xff06, 0xff06, 0xff06, 0xff06, 0xff06, 0xff26, 0xfee6, 0xf604, 0xed01, 
0xec60, 0xec60, 0xec60, 0xec60, 0xec60, 0xec60, 0xec80, 0xf4a0, 0xec80, 0xec80, 0xf420, 0x0000, 0x0000, 0x0000, 0x0000, 0x0000, 
0x0000, 0x0000, 0x0000, 0x0000, 0x0000, 0x0000, 0x0000, 0x0000, 0x0000, 0x0000, 0x0000, 0x0000, 0x0000, 0x0000, 0x0000, 0x0000, 
0x0000, 0x0000, 0x0000, 0x0000, 0x0000, 0x0000, 0x0000, 0x0000, 0x0000, 0x0000, 0x0000, 0x0000, 0x0000, 0x0000, 0x0000, 0x0000, 
0x0000, 0x0000, 0x0000, 0x0000, 0x0000, 0x0000, 0x0000, 0x0000, 0x0000, 0x0000, 0x0000, 0x0000, 0x0000, 0x0000, 0x0000, 0x0000, 
0x0000, 0x0000, 0x0000, 0x0000, 0x0000, 0x0000, 0x0000, 0x0000, 0x0000, 0x0000, 0x0000, 0x0000, 0x0000, 0x0000, 0x0000, 0x0000, 
0x0000, 0x0000, 0x0000, 0xfcc0, 0xec80, 0xec80, 0xf4a0, 0xec60, 0xec60, 0xec60, 0xec60, 0xec60, 0xec60, 0xec80, 0xf562, 0xfe85, 
0xff06, 0xff26, 0xff06, 0xff06, 0xff06, 0xff06, 0xff06, 0xff06, 0xff06, 0xff06, 0xff06, 0xff06, 0xff06, 0xff06, 0xff06, 0xff06, 
0xff06, 0xff06, 0xff06, 0xff06, 0xff06, 0xff06, 0xff06, 0xff06, 0xff06, 0xff06, 0xff06, 0xff06, 0xff06, 0xff06, 0xff06, 0xff06, 
0xff06, 0xff06, 0xff06, 0xff06, 0xff06, 0xff06, 0xff06, 0xff06, 0xff06, 0xff06, 0xff06, 0xff06, 0xff06, 0xff06, 0xff06, 0xff06, 
0xff06, 0xff06, 0xff06, 0xff06, 0xff06, 0xff06, 0xff06, 0xff06, 0xff06, 0xff06, 0xff06, 0xff06, 0xff06, 0xff06, 0xff26, 0xff06, 
0xfe44, 0xf521, 0xec60, 0xec60, 0xec60, 0xec60, 0xec60, 0xec60, 0xec80, 0xf4a0, 0xec80, 0xec60, 0x0000, 0x0000, 0x0000, 0x0000, 
0x0000, 0x0000, 0x0000, 0x0000, 0x0000, 0x0000, 0x0000, 0x0000, 0x0000, 0x0000, 0x0000, 0x0000, 0x0000, 0x0000, 0x0000, 0x0000, 
0x0000, 0x0000, 0x0000, 0x0000, 0x0000, 0x0000, 0x0000, 0x0000, 0x0000, 0x0000, 0x0000, 0x0000, 0x0000, 0x0000, 0x0000, 0x0000, 
0x0000, 0x0000, 0x0000, 0x0000, 0x0000, 0x0000, 0x0000, 0x0000, 0x0000, 0x0000, 0x0000, 0x0000, 0x0000, 0x0000, 0x0000, 0x0000, 
0x0000, 0x0000, 0x0000, 0x0000, 0x0000, 0x0000, 0x0000, 0x0000, 0x0000, 0x0000, 0x0000, 0x0000, 0x0000, 0x0000, 0x0000, 0x0000, 
0x0000, 0x0000, 0xec80, 0xec80, 0xf4a0, 0xec80, 0xec60, 0xec60, 0xec60, 0xec60, 0xec60, 0xec80, 0xf562, 0xfea5, 0xff06, 0xff06, 
0xff06, 0xff06, 0xff06, 0xff06, 0xff06, 0xff06, 0xff06, 0xff06, 0xff06, 0xff06, 0xff06, 0xff06, 0xff06, 0xff06, 0xff06, 0xff06, 
0xff06, 0xff06, 0xff06, 0xff06, 0xff06, 0xff06, 0xff06, 0xff06, 0xff06, 0xff06, 0xff06, 0xff06, 0xff06, 0xff06, 0xff06, 0xff06, 
0xff06, 0xff06, 0xff06, 0xff06, 0xff06, 0xff06, 0xff06, 0xff06, 0xff06, 0xff06, 0xff06, 0xff06, 0xff06, 0xff06, 0xff06, 0xff06, 
0xff06, 0xff06, 0xff06, 0xff06, 0xff06, 0xff06, 0xff06, 0xff06, 0xff06, 0xff06, 0xff06, 0xff06, 0xff06, 0xff06, 0xff06, 0xff06, 
0xff26, 0xff06, 0xfe44, 0xf501, 0xec60, 0xec60, 0xec60, 0xec60, 0xec60, 0xec60, 0xf480, 0xec80, 0xec80, 0xec60, 0x0000, 0x0000, 
0x0000, 0x0000, 0x0000, 0x0000, 0x0000, 0x0000, 0x0000, 0x0000, 0x0000, 0x0000, 0x0000, 0x0000, 0x0000, 0x0000, 0x0000, 0x0000, 
0x0000, 0x0000, 0x0000, 0x0000, 0x0000, 0x0000, 0x0000, 0x0000, 0x0000, 0x0000, 0x0000, 0x0000, 0x0000, 0x0000, 0x0000, 0x0000, 
0x0000, 0x0000, 0x0000, 0x0000, 0x0000, 0x0000, 0x0000, 0x0000, 0x0000, 0x0000, 0x0000, 0x0000, 0x0000, 0x0000, 0x0000, 0x0000, 
0x0000, 0x0000, 0x0000, 0x0000, 0x0000, 0x0000, 0x0000, 0x0000, 0x0000, 0x0000, 0x0000, 0x0000, 0x0000, 0x0000, 0x0000, 0x0000, 
0x0000, 0xec60, 0xec80, 0xf4a0, 0xec60, 0xec60, 0xec60, 0xec60, 0xec60, 0xec60, 0xf521, 0xfe85, 0xff06, 0xff06, 0xff06, 0xff06, 
0xff06, 0xff06, 0xff06, 0xff06, 0xff06, 0xff06, 0xff06, 0xff06, 0xff06, 0xff06, 0xff06, 0xff06, 0xff06, 0xff06, 0xff06, 0xff06, 
0xff06, 0xff06, 0xff06, 0xff06, 0xff06, 0xff06, 0xff06, 0xff06, 0xff06, 0xff06, 0xff06, 0xff06, 0xff06, 0xff06, 0xff06, 0xff06, 
0xff06, 0xff06, 0xff06, 0xff06, 0xff06, 0xff06, 0xff06, 0xff06, 0xff06, 0xff06, 0xff06, 0xff06, 0xff06, 0xff06, 0xff06, 0xff06, 
0xff06, 0xff06, 0xff06, 0xff06, 0xff06, 0xff06, 0xff06, 0xff06, 0xff06, 0xff06, 0xff06, 0xff06, 0xff06, 0xff06, 0xff06, 0xff06, 
0xff06, 0xff06, 0xff26, 0xff06, 0xfe24, 0xece1, 0xec60, 0xec60, 0xec60, 0xec60, 0xec60, 0xec80, 0xf4a0, 0xec80, 0xec80, 0x0000, 
0x0000, 0x0000, 0x0000, 0x0000, 0x0000, 0x0000, 0x0000, 0x0000, 0x0000, 0x0000, 0x0000, 0x0000, 0x0000, 0x0000, 0x0000, 0x0000, 
0x0000, 0x0000, 0x0000, 0x0000, 0x0000, 0x0000, 0x0000, 0x0000, 0x0000, 0x0000, 0x0000, 0x0000, 0x0000, 0x0000, 0x0000, 0x0000, 
0x0000, 0x0000, 0x0000, 0x0000, 0x0000, 0x0000, 0x0000, 0x0000, 0x0000, 0x0000, 0x0000, 0x0000, 0x0000, 0x0000, 0x0000, 0x0000, 
0x0000, 0x0000, 0x0000, 0x0000, 0x0000, 0x0000, 0x0000, 0x0000, 0x0000, 0x0000, 0x0000, 0x0000, 0x0000, 0x0000, 0x0000, 0xec60, 
0xec60, 0xf480, 0xec80, 0xec60, 0xec60, 0xec60, 0xec60, 0xec60, 0xecc1, 0xf624, 0xff06, 0xff06, 0xff06, 0xff06, 0xff06, 0xff06, 
0xff06, 0xff06, 0xff06, 0xff06, 0xff06, 0xff06, 0xff06, 0xff06, 0xff06, 0xff06, 0xff06, 0xff06, 0xff06, 0xff06, 0xff06, 0xff06, 
0xff06, 0xff06, 0xff06, 0xff06, 0xff06, 0xff06, 0xff06, 0xff06, 0xff06, 0xff06, 0xff06, 0xff06, 0xff06, 0xff06, 0xff06, 0xff06, 
0xff06, 0xff06, 0xff06, 0xff06, 0xff06, 0xff06, 0xff06, 0xff06, 0xff06, 0xff06, 0xff06, 0xff06, 0xff06, 0xff06, 0xff06, 0xff06, 
0xff06, 0xff06, 0xff06, 0xff06, 0xff06, 0xff06, 0xff06, 0xff06, 0xff06, 0xff06, 0xff06, 0xff06, 0xff06, 0xff06, 0xff06, 0xff06, 
0xff06, 0xff06, 0xff06, 0xff06, 0xff26, 0xfee6, 0xf5c3, 0xec80, 0xec60, 0xec60, 0xec60, 0xec60, 0xec60, 0xf480, 0xec80, 0xec60, 
0x0000, 0x0000, 0x0000, 0x0000, 0x0000, 0x0000, 0x0000, 0x0000, 0x0000, 0x0000, 0x0000, 0x0000, 0x0000, 0x0000, 0x0000, 0x0000, 
0x0000, 0x0000, 0x0000, 0x0000, 0x0000, 0x0000, 0x0000, 0x0000, 0x0000, 0x0000, 0x0000, 0x0000, 0x0000, 0x0000, 0x0000, 0x0000, 
0x0000, 0x0000, 0x0000, 0x0000, 0x0000, 0x0000, 0x0000, 0x0000, 0x0000, 0x0000, 0x0000, 0x0000, 0x0000, 0x0000, 0x0000, 0x0000, 
0x0000, 0x0000, 0x0000, 0x0000, 0x0000, 0x0000, 0x0000, 0x0000, 0x0000, 0x0000, 0x0000, 0x0000, 0x0000, 0x0000, 0xec60, 0xec80, 
0xf4a0, 0xec80, 0xec60, 0xec60, 0xec60, 0xec60, 0xec80, 0xf5a2, 0xfee6, 0xff26, 0xff06, 0xff06, 0xff06, 0xff06, 0xff06, 0xff06, 
0xff06, 0xff06, 0xff06, 0xff06, 0xff06, 0xff06, 0xff06, 0xff06, 0xff06, 0xff06, 0xff06, 0xff06, 0xff06, 0xff06, 0xff06, 0xff06, 
0xff06, 0xff06, 0xff06, 0xff06, 0xff06, 0xff06, 0xff06, 0xff06, 0xff06, 0xff06, 0xff06, 0xff06, 0xff06, 0xff06, 0xff06, 0xff06, 
0xff06, 0xff06, 0xff06, 0xff06, 0xff06, 0xff06, 0xff06, 0xff06, 0xff06, 0xff06, 0xff06, 0xff06, 0xff06, 0xff06, 0xff06, 0xff06, 
0xff06, 0xff06, 0xff06, 0xff06, 0xff06, 0xff06, 0xff06, 0xff06, 0xff06, 0xff06, 0xff06, 0xff06, 0xff06, 0xff06, 0xff06, 0xff06, 
0xff06, 0xff06, 0xff06, 0xff06, 0xff06, 0xff06, 0xff26, 0xfe85, 0xf521, 0xec60, 0xec60, 0xec60, 0xec60, 0xec60, 0xec80, 0xf480, 
0xec60, 0xec40, 0x0000, 0x0000, 0x0000, 0x0000, 0x0000, 0x0000, 0x0000, 0x0000, 0x0000, 0x0000, 0x0000, 0x0000, 0x0000, 0x0000, 
0x0000, 0x0000, 0x0000, 0x0000, 0x0000, 0x0000, 0x0000, 0x0000, 0x0000, 0x0000, 0x0000, 0x0000, 0x0000, 0x0000, 0x0000, 0x0000, 
0x0000, 0x0000, 0x0000, 0x0000, 0x0000, 0x0000, 0x0000, 0x0000, 0x0000, 0x0000, 0x0000, 0x0000, 0x0000, 0x0000, 0x0000, 0x0000, 
0x0000, 0x0000, 0x0000, 0x0000, 0x0000, 0x0000, 0x0000, 0x0000, 0x0000, 0x0000, 0x0000, 0x0000, 0x0000, 0xec60, 0xec80, 0xf4a0, 
0xec60, 0xec60, 0xec60, 0xec60, 0xec60, 0xece1, 0xfe64, 0xff06, 0xff06, 0xff06, 0xff06, 0xff06, 0xff06, 0xff06, 0xff06, 0xff06, 
0xff06, 0xff06, 0xff06, 0xff06, 0xff06, 0xff06, 0xff06, 0xff06, 0xff06, 0xff06, 0xff06, 0xff06, 0xff06, 0xff06, 0xff06, 0xff06, 
0xff06, 0xff06, 0xff06, 0xff06, 0xff06, 0xff06, 0xff06, 0xff06, 0xff06, 0xff06, 0xff06, 0xff06, 0xff06, 0xff06, 0xff06, 0xff06, 
0xff06, 0xff06, 0xff06, 0xff06, 0xff06, 0xff06, 0xff06, 0xff06, 0xff06, 0xff06, 0xff06, 0xff06, 0xff06, 0xff06, 0xff06, 0xff06, 
0xff06, 0xff06, 0xff06, 0xff06, 0xff06, 0xff06, 0xff06, 0xff06, 0xff06, 0xff06, 0xff06, 0xff06, 0xff06, 0xff06, 0xff06, 0xff06, 
0xff06, 0xff06, 0xff06, 0xff06, 0xff06, 0xff06, 0xff06, 0xff06, 0xff06, 0xf5e3, 0xec80, 0xec60, 0xec60, 0xec60, 0xec60, 0xec80, 
0xf4a0, 0xec60, 0xec60, 0x0000, 0x0000, 0x0000, 0x0000, 0x0000, 0x0000, 0x0000, 0x0000, 0x0000, 0x0000, 0x0000, 0x0000, 0x0000, 
0x0000, 0x0000, 0x0000, 0x0000, 0x0000, 0x0000, 0x0000, 0x0000, 0x0000, 0x0000, 0x0000, 0x0000, 0x0000, 0x0000, 0x0000, 0x0000, 
0x0000, 0x0000, 0x0000, 0x0000, 0x0000, 0x0000, 0x0000, 0x0000, 0x0000, 0x0000, 0x0000, 0x0000, 0x0000, 0x0000, 0x0000, 0x0000, 
0x0000, 0x0000, 0x0000, 0x0000, 0x0000, 0x0000, 0x0000, 0x0000, 0x0000, 0x0000, 0x0000, 0x0000, 0xec60, 0xec80, 0xf480, 0xec60, 
0xec60, 0xec60, 0xec60, 0xec60, 0xf562, 0xfee6, 0xff26, 0xff06, 0xff06, 0xff06, 0xff06, 0xff06, 0xff06, 0xff06, 0xff06, 0xff06, 
0xff06, 0xff06, 0xff06, 0xff06, 0xff06, 0xff06, 0xff06, 0xff06, 0xff06, 0xff06, 0xff06, 0xff06, 0xff06, 0xff06, 0xff06, 0xff06, 
0xff06, 0xff06, 0xff06, 0xff06, 0xff06, 0xff06, 0xff06, 0xff06, 0xff06, 0xff06, 0xff06, 0xff06, 0xff06, 0xff06, 0xff06, 0xff06, 
0xff06, 0xff06, 0xff06, 0xff06, 0xff06, 0xff06, 0xff06, 0xff06, 0xff06, 0xff06, 0xff06, 0xff06, 0xff06, 0xff06, 0xff06, 0xff06, 
0xff06, 0xff06, 0xff06, 0xff06, 0xff06, 0xff06, 0xff06, 0xff06, 0xff06, 0xff06, 0xff06, 0xff06, 0xff06, 0xff06, 0xff06, 0xff06, 
0xff06, 0xff06, 0xff06, 0xff06, 0xff06, 0xff06, 0xff06, 0xff06, 0xff06, 0xff26, 0xfe85, 0xed01, 0xec60, 0xec60, 0xec60, 0xec60, 
0xec60, 0xf4a0, 0xec80, 0xec60, 0x0000, 0x0000, 0x0000, 0x0000, 0x0000, 0x0000, 0x0000, 0x0000, 0x0000, 0x0000, 0x0000, 0x0000, 
0x0000, 0x0000, 0x0000, 0x0000, 0x0000, 0x0000, 0x0000, 0x0000, 0x0000, 0x0000, 0x0000, 0x0000, 0x0000, 0x0000, 0x0000, 0x0000, 
0x0000, 0x0000, 0x0000, 0x0000, 0x0000, 0x0000, 0x0000, 0x0000, 0x0000, 0x0000, 0x0000, 0x0000, 0x0000, 0x0000, 0x0000, 0x0000, 
0x0000, 0x0000, 0x0000, 0x0000, 0x0000, 0x0000, 0x0000, 0x0000, 0x0000, 0x0000, 0x0000, 0xec60, 0xec80, 0xec80, 0xec60, 0xec60, 
0xec60, 0xec60, 0xec80, 0xf603, 0xff06, 0xff06, 0xff06, 0xff06, 0xff06, 0xff06, 0xff06, 0xff06, 0xff06, 0xff06, 0xff06, 0xff06, 
0xff06, 0xff06, 0xff06, 0xff06, 0xff06, 0xff06, 0xff06, 0xff06, 0xff06, 0xff06, 0xff06, 0xff06, 0xff06, 0xff06, 0xff06, 0xff06, 
0xff06, 0xff06, 0xff06, 0xff06, 0xff06, 0xff06, 0xff06, 0xff06, 0xff06, 0xff06, 0xff06, 0xff06, 0xff06, 0xff06, 0xff06, 0xff06, 
0xff06, 0xff06, 0xff06, 0xff06, 0xff06, 0xff06, 0xff06, 0xff06, 0xff06, 0xff06, 0xff06, 0xff06, 0xff06, 0xff06, 0xff06, 0xff06, 
0xff06, 0xff06, 0xff06, 0xff06, 0xff06, 0xff06, 0xff06, 0xff06, 0xff06, 0xff06, 0xff06, 0xff06, 0xff06, 0xff06, 0xff06, 0xff06, 
0xff06, 0xff06, 0xff06, 0xff06, 0xff06, 0xff06, 0xff06, 0xff06, 0xff06, 0xff06, 0xff26, 0xfee6, 0xf582, 0xec60, 0xec60, 0xec60, 
0xec60, 0xec60, 0xf4a0, 0xec80, 0xec60, 0x0000, 0x0000, 0x0000, 0x0000, 0x0000, 0x0000, 0x0000, 0x0000, 0x0000, 0x0000, 0x0000, 
0x0000, 0x0000, 0x0000, 0x0000, 0x0000, 0x0000, 0x0000, 0x0000, 0x0000, 0x0000, 0x0000, 0x0000, 0x0000, 0x0000, 0x0000, 0x0000, 
0x0000, 0x0000, 0x0000, 0x0000, 0x0000, 0x0000, 0x0000, 0x0000, 0x0000, 0x0000, 0x0000, 0x0000, 0x0000, 0x0000, 0x0000, 0x0000, 
0x0000, 0x0000, 0x0000, 0x0000, 0x0000, 0x0000, 0x0000, 0x0000, 0x0000, 0x0000, 0xec60, 0xec80, 0xec80, 0xec60, 0xec60, 0xec60, 
0xec60, 0xecc1, 0xfe85, 0xff26, 0xff06, 0xff06, 0xff06, 0xff06, 0xff06, 0xff06, 0xff06, 0xff06, 0xff06, 0xff06, 0xff06, 0xff06, 
0xff06, 0xff06, 0xff06, 0xff06, 0xff06, 0xff06, 0xff06, 0xff06, 0xff06, 0xff06, 0xff06, 0xff06, 0xff06, 0xff06, 0xff06, 0xff06, 
0xff06, 0xff06, 0xff06, 0xff06, 0xff06, 0xff06, 0xff06, 0xff06, 0xff06, 0xff06, 0xff06, 0xff06, 0xff06, 0xff06, 0xff06, 0xff06, 
0xff06, 0xff06, 0xff06, 0xff06, 0xff06, 0xff06, 0xff06, 0xff06, 0xff06, 0xff06, 0xff06, 0xff06, 0xff06, 0xff06, 0xff06, 0xff06, 
0xff06, 0xff06, 0xff06, 0xff06, 0xff06, 0xff06, 0xff06, 0xff06, 0xff06, 0xff06, 0xff06, 0xff06, 0xff06, 0xff06, 0xff06, 0xff06, 
0xff06, 0xff06, 0xff06, 0xff06, 0xff06, 0xff06, 0xff06, 0xff06, 0xff06, 0xff06, 0xff06, 0xff06, 0xff06, 0xf5e3, 0xec80, 0xec60, 
0xec60, 0xec60, 0xec60, 0xf480, 0xec80, 0xec80, 0x0000, 0x0000, 0x0000, 0x0000, 0x0000, 0x0000, 0x0000, 0x0000, 0x0000, 0x0000, 
0x0000, 0x0000, 0x0000, 0x0000, 0x0000, 0x0000, 0x0000, 0x0000, 0x0000, 0x0000, 0x0000, 0x0000, 0x0000, 0x0000, 0x0000, 0x0000, 
0x0000, 0x0000, 0x0000, 0x0000, 0x0000, 0x0000, 0x0000, 0x0000, 0x0000, 0x0000, 0x0000, 0x0000, 0x0000, 0x0000, 0x0000, 0x0000, 
0x0000, 0x0000, 0x0000, 0x0000, 0x0000, 0x0000, 0x0000, 0x0000, 0x0000, 0xec80, 0xec80, 0xec80, 0xec60, 0xec60, 0xec60, 0xec60, 
0xf501, 0xfec5, 0xff26, 0xff06, 0xff06, 0xff06, 0xff06, 0xff06, 0xff06, 0xff06, 0xff06, 0xff06, 0xff06, 0xff06, 0xff06, 0xff06, 
0xff06, 0xff06, 0xff06, 0xff06, 0xff06, 0xff06, 0xff06, 0xff06, 0xff06, 0xff06, 0xff06, 0xff06, 0xff06, 0xff06, 0xff06, 0xff06, 
0xff06, 0xff06, 0xff06, 0xff06, 0xff06, 0xff06, 0xff06, 0xff06, 0xff06, 0xff06, 0xff06, 0xff06, 0xff06, 0xff06, 0xff06, 0xff06, 
0xff06, 0xff06, 0xff06, 0xff06, 0xff06, 0xff06, 0xff06, 0xff06, 0xff06, 0xff06, 0xff06, 0xff06, 0xff06, 0xff06, 0xff06, 0xff06, 
0xff06, 0xff06, 0xff06, 0xff06, 0xff06, 0xff06, 0xff06, 0xff06, 0xff06, 0xff06, 0xff06, 0xff06, 0xff06, 0xff06, 0xff06, 0xff06, 
0xff06, 0xff06, 0xff06, 0xff06, 0xff06, 0xff06, 0xff06, 0xff06, 0xff06, 0xff06, 0xff06, 0xff06, 0xff06, 0xff26, 0xfe44, 0xeca0, 
0xec60, 0xec60, 0xec60, 0xec60, 0xf480, 0xec80, 0xe460, 0x0000, 0x0000, 0x0000, 0x0000, 0x0000, 0x0000, 0x0000, 0x0000, 0x0000, 
0x0000, 0x0000, 0x0000, 0x0000, 0x0000, 0x0000, 0x0000, 0x0000, 0x0000, 0x0000, 0x0000, 0x0000, 0x0000, 0x0000, 0x0000, 0x0000, 
0x0000, 0x0000, 0x0000, 0x0000, 0x0000, 0x0000, 0x0000, 0x0000, 0x0000, 0x0000, 0x0000, 0x0000, 0x0000, 0x0000, 0x0000, 0x0000, 
0x0000, 0x0000, 0x0000, 0x0000, 0x0000, 0x0000, 0x0000, 0x0000, 0xec80, 0xec80, 0xec80, 0xec60, 0xec60, 0xec60, 0xec60, 0xf542, 
0xfee6, 0xff06, 0xff06, 0xff06, 0xff06, 0xff06, 0xff06, 0xff06, 0xff06, 0xff06, 0xff06, 0xff06, 0xff06, 0xff06, 0xff06, 0xff06, 
0xff06, 0xff06, 0xff06, 0xff06, 0xff06, 0xff06, 0xff06, 0xff06, 0xff06, 0xff06, 0xff06, 0xff06, 0xff06, 0xff06, 0xff06, 0xff06, 
0xff06, 0xff06, 0xff06, 0xff06, 0xff06, 0xff06, 0xff06, 0xff06, 0xff06, 0xff06, 0xff06, 0xff06, 0xff06, 0xff06, 0xff06, 0xff06, 
0xff06, 0xff06, 0xff06, 0xff06, 0xff06, 0xff06, 0xff06, 0xff06, 0xff06, 0xff06, 0xff06, 0xff06, 0xff06, 0xff06, 0xff06, 0xff06, 
0xff06, 0xff06, 0xff06, 0xff06, 0xff06, 0xff06, 0xff06, 0xff06, 0xff06, 0xff06, 0xff06, 0xff06, 0xff06, 0xff06, 0xff06, 0xff06, 
0xff06, 0xff06, 0xff06, 0xff06, 0xff06, 0xff06, 0xff06, 0xff06, 0xff06, 0xff06, 0xff06, 0xff06, 0xff06, 0xff06, 0xff26, 0xfe85, 
0xecc1, 0xec60, 0xec60, 0xec60, 0xec60, 0xf480, 0xec80, 0xec60, 0x0000, 0x0000, 0x0000, 0x0000, 0x0000, 0x0000, 0x0000, 0x0000, 
0x0000, 0x0000, 0x0000, 0x0000, 0x0000, 0x0000, 0x0000, 0x0000, 0x0000, 0x0000, 0x0000, 0x0000, 0x0000, 0x0000, 0x0000, 0x0000, 
0x0000, 0x0000, 0x0000, 0x0000, 0x0000, 0x0000, 0x0000, 0x0000, 0x0000, 0x0000, 0x0000, 0x0000, 0x0000, 0x0000, 0x0000, 0x0000, 
0x0000, 0x0000, 0x0000, 0x0000, 0x0000, 0x0000, 0x0000, 0xec60, 0xec80, 0xec80, 0xec60, 0xec60, 0xec60, 0xec60, 0xf562, 0xff06, 
0xff06, 0xff06, 0xff06, 0xff06, 0xff06, 0xff06, 0xff06, 0xff06, 0xff06, 0xff06, 0xff06, 0xff06, 0xff06, 0xff06, 0xff06, 0xff06, 
0xff06, 0xff06, 0xff06, 0xff06, 0xff06, 0xff06, 0xff06, 0xff06, 0xff06, 0xff06, 0xff06, 0xff06, 0xff06, 0xff06, 0xff06, 0xff06, 
0xff06, 0xff06, 0xff06, 0xff06, 0xff06, 0xff06, 0xff06, 0xff06, 0xff06, 0xff06, 0xff06, 0xff06, 0xff06, 0xff06, 0xff06, 0xff06, 
0xff06, 0xff06, 0xff06, 0xff06, 0xff06, 0xff06, 0xff06, 0xff06, 0xff06, 0xff06, 0xff06, 0xff06, 0xff06, 0xff06, 0xff06, 0xff06, 
0xff06, 0xff06, 0xff06, 0xff06, 0xff06, 0xff06, 0xff06, 0xff06, 0xff06, 0xff06, 0xff06, 0xff06, 0xff06, 0xff06, 0xff06, 0xff06, 
0xff06, 0xff06, 0xff06, 0xff06, 0xff06, 0xff06, 0xff06, 0xff06, 0xff06, 0xff06, 0xff06, 0xff06, 0xff06, 0xff06, 0xff06, 0xff26, 
0xfea5, 0xece1, 0xec60, 0xec60, 0xec60, 0xec60, 0xf480, 0xec80, 0xec60, 0x0000, 0x0000, 0x0000, 0x0000, 0x0000, 0x0000, 0x0000, 
0x0000, 0x0000, 0x0000, 0x0000, 0x0000, 0x0000, 0x0000, 0x0000, 0x0000, 0x0000, 0x0000, 0x0000, 0x0000, 0x0000, 0x0000, 0x0000, 
0x0000, 0x0000, 0x0000, 0x0000, 0x0000, 0x0000, 0x0000, 0x0000, 0x0000, 0x0000, 0x0000, 0x0000, 0x0000, 0x0000, 0x0000, 0x0000, 
0x0000, 0x0000, 0x0000, 0x0000, 0x0000, 0x0000, 0xec60, 0xec80, 0xec80, 0xec60, 0xec60, 0xec60, 0xec60, 0xf582, 0xff06, 0xff06, 
0xff06, 0xff06, 0xff06, 0xff06, 0xff06, 0xff06, 0xff06, 0xff06, 0xff06, 0xff06, 0xff06, 0xff06, 0xff06, 0xff06, 0xff06, 0xff06, 
0xff06, 0xff06, 0xff06, 0xff06, 0xff06, 0xff06, 0xff06, 0xff06, 0xff06, 0xff06, 0xff06, 0xff06, 0xff06, 0xff06, 0xff06, 0xff06, 
0xff06, 0xff06, 0xff06, 0xff06, 0xff06, 0xff06, 0xff06, 0xff06, 0xff06, 0xff06, 0xff06, 0xff06, 0xff06, 0xff06, 0xff06, 0xff06, 
0xff06, 0xff06, 0xff06, 0xff06, 0xff06, 0xff06, 0xff06, 0xff06, 0xff06, 0xff06, 0xff06, 0xff06, 0xff06, 0xff06, 0xff06, 0xff06, 
0xff06, 0xff06, 0xff06, 0xff06, 0xff06, 0xff06, 0xff06, 0xff06, 0xff06, 0xff06, 0xff06, 0xff06, 0xff06, 0xff06, 0xff06, 0xff06, 
0xff06, 0xff06, 0xff06, 0xff06, 0xff06, 0xff06, 0xff06, 0xff06, 0xff06, 0xff06, 0xff06, 0xff06, 0xff06, 0xff06, 0xff06, 0xff06, 
0xff06, 0xfec5, 0xed01, 0xec60, 0xec60, 0xec60, 0xec60, 0xf480, 0xec80, 0xec60, 0x0000, 0x0000, 0x0000, 0x0000, 0x0000, 0x0000, 
0x0000, 0x0000, 0x0000, 0x0000, 0x0000, 0x0000, 0x0000, 0x0000, 0x0000, 0x0000, 0x0000, 0x0000, 0x0000, 0x0000, 0x0000, 0x0000, 
0x0000, 0x0000, 0x0000, 0x0000, 0x0000, 0x0000, 0x0000, 0x0000, 0x0000, 0x0000, 0x0000, 0x0000, 0x0000, 0x0000, 0x0000, 0x0000, 
0x0000, 0x0000, 0x0000, 0x0000, 0x0000, 0xec60, 0xec80, 0xf480, 0xec60, 0xec60, 0xec60, 0xec60, 0xf582, 0xff06, 0xff06, 0xff06, 
0xff06, 0xff06, 0xff06, 0xff06, 0xff06, 0xff06, 0xff06, 0xff06, 0xff06, 0xff06, 0xff06, 0xff06, 0xff06, 0xff06, 0xff06, 0xff06, 
0xff06, 0xff06, 0xff06, 0xff06, 0xff06, 0xff06, 0xff06, 0xff06, 0xff06, 0xff06, 0xff06, 0xff06, 0xff06, 0xff06, 0xff06, 0xff06, 
0xff06, 0xff06, 0xff06, 0xff06, 0xff06, 0xff06, 0xff06, 0xff06, 0xff06, 0xff06, 0xff06, 0xff06, 0xff06, 0xff06, 0xff06, 0xff06, 
0xff06, 0xff06, 0xff06, 0xff06, 0xff06, 0xff06, 0xff06, 0xff06, 0xff06, 0xff06, 0xff06, 0xff06, 0xff06, 0xff06, 0xff06, 0xff06, 
0xff06, 0xff06, 0xff06, 0xff06, 0xff06, 0xff06, 0xff06, 0xff06, 0xff06, 0xff06, 0xff06, 0xff06, 0xff06, 0xff06, 0xff06, 0xff06, 
0xff06, 0xff06, 0xff06, 0xff06, 0xff06, 0xff06, 0xff06, 0xff06, 0xff06, 0xff06, 0xff06, 0xff06, 0xff06, 0xff06, 0xff06, 0xff06, 
0xff06, 0xff06, 0xfec5, 0xed01, 0xec60, 0xec60, 0xec60, 0xec60, 0xf4a0, 0xec60, 0xdc40, 0x0000, 0x0000, 0x0000, 0x0000, 0x0000, 
0x0000, 0x0000, 0x0000, 0x0000, 0x0000, 0x0000, 0x0000, 0x0000, 0x0000, 0x0000, 0x0000, 0x0000, 0x0000, 0x0000, 0x0000, 0x0000, 
0x0000, 0x0000, 0x0000, 0x0000, 0x0000, 0x0000, 0x0000, 0x0000, 0x0000, 0x0000, 0x0000, 0x0000, 0x0000, 0x0000, 0x0000, 0x0000, 
0x0000, 0x0000, 0x0000, 0x0000, 0xf420, 0xec60, 0xf4a0, 0xec60, 0xec60, 0xec60, 0xec60, 0xf562, 0xff06, 0xff06, 0xff06, 0xff06, 
0xff06, 0xff06, 0xff06, 0xff06, 0xff06, 0xff06, 0xff06, 0xff06, 0xff06, 0xff06, 0xff06, 0xff06, 0xff06, 0xff06, 0xff06, 0xff06, 
0xff06, 0xff06, 0xff06, 0xff06, 0xff06, 0xff06, 0xff06, 0xff06, 0xff06, 0xff06, 0xff06, 0xff06, 0xff06, 0xff06, 0xff06, 0xff06, 
0xff06, 0xff06, 0xff06, 0xff06, 0xff06, 0xff06, 0xff06, 0xff06, 0xff06, 0xff06, 0xff06, 0xff06, 0xff06, 0xff06, 0xff06, 0xff06, 
0xff06, 0xff06, 0xff06, 0xff06, 0xff06, 0xff06, 0xff06, 0xff06, 0xff06, 0xff06, 0xff06, 0xff06, 0xff06, 0xff06, 0xff06, 0xff06, 
0xff06, 0xff06, 0xff06, 0xff06, 0xff06, 0xff06, 0xff06, 0xff06, 0xff06, 0xff06, 0xff06, 0xff06, 0xff06, 0xff06, 0xff06, 0xff06, 
0xff06, 0xff06, 0xff06, 0xff06, 0xff06, 0xff06, 0xff06, 0xff06, 0xff06, 0xff06, 0xff06, 0xff06, 0xff06, 0xff06, 0xff06, 0xff06, 
0xff06, 0xff06, 0xff06, 0xfec5, 0xece1, 0xec60, 0xec60, 0xec60, 0xec60, 0xf4a0, 0xec60, 0xf800, 0x0000, 0x0000, 0x0000, 0x0000, 
0x0000, 0x0000, 0x0000, 0x0000, 0x0000, 0x0000, 0x0000, 0x0000, 0x0000, 0x0000, 0x0000, 0x0000, 0x0000, 0x0000, 0x0000, 0x0000, 
0x0000, 0x0000, 0x0000, 0x0000, 0x0000, 0x0000, 0x0000, 0x0000, 0x0000, 0x0000, 0x0000, 0x0000, 0x0000, 0x0000, 0x0000, 0x0000, 
0x0000, 0x0000, 0x0000, 0xfc00, 0xec60, 0xf4a0, 0xec60, 0xec60, 0xec60, 0xec60, 0xf521, 0xfee6, 0xff06, 0xff06, 0xff06, 0xff06, 
0xff06, 0xff06, 0xff06, 0xff06, 0xff06, 0xff06, 0xff06, 0xff06, 0xff06, 0xff06, 0xff06, 0xff06, 0xff06, 0xff06, 0xff06, 0xff06, 
0xff06, 0xff06, 0xff06, 0xff06, 0xff06, 0xff06, 0xff06, 0xff06, 0xff06, 0xff06, 0xff06, 0xff06, 0xff06, 0xff06, 0xff06, 0xff06, 
0xff06, 0xff06, 0xff06, 0xff06, 0xff06, 0xff06, 0xff06, 0xff06, 0xff06, 0xff06, 0xff06, 0xff06, 0xff06, 0xff06, 0xff06, 0xff06, 
0xff06, 0xff06, 0xff06, 0xff06, 0xff06, 0xff06, 0xff06, 0xff06, 0xff06, 0xff06, 0xff06, 0xff06, 0xff06, 0xff06, 0xff06, 0xff06, 
0xff06, 0xff06, 0xff06, 0xff06, 0xff06, 0xff06, 0xff06, 0xff06, 0xff06, 0xff06, 0xff06, 0xff06, 0xff06, 0xff06, 0xff06, 0xff06, 
0xff06, 0xff06, 0xff06, 0xff06, 0xff06, 0xff06, 0xff06, 0xff06, 0xff06, 0xff06, 0xff06, 0xff06, 0xff06, 0xff06, 0xff06, 0xff06, 
0xff06, 0xff06, 0xff06, 0xff26, 0xfea5, 0xeca0, 0xec60, 0xec60, 0xec60, 0xec60, 0xf480, 0xec60, 0x0000, 0x0000, 0x0000, 0x0000, 
0x0000, 0x0000, 0x0000, 0x0000, 0x0000, 0x0000, 0x0000, 0x0000, 0x0000, 0x0000, 0x0000, 0x0000, 0x0000, 0x0000, 0x0000, 0x0000, 
0x0000, 0x0000, 0x0000, 0x0000, 0x0000, 0x0000, 0x0000, 0x0000, 0x0000, 0x0000, 0x0000, 0x0000, 0x0000, 0x0000, 0x0000, 0x0000, 
0x0000, 0x0000, 0x0000, 0xec60, 0xf480, 0xec60, 0xec60, 0xec60, 0xec60, 0xece1, 0xfec5, 0xff06, 0xff06, 0xff06, 0xff06, 0xff06, 
0xff06, 0xff06, 0xff06, 0xff06, 0xff06, 0xff06, 0xff06, 0xff06, 0xff06, 0xff06, 0xff06, 0xff06, 0xff06, 0xff06, 0xff06, 0xff06, 
0xff06, 0xff06, 0xff06, 0xff06, 0xff06, 0xff06, 0xff06, 0xff06, 0xff06, 0xff06, 0xff06, 0xff06, 0xff06, 0xff06, 0xff06, 0xff06, 
0xff06, 0xff06, 0xff06, 0xff06, 0xff06, 0xff06, 0xff06, 0xff06, 0xff06, 0xff06, 0xff06, 0xff06, 0xff06, 0xff06, 0xff06, 0xff06, 
0xff06, 0xff06, 0xff06, 0xff06, 0xff06, 0xff06, 0xff06, 0xff06, 0xff06, 0xff06, 0xff06, 0xff06, 0xff06, 0xff06, 0xff06, 0xff06, 
0xff06, 0xff06, 0xff06, 0xff06, 0xff06, 0xff06, 0xff06, 0xff06, 0xff06, 0xff06, 0xff06, 0xff06, 0xff06, 0xff06, 0xff06, 0xff06, 
0xff06, 0xff06, 0xff06, 0xff06, 0xff06, 0xff06, 0xff06, 0xff06, 0xff06, 0xff06, 0xff06, 0xff06, 0xff06, 0xff06, 0xff06, 0xff06, 
0xff06, 0xff06, 0xff06, 0xff06, 0xff26, 0xfe64, 0xec80, 0xec60, 0xec60, 0xec60, 0xec80, 0xec80, 0xec60, 0x0000, 0x0000, 0x0000, 
0x0000, 0x0000, 0x0000, 0x0000, 0x0000, 0x0000, 0x0000, 0x0000, 0x0000, 0x0000, 0x0000, 0x0000, 0x0000, 0x0000, 0x0000, 0x0000, 
0x0000, 0x0000, 0x0000, 0x0000, 0x0000, 0x0000, 0x0000, 0x0000, 0x0000, 0x0000, 0x0000, 0x0000, 0x0000, 0x0000, 0x0000, 0x0000, 
0x0000, 0x0000, 0xe460, 0xec80, 0xec80, 0xec60, 0xec60, 0xec60, 0xeca0, 0xfe85, 0xff26, 0xff06, 0xff06, 0xff06, 0xff06, 0xff06, 
0xff06, 0xff06, 0xff06, 0xff06, 0xff06, 0xff06, 0xff06, 0xff06, 0xff06, 0xff06, 0xff06, 0xff06, 0xff06, 0xff06, 0xff06, 0xff06, 
0xff06, 0xff06, 0xff06, 0xff06, 0xff06, 0xff06, 0xff06, 0xff06, 0xff06, 0xff06, 0xff06, 0xff06, 0xff06, 0xff06, 0xff06, 0xff06, 
0xff06, 0xff06, 0xff06, 0xff06, 0xff06, 0xff06, 0xff06, 0xff06, 0xff06, 0xff06, 0xff06, 0xff06, 0xff06, 0xff06, 0xff06, 0xff06, 
0xff06, 0xff06, 0xff06, 0xff06, 0xff06, 0xff06, 0xff06, 0xff06, 0xff06, 0xff06, 0xff06, 0xff06, 0xff06, 0xff06, 0xff06, 0xff06, 
0xff06, 0xff06, 0xff06, 0xff06, 0xff06, 0xff06, 0xff06, 0xff06, 0xff06, 0xff06, 0xff06, 0xff06, 0xff06, 0xff06, 0xff06, 0xff06, 
0xff06, 0xff06, 0xff06, 0xff06, 0xff06, 0xff06, 0xff06, 0xff06, 0xff06, 0xff06, 0xff06, 0xff06, 0xff06, 0xff06, 0xff06, 0xff06, 
0xff06, 0xff06, 0xff06, 0xff06, 0xff06, 0xff26, 0xf604, 0xec60, 0xec60, 0xec60, 0xec60, 0xf480, 0xec60, 0xf4a0, 0x0000, 0x0000, 
0x0000, 0x0000, 0x0000, 0x0000, 0x0000, 0x0000, 0x0000, 0x0000, 0x0000, 0x0000, 0x0000, 0x0000, 0x0000, 0x0000, 0x0000, 0x0000, 
0x0000, 0x0000, 0x0000, 0x0000, 0x0000, 0x0000, 0x0000, 0x0000, 0x0000, 0x0000, 0x0000, 0x0000, 0x0000, 0x0000, 0x0000, 0x0000, 
0x0000, 0xec40, 0xec80, 0xf4a0, 0xec60, 0xec60, 0xec60, 0xec60, 0xfe24, 0xff26, 0xff06, 0xff06, 0xff06, 0xff06, 0xff06, 0xff06, 
0xff06, 0xff06, 0xff06, 0xff06, 0xff06, 0xff06, 0xff06, 0xff06, 0xff06, 0xff06, 0xff06, 0xff06, 0xff06, 0xff06, 0xff06, 0xff06, 
0xff06, 0xff06, 0xff06, 0xff06, 0xff06, 0xff06, 0xff06, 0xff06, 0xff06, 0xff06, 0xff06, 0xff06, 0xff06, 0xff06, 0xff06, 0xff06, 
0xff06, 0xff06, 0xff06, 0xff06, 0xff06, 0xff06, 0xff06, 0xff06, 0xff06, 0xff06, 0xff06, 0xff06, 0xff06, 0xff06, 0xff06, 0xff06, 
0xff06, 0xff06, 0xff06, 0xff06, 0xff06, 0xff06, 0xff06, 0xff06, 0xff06, 0xff06, 0xff06, 0xff06, 0xff06, 0xff06, 0xff06, 0xff06, 
0xff06, 0xff06, 0xff06, 0xff06, 0xff06, 0xff06, 0xff06, 0xff06, 0xff06, 0xff06, 0xff06, 0xff06, 0xff06, 0xff06, 0xff06, 0xff06, 
0xff06, 0xff06, 0xff06, 0xff06, 0xff06, 0xff06, 0xff06, 0xff06, 0xff06, 0xff06, 0xff06, 0xff06, 0xff06, 0xff06, 0xff06, 0xff06, 
0xff06, 0xff06, 0xff06, 0xff06, 0xff06, 0xff06, 0xff06, 0xf582, 0xec60, 0xec60, 0xec60, 0xec60, 0xf4a0, 0xec60, 0x0000, 0x0000, 
0x0000, 0x0000, 0x0000, 0x0000, 0x0000, 0x0000, 0x0000, 0x0000, 0x0000, 0x0000, 0x0000, 0x0000, 0x0000, 0x0000, 0x0000, 0x0000, 
0x0000, 0x0000, 0x0000, 0x0000, 0x0000, 0x0000, 0x0000, 0x0000, 0x0000, 0x0000, 0x0000, 0x0000, 0x0000, 0x0000, 0x0000, 0x0000, 
0x0000, 0xec60, 0xf4a0, 0xec60, 0xec60, 0xec60, 0xec60, 0xf582, 0xff26, 0xff06, 0xff06, 0xff06, 0xff06, 0xff06, 0xff06, 0xff06, 
0xff06, 0xff06, 0xff06, 0xff06, 0xff06, 0xff06, 0xff06, 0xff06, 0xff06, 0xff06, 0xff06, 0xff06, 0xff06, 0xff06, 0xff06, 0xff06, 
0xff06, 0xff06, 0xff06, 0xff06, 0xff06, 0xff06, 0xff06, 0xff06, 0xff06, 0xff06, 0xff06, 0xff06, 0xff06, 0xff06, 0xff06, 0xff06, 
0xff06, 0xff06, 0xff06, 0xff06, 0xff06, 0xff06, 0xff06, 0xff06, 0xff06, 0xff06, 0xff06, 0xff06, 0xff06, 0xff06, 0xff06, 0xff06, 
0xff06, 0xff06, 0xff06, 0xff06, 0xff06, 0xff06, 0xff06, 0xff06, 0xff06, 0xff06, 0xff06, 0xff06, 0xff06, 0xff06, 0xff06, 0xff06, 
0xff06, 0xff06, 0xff06, 0xff06, 0xff06, 0xff06, 0xff06, 0xff06, 0xff06, 0xff06, 0xff06, 0xff06, 0xff06, 0xff06, 0xff06, 0xff06, 
0xff06, 0xff06, 0xff06, 0xff06, 0xff06, 0xff06, 0xff06, 0xff06, 0xff06, 0xff06, 0xff06, 0xff06, 0xff06, 0xff06, 0xff06, 0xff06, 
0xff06, 0xff06, 0xff06, 0xff06, 0xff06, 0xff06, 0xff06, 0xfee6, 0xf501, 0xec60, 0xec60, 0xec60, 0xec80, 0xec80, 0xec60, 0x0000, 
0x0000, 0x0000, 0x0000, 0x0000, 0x0000, 0x0000, 0x0000, 0x0000, 0x0000, 0x0000, 0x0000, 0x0000, 0x0000, 0x0000, 0x0000, 0x0000, 
0x0000, 0x0000, 0x0000, 0x0000, 0x0000, 0x0000, 0x0000, 0x0000, 0x0000, 0x0000, 0x0000, 0x0000, 0x0000, 0x0000, 0x0000, 0x0000, 
0xec80, 0xec80, 0xec80, 0xec60, 0xec60, 0xec60, 0xece1, 0xfee6, 0xff06, 0xff06, 0xff06, 0xff06, 0xff06, 0xff06, 0xff06, 0xff06, 
0xff06, 0xff06, 0xff06, 0xff06, 0xff06, 0xff06, 0xff06, 0xff06, 0xff06, 0xff06, 0xff06, 0xff06, 0xff06, 0xff06, 0xff06, 0xff06, 
0xff06, 0xff06, 0xff06, 0xff06, 0xff06, 0xff06, 0xff06, 0xff06, 0xff06, 0xff06, 0xff06, 0xff06, 0xff06, 0xff06, 0xff06, 0xff06, 
0xff06, 0xff06, 0xff06, 0xff06, 0xff06, 0xff06, 0xff06, 0xff06, 0xff06, 0xff06, 0xff06, 0xff06, 0xff06, 0xff06, 0xff06, 0xff06, 
0xff06, 0xff06, 0xff06, 0xff06, 0xff06, 0xff06, 0xff06, 0xff06, 0xff06, 0xff06, 0xff06, 0xff06, 0xff06, 0xff06, 0xff06, 0xff06, 
0xff06, 0xff06, 0xff06, 0xff06, 0xff06, 0xff06, 0xff06, 0xff06, 0xff06, 0xff06, 0xff06, 0xff06, 0xff06, 0xff06, 0xff06, 0xff06, 
0xff06, 0xff06, 0xff06, 0xff06, 0xff06, 0xff06, 0xff06, 0xff06, 0xff06, 0xff06, 0xff06, 0xff06, 0xff06, 0xff06, 0xff06, 0xff06, 
0xff06, 0xff06, 0xff06, 0xff06, 0xff06, 0xff06, 0xff06, 0xff06, 0xfea5, 0xeca0, 0xec60, 0xec60, 0xec60, 0xf480, 0xec80, 0xf4a0, 
0x0000, 0x0000, 0x0000, 0x0000, 0x0000, 0x0000, 0x0000, 0x0000, 0x0000, 0x0000, 0x0000, 0x0000, 0x0000, 0x0000, 0x0000, 0x0000, 
0x0000, 0x0000, 0x0000, 0x0000, 0x0000, 0x0000, 0x0000, 0x0000, 0x0000, 0x0000, 0x0000, 0x0000, 0x0000, 0x0000, 0x0000, 0xaaa0, 
0xec60, 0xf4a0, 0xec60, 0xec60, 0xec60, 0xec80, 0xfe65, 0xff26, 0xff06, 0xff06, 0xff06, 0xff06, 0xff06, 0xff06, 0xff06, 0xff06, 
0xff06, 0xff06, 0xff06, 0xff06, 0xff06, 0xff06, 0xff06, 0xff06, 0xff06, 0xff06, 0xff06, 0xff06, 0xff06, 0xff06, 0xff06, 0xff06, 
0xff06, 0xff06, 0xff06, 0xff06, 0xff06, 0xff06, 0xff06, 0xff06, 0xff06, 0xff06, 0xff06, 0xff06, 0xff06, 0xff06, 0xff06, 0xff06, 
0xff06, 0xff06, 0xff06, 0xff06, 0xff06, 0xff06, 0xff06, 0xff06, 0xff06, 0xff06, 0xff06, 0xff06, 0xff06, 0xff06, 0xff06, 0xff06, 
0xff06, 0xff06, 0xff06, 0xff06, 0xff06, 0xff06, 0xff06, 0xff06, 0xff06, 0xff06, 0xff06, 0xff06, 0xff06, 0xff06, 0xff06, 0xff06, 
0xff06, 0xff06, 0xff06, 0xff06, 0xff06, 0xff06, 0xff06, 0xff06, 0xff06, 0xff06, 0xff06, 0xff06, 0xff06, 0xff06, 0xff06, 0xff06, 
0xff06, 0xff06, 0xff06, 0xff06, 0xff06, 0xff06, 0xff06, 0xff06, 0xff06, 0xff06, 0xff06, 0xff06, 0xff06, 0xff06, 0xff06, 0xff06, 
0xff06, 0xff06, 0xff06, 0xff06, 0xff06, 0xff06, 0xff06, 0xff06, 0xff26, 0xf5e3, 0xec60, 0xec60, 0xec60, 0xec60, 0xf4a0, 0xec80, 
0x0000, 0x0000, 0x0000, 0x0000, 0x0000, 0x0000, 0x0000, 0x0000, 0x0000, 0x0000, 0x0000, 0x0000, 0x0000, 0x0000, 0x0000, 0x0000, 
0x0000, 0x0000, 0x0000, 0x0000, 0x0000, 0x0000, 0x0000, 0x0000, 0x0000, 0x0000, 0x0000, 0x0000, 0x0000, 0x0000, 0x0000, 0xec60, 
0xf480, 0xec80, 0xec80, 0xec80, 0xec60, 0xf5c3, 0xff46, 0xff26, 0xff26, 0xff26, 0xff26, 0xff26, 0xff26, 0xff26, 0xff26, 0xff46, 
0xff46, 0xff46, 0xff26, 0xff26, 0xff26, 0xff26, 0xff26, 0xff26, 0xff26, 0xff26, 0xff26, 0xff26, 0xff26, 0xff26, 0xff26, 0xff26, 
0xff26, 0xff26, 0xff26, 0xff26, 0xff06, 0xff06, 0xff06, 0xff06, 0xff06, 0xff06, 0xff06, 0xff06, 0xff06, 0xff06, 0xff06, 0xff06, 
0xff06, 0xff06, 0xff06, 0xff06, 0xff06, 0xff06, 0xff06, 0xff06, 0xff06, 0xff06, 0xff06, 0xff06, 0xff06, 0xff06, 0xff06, 0xff06, 
0xff06, 0xff06, 0xff06, 0xff06, 0xff06, 0xff06, 0xff06, 0xff06, 0xff06, 0xff06, 0xff06, 0xff06, 0xff06, 0xff06, 0xff06, 0xff06, 
0xff06, 0xff06, 0xff06, 0xff06, 0xff06, 0xff06, 0xff06, 0xff06, 0xff06, 0xff06, 0xff06, 0xff06, 0xff06, 0xff26, 0xff26, 0xff26, 
0xff26, 0xff26, 0xff26, 0xff26, 0xff26, 0xff26, 0xff26, 0xff26, 0xff26, 0xff26, 0xff26, 0xff26, 0xff26, 0xff26, 0xff26, 0xff26, 
0xff26, 0xff26, 0xff26, 0xff26, 0xff26, 0xff26, 0xff26, 0xff26, 0xff26, 0xff26, 0xf541, 0xec60, 0xec80, 0xec80, 0xec80, 0xec80, 
0xec60, 0x0000, 0x0000, 0x0000, 0x0000, 0x0000, 0x0000, 0x0000, 0x0000, 0x0000, 0x0000, 0x0000, 0x0000, 0x0000, 0x0000, 0x0000, 
0x0000, 0x0000, 0x0000, 0x0000, 0x0000, 0x0000, 0x0000, 0x0000, 0x0000, 0x0000, 0x0000, 0x0000, 0x0000, 0x0000, 0xffe0, 0xf480, 
0xf480, 0xec60, 0xe440, 0xdc20, 0xdc60, 0xe625, 0xde25, 0xde05, 0xd5c5, 0xcda5, 0xcd85, 0xc585, 0xc565, 0xc564, 0xc544, 0xbd44, 
0xbd44, 0xbd44, 0xc564, 0xc564, 0xc564, 0xc564, 0xc564, 0xc564, 0xc564, 0xc564, 0xc585, 0xcd85, 0xcd85, 0xcda5, 0xd5c5, 0xd5e5, 
0xde05, 0xe625, 0xee65, 0xee86, 0xf6a6, 0xf6c6, 0xfee6, 0xff06, 0xff26, 0xff46, 0xff46, 0xff46, 0xff46, 0xff46, 0xff26, 0xff26, 
0xff26, 0xff06, 0xff06, 0xff06, 0xff06, 0xff06, 0xff06, 0xff06, 0xff06, 0xff06, 0xff06, 0xff06, 0xff06, 0xff06, 0xff06, 0xff06, 
0xff06, 0xff06, 0xff06, 0xff06, 0xff06, 0xff06, 0xff06, 0xff06, 0xff06, 0xff06, 0xff06, 0xff06, 0xff06, 0xff06, 0xff06, 0xff26, 
0xff26, 0xff26, 0xff46, 0xff46, 0xff46, 0xff46, 0xff46, 0xff46, 0xff06, 0xfee6, 0xf6c6, 0xf6a6, 0xee86, 0xee65, 0xe645, 0xde05, 
0xde05, 0xd5e5, 0xcdc5, 0xcda5, 0xcd85, 0xcd85, 0xc585, 0xc585, 0xc585, 0xc564, 0xc564, 0xc564, 0xc564, 0xc564, 0xc564, 0xc564, 
0xc564, 0xc564, 0xc565, 0xc585, 0xcd85, 0xcda5, 0xcda5, 0xd5c5, 0xde05, 0xe645, 0xe604, 0xdc40, 0xdc20, 0xe440, 0xec60, 0xf4a0, 
0xf480, 0x0000, 0x0000, 0x0000, 0x0000, 0x0000, 0x0000, 0x0000, 0x0000, 0x0000, 0x0000, 0x0000, 0x0000, 0x0000, 0x0000, 0x0000, 
0x0000, 0x0000, 0x0000, 0x0000, 0x0000, 0x0000, 0x0000, 0x0000, 0x0000, 0x0000, 0x0000, 0x0000, 0x0000, 0x0000, 0x1880, 0x4960, 
0x3920, 0x30e0, 0x20a0, 0x1880, 0x1060, 0x1080, 0x0860, 0x0840, 0x0020, 0x0020, 0x0000, 0x0000, 0x0000, 0x0000, 0x0000, 0x0000, 
0x0000, 0x0000, 0x0000, 0x0000, 0x0000, 0x0000, 0x0000, 0x0000, 0x0000, 0x0000, 0x0000, 0x0000, 0x0020, 0x0020, 0x0020, 0x0840, 
0x0840, 0x0860, 0x1080, 0x10a0, 0x18c0, 0x2921, 0x3161, 0x39c1, 0x4a01, 0x5a82, 0x6b02, 0x83a3, 0x9423, 0xaca4, 0xbd44, 0xd5c5, 
0xe645, 0xee86, 0xfee6, 0xff26, 0xff26, 0xff46, 0xff46, 0xff46, 0xff46, 0xff46, 0xff46, 0xff46, 0xff46, 0xff26, 0xff26, 0xff26, 
0xff26, 0xff26, 0xff26, 0xff46, 0xff46, 0xff46, 0xff46, 0xff46, 0xff46, 0xff46, 0xff46, 0xff26, 0xff26, 0xfee6, 0xf6a6, 0xe665, 
0xd5e5, 0xc564, 0xacc4, 0x9c43, 0x83a3, 0x7322, 0x5aa2, 0x4a22, 0x41c1, 0x3181, 0x2921, 0x20e0, 0x18a0, 0x1080, 0x0860, 0x0840, 
0x0840, 0x0820, 0x0020, 0x0020, 0x0020, 0x0000, 0x0000, 0x0000, 0x0000, 0x0000, 0x0000, 0x0000, 0x0000, 0x0000, 0x0000, 0x0000, 
0x0000, 0x0000, 0x0000, 0x0000, 0x0000, 0x0020, 0x0020, 0x0820, 0x0840, 0x0860, 0x1080, 0x1060, 0x1880, 0x28c0, 0x30e0, 0x3920, 
0x4140, 0x0840, 0x0000, 0x0000, 0x0000, 0x0000, 0x0000, 0x0000, 0x0000, 0x0000, 0x0000, 0x0000, 0x0000, 0x0000, 0x0000, 0x0000, 
0x0000, 0x0000, 0x0000, 0x0000, 0x0000, 0x0000, 0x0000, 0x0000, 0x0000, 0x0000, 0x0000, 0x0000, 0x0000, 0x0000, 0x0000, 0x0000, 
0x0000, 0x0000, 0x0000, 0x0000, 0x0000, 0x0000, 0x0000, 0x0000, 0x0000, 0x0000, 0x0000, 0x0000, 0x0000, 0x0000, 0x0000, 0x0000, 
0x0000, 0x0000, 0x0000, 0x0000, 0x0000, 0x0000, 0x0000, 0x0000, 0x0000, 0x0000, 0x0000, 0x0000, 0x0000, 0x0000, 0x0000, 0x0000, 
0x0000, 0x0000, 0x0000, 0x0000, 0x0000, 0x0000, 0x0000, 0x0000, 0x0000, 0x0000, 0x0000, 0x0000, 0x0000, 0x0000, 0x0000, 0x0020, 
0x0860, 0x18c0, 0x2941, 0x39a1, 0x5222, 0x62a2, 0x7322, 0x8383, 0x8be3, 0x9c43, 0xa484, 0xb4e4, 0xbd04, 0xbd44, 0xc585, 0xcda5, 
0xcda5, 0xc585, 0xc544, 0xbd24, 0xb4e4, 0xa4a4, 0x9c43, 0x93e3, 0x83a3, 0x7343, 0x62c2, 0x5242, 0x41c1, 0x3161, 0x20e0, 0x1080, 
0x0020, 0x0000, 0x0000, 0x0000, 0x0000, 0x0000, 0x0000, 0x0000, 0x0000, 0x0000, 0x0000, 0x0000, 0x0000, 0x0000, 0x0000, 0x0000, 
0x0000, 0x0000, 0x0000, 0x0000, 0x0000, 0x0000, 0x0000, 0x0000, 0x0000, 0x0000, 0x0000, 0x0000, 0x0000, 0x0000, 0x0000, 0x0000, 
0x0000, 0x0000, 0x0000, 0x0000, 0x0000, 0x0000, 0x0000, 0x0000, 0x0000, 0x0000, 0x0000, 0x0000, 0x0000, 0x0000, 0x0000, 0x0000, 
0x0000, 0x0000, 0x0000, 0x0000, 0x0000, 0x0000, 0x0000, 0x0000, 0x0000, 0x0000, 0x0000, 0x0000, 0x0000, 0x0000, 0x0000, 0x0000, 
0x0000, 0x0000, 0x0000, 0x0000, 0x0000, 0x0000, 0x0000, 0x0000, 0x0000, 0x0000, 0x0000, 0x0000, 0x0000, 0x0000, 0x0000, 0x0000, 
0x0000, 0x0000, 0x0000, 0x0000, 0x0000, 0x0000, 0x0000, 0x0000, 0x0000, 0x0000, 0x0000, 0x0000, 0x0000, 0x0000, 0x0000, 0x0000, 
0x0000, 0x0000, 0x0000, 0x0000, 0x0000, 0x0000, 0x0000, 0x0000, 0x0000, 0x0000, 0x0000, 0x0000, 0x0000, 0x0000, 0x0000, 0x0000, 
0x0000, 0x0000, 0x0000, 0x0000, 0x0000, 0x0000, 0x0000, 0x0000, 0x0000, 0x0000, 0x0000, 0x0000, 0x0000, 0x0000, 0x0000, 0x0000, 
0x0000, 0x0000, 0x0000, 0x0000, 0x0000, 0x0000, 0x0000, 0x0000, 0x0000, 0x0000, 0x0000, 0x0000, 0x0000, 0x0000, 0x0000, 0x0000, 
0x0000, 0x0000, 0x0000, 0x0000, 0x0000, 0x0000, 0x0000, 0x0000, 0x0000, 0x0000, 0x0000, 0x0000, 0x0000, 0x0000, 0x0000, 0x0000, 
0x0000, 0x0000, 0x0000, 0x0000, 0x0000, 0x0000, 0x0000, 0x0000, 0x0000, 0x0000, 0x0000, 0x0000, 0x0000, 0x0000, 0x0000, 0x0000, 
0x0000, 0x0000, 0x0000, 0x0000, 0x0000, 0x0000, 0x0000, 0x0000, 0x0000, 0x0000, 0x0000, 0x0000, 0x0000, 0x0000, 0x0000, 0x0000, 
0x0000, 0x0000, 0x0000, 0x0000, 0x0000, 0x0000, 0x0000, 0x0000, 0x0000, 0x0000, 0x0000, 0x0000, 0x0000, 0x0000, 0x0000, 0x0000, 
0x0000, 0x0000, 0x0000, 0x0000, 0x0000, 0x0000, 0x0000, 0x0000, 0x0000, 0x0000, 0x0000, 0x0000, 0x0000, 0x0000, 0x0000, 0x0000, 
0x0000, 0x0000, 0x0000, 0x0000, 0x0000, 0x0000, 0x0000, 0x0000, 0x0000, 0x0000, 0x0000, 0x0000, 0x0000, 0x0000, 0x0000, 0x0000, 
0x0000, 0x0000, 0x0000, 0x0000, 0x0000, 0x0000, 0x0000, 0x0000, 0x0000, 0x0000, 0x0000, 0x0000, 0x0000, 0x0000, 0x0000, 0x0000, 
0x0000, 0x0000, 0x0000, 0x0000, 0x0000, 0x0000, 0x0000, 0x0000, 0x0000, 0x0000, 0x0000, 0x0000, 0x0000, 0x0000, 0x0000, 0x0000, 
0x0000, 0x0000, 0x0000, 0x0000, 0x0000, 0x0000, 0x0000, 0x0000, 0x0000, 0x0000, 0x0000, 0x0000, 0x0000, 0x0000, 0x0000, 0x0000, 
0x0000, 0x0000, 0x0000, 0x0000, 0x0000, 0x0000, 0x0000, 0x0000, 0x0000, 0x0000, 0x0000, 0x0000, 0x0000, 0x0000, 0x0000, 0x0000, 
0x0000, 0x0000, 0x0000, 0x0000, 0x0000, 0x0000, 0x0000, 0x0000, 0x0000, 0x0000, 0x0000, 0x0000, 0x0000, 0x0000, 0x0000, 0x0000, 
0x0000, 0x0000, 0x0000, 0x0000, 0x0000, 0x0000, 0x0000, 0x0000, 0x0000, 0x0000, 0x0000, 0x0000, 0x0000, 0x0000, 0x0000, 0x0000, 
0x0000, 0x0000, 0x0000, 0x0000, 0x0000, 0x0000, 0x0000, 0x0000, 0x0000, 0x0000, 0x0000, 0x0000, 0x0000, 0x0000, 0x0000, 0x0000, 
0x0000, 0x0000, 0x0000, 0x0000, 0x0000, 0x0000, 0x0000, 0x0000, 0x0000, 0x0000, 0x0000, 0x0000, 0x0000, 0x0000, 0x0000, 0x0000, 
0x0000, 0x0000, 0x0000, 0x0000, 0x0000, 0x0000, 0x0000, 0x0000, 0x0000, 0x0000, 0x0000, 0x0000, 0x0000, 0x0000, 0x0000, 0x0000, 
0x0000, 0x0000, 0x0000, 0x0000, 0x0000, 0x0000, 0x0000, 0x0000, 0x0000, 0x0000, 0x0000, 0x0000, 0x0000, 0x0000, 0x0000, 0x0000, 
0x0000, 0x0000, 0x0000, 0x0000, 0x0000, 0x0000, 0x0000, 0x0000, 0x0000, 0x0000, 0x0000, 0x0000, 0x0000, 0x0000, 0x0000, 0x0000, 
0x0000, 0x0000, 0x0000, 0x0000, 0x0000, 0x0000, 0x0000, 0x0000, 0x0000, 0x0000, 0x0000, 0x0000, 0x0000, 0x0000, 0x0000, 0x0000, 
0x0000, 0x0000, 0x0000, 0x0000, 0x0000, 0x0000, 0x0000, 0x0000, 0x0000, 0x0000, 0x0000, 0x0000, 0x0000, 0x0000, 0x0000, 0x0000, 
0x0000, 0x0000, 0x0000, 0x0000, 0x0000, 0x0000, 0x0000, 0x0000, 0x0000, 0x0000, 0x0000, 0x0000, 0x0000, 0x0000, 0x0000, 0x0000, 
0x0000, 0x0000, 0x0000, 0x0000, 0x0000, 0x0000, 0x0000, 0x0000, 0x0000, 0x0000, 0x0000, 0x0000, 0x0000, 0x0000, 0x0000, 0x0000, 
0x0000, 0x0000, 0x0000, 0x0000, 0x0000, 0x0000, 0x0000, 0x0000, 0x0000, 0x0000, 0x0000, 0x0000, 0x0000, 0x0000, 0x0000, 0x0000, 
0x0000, 0x0000, 0x0000, 0x0000, 0x0000, 0x0000, 0x0000, 0x0000, 0x0000, 0x0000, 0x0000, 0x0000, 0x0000, 0x0000, 0x0000, 0x0000, 
0x0000, 0x0000, 0x0000, 0x0000, 0x0000, 0x0000, 0x0000, 0x0000, 0x0000, 0x0000, 0x0000, 0x0000, 0x0000, 0x0000, 0x0000, 0x0000, 
0x0000, 0x0000, 0x0000, 0x0000, 0x0000, 0x0000, 0x0000, 0x0000, 0x0000, 0x0000, 0x0000, 0x0000, 0x0000, 0x0000, 0x0000, 0x0000, 
0x0000, 0x0000, 0x0000, 0x0000, 0x0000, 0x0000, 0x0000, 0x0000, 0x0000, 0x0000, 0x0000, 0x0000, 0x0000, 0x0000, 0x0000, 0x0000, 
0x0000, 0x0000, 0x0000, 0x0000, 0x0000, 0x0000, 0x0000, 0x0000, 0x0000, 0x0000, 0x0000, 0x0000, 0x0000, 0x0000, 0x0000, 0x0000, 
0x0000, 0x0000, 0x0000, 0x0000, 0x0000, 0x0000, 0x0000, 0x0000, 0x0000, 0x0000, 0x0000, 0x0000, 0x0000, 0x0000, 0x0000, 0x0000, 
0x0000, 0x0000, 0x0000, 0x0000, 0x0000, 0x0000, 0x0000, 0x0000, 0x0000, 0x0000, 0x0000, 0x0000, 0x0000, 0x0000, 0x0000, 0x0000, 
0x0000, 0x0000, 0x0000, 0x0000, 0x0000, 0x0000, 0x0000, 0x0000, 0x0000, 0x0000, 0x0000, 0x0000, 0x0000, 0x0000, 0x0000, 0x0000, 
0x0000, 0x0000, 0x0000, 0x0000, 0x0000, 0x0000, 0x0000, 0x0000, 0x0000, 0x0000, 0x0000, 0x0000, 0x0000, 0x0000, 0x0000, 0x0000, 
0x0000, 0x0000, 0x0000, 0x0000, 0x0000, 0x0000, 0x0000, 0x0000, 0x0000, 0x0000, 0x0000, 0x0000, 0x0000, 0x0000, 0x0000, 0x0000, 
0x0000, 0x0000, 0x0000, 0x0000, 0x0000, 0x0000, 0x0000, 0x0000, 0x0000, 0x0000, 0x0000, 0x0000, 0x0000, 0x0000, 0x0000, 0x0000, 
0x0000, 0x0000, 0x0000, 0x0000, 0x0000, 0x0000, 0x0000, 0x0000, 0x0000, 0x0000, 0x0000, 0x0000, 0x0000, 0x0000, 0x0000, 0x0000, 
0x0000, 0x0000, 0x0000, 0x0000, 0x0000, 0x0000, 0x0000, 0x0000, 0x0000, 0x0000, 0x0000, 0x0000, 0x0000, 0x0000, 0x0000, 0x0000, 
0x0000, 0x0000, 0x0000, 0x0000, 0x0000, 0x0000, 0x0000, 0x0000, 0x0000, 0x0000, 0x0000, 0x0000, 0x0000, 0x0000, 0x0000, 0x0000, 
0x0000, 0x0000, 0x0000, 0x0000, 0x0000, 0x0000, 0x0000, 0x0000, 0x0000, 0x0000, 0x0000, 0x0000, 0x0000, 0x0000, 0x0000, 0x0000, 
0x0000, 0x0000, 0x0000, 0x0000, 0x0000, 0x0000, 0x0000, 0x0000, 0x0000, 0x0000, 0x0000, 0x0000, 0x0000, 0x0000, 0x0000, 0x0000, 
0x0000, 0x0000, 0x0000, 0x0000, 0x0000, 0x0000, 0x0000, 0x0000, 0x0000, 0x0000, 0x0000, 0x0000, 0x0000, 0x0000, 0x0000, 0x0000, 
0x0000, 0x0000, 0x0000, 0x0000, 0x0000, 0x0000, 0x0000, 0x0000, 0x0000, 0x0000, 0x0000, 0x0000, 0x0000, 0x0000, 0x0000, 0x0000, 
0x0000, 0x0000, 0x0000, 0x0000, 0x0000, 0x0000, 0x0000, 0x0000, 0x0000, 0x0000, 0x0000, 0x0000, 0x0000, 0x0000, 0x0000, 0x0000, 
0x0000, 0x0000, 0x0000, 0x0000, 0x0000, 0x0000, 0x0000, 0x0000, 0x0000, 0x0000, 0x0000, 0x0000, 0x0000, 0x0000, 0x0000, 0x0000, 
0x0000, 0x0000, 0x0000, 0x0000, 0x0000, 0x0000, 0x0000, 0x0000, 0x0000, 0x0000, 0x0000, 0x0000, 0x0000, 0x0000, 0x0000, 0x0000, 
0x0000, 0x0000, 0x0000, 0x0000, 0x0000, 0x0000, 0x0000, 0x0000, 0x0000, 0x0000, 0x0000, 0x0000, 0x0000, 0x0000, 0x0000, 0x0000, 
0x0000, 0x0000, 0x0000, 0x0000, 0x0000, 0x0000, 0x0000, 0x0000, 0x0000, 0x0000, 0x0000, 0x0000, 0x0000, 0x0000, 0x0000, 0x0000, 
0x0000, 0x0000, 0x0000, 0x0000, 0x0000, 0x0000, 0x0000, 0x0000, 0x0000, 0x0000, 0x0000, 0x0000, 0x0000, 0x0000, 0x0000, 0x0000, 
0x0000, 0x0000, 0x0000, 0x0000, 0x0000, 0x0000, 0x0000, 0x0000, 0x0000, 0x0000, 0x0020, 0x18c3, 0x2965, 0x31a6, 0x2965, 0x1082, 
0x0000, 0x0000, 0x0000, 0x0000, 0x0000, 0x0000, 0x0000, 0x0000, 0x0000, 0x0000, 0x0000, 0x0000, 0x0000, 0x0000, 0x0000, 0x0000, 
0x0000, 0x0000, 0x0000, 0x0000, 0x0000, 0x0000, 0x0000, 0x0000, 0x0000, 0x0000, 0x0000, 0x0000, 0x0000, 0x0000, 0x0000, 0x0000, 
0x0000, 0x0000, 0x0000, 0x0000, 0x0000, 0x0000, 0x0000, 0x0000, 0x0000, 0x0000, 0x0000, 0x0000, 0x0000, 0x0000, 0x0000, 0x0000, 
0x0000, 0x0000, 0x0000, 0x0000, 0x0000, 0x0000, 0x0000, 0x0000, 0x0000, 0x0000, 0x0000, 0x0000, 0x0000, 0x0000, 0x0000, 0x0000, 
0x0000, 0x0000, 0x0000, 0x0000, 0x0000, 0x0000, 0x0000, 0x0000, 0x0000, 0x0000, 0x1082, 0x2124, 0x3186, 0x31a6, 0x2104, 0x0000, 
0x0000, 0x0000, 0x0000, 0x0000, 0x0000, 0x0000, 0x0000, 0x0000, 0x0000, 0x0000, 0x0000, 0x0000, 0x0000, 0x0000, 0x0000, 0x0000, 
0x0000, 0x0000, 0x0000, 0x0000, 0x0000, 0x0000, 0x0000, 0x0000, 0x0000, 0x0000, 0x0000, 0x0000, 0x0000, 0x0000, 0x0000, 0x0000, 
0x0000, 0x0000, 0x0000, 0x0000, 0x0000, 0x0000, 0x0000, 0x0000, 0x0000, 0x0000, 0x0000, 0x0000, 0x0000, 0x0000, 0x0000, 0x0000, 
0x0000, 0x0000, 0x0000, 0x0000, 0x0000, 0x0000, 0x0000, 0x0000, 0x0000, 0x0000, 0x0000, 0x0000, 0x0000, 0x0000, 0x0000, 0x0000, 
0x0000, 0x0000, 0x0000, 0x0000, 0x0000, 0x0000, 0x0000, 0x0000, 0x0861, 0x4228, 0x738e, 0x8410, 0x8c51, 0x8c51, 0x8c51, 0x7bef, 
0x39c7, 0x0000, 0x0000, 0x0000, 0x0000, 0x0000, 0x0000, 0x0000, 0x0000, 0x0000, 0x0000, 0x0000, 0x0000, 0x0000, 0x0000, 0x0000, 
0x0000, 0x0000, 0x0000, 0x0000, 0x0000, 0x0000, 0x0000, 0x0000, 0x0000, 0x0000, 0x0000, 0x0000, 0x0000, 0x0000, 0x0000, 0x0000, 
0x0000, 0x0000, 0x0000, 0x0000, 0x0000, 0x0000, 0x0000, 0x0000, 0x0000, 0x0000, 0x0000, 0x0000, 0x0000, 0x0000, 0x0000, 0x0000, 
0x0000, 0x0000, 0x0000, 0x0000, 0x0000, 0x0000, 0x0000, 0x0000, 0x0000, 0x0000, 0x0000, 0x0000, 0x0000, 0x0000, 0x0000, 0x0000, 
0x0000, 0x0000, 0x0000, 0x0000, 0x0000, 0x0000, 0x0000, 0x0000, 0x2945, 0x5aeb, 0x7bef, 0x8430, 0x8c51, 0x8c51, 0x8430, 0x630c, 
0x1082, 0x0000, 0x0000, 0x0000, 0x0000, 0x0000, 0x0000, 0x0000, 0x0000, 0x0000, 0x0000, 0x0000, 0x0000, 0x0000, 0x0000, 0x0000, 
0x0000, 0x0000, 0x0000, 0x0000, 0x0000, 0x0000, 0x0000, 0x0000, 0x0000, 0x0000, 0x0000, 0x0000, 0x0000, 0x0000, 0x0000, 0x0000, 
0x0000, 0x0000, 0x0000, 0x0000, 0x0000, 0x0000, 0x0000, 0x0000, 0x0000, 0x0000, 0x0000, 0x0000, 0x0000, 0x0000, 0x0000, 0x0000, 
0x0000, 0x0000, 0x0000, 0x0000, 0x0000, 0x0000, 0x0000, 0x0000, 0x0000, 0x0000, 0x0000, 0x0000, 0x0000, 0x0000, 0x0000, 0x0000, 
0x0000, 0x0000, 0x0000, 0x0000, 0x0000, 0x0000, 0x0000, 0x3186, 0x7bcf, 0x8c51, 0x8c51, 0x8430, 0x8430, 0x8430, 0x8430, 0x8430, 
0x8430, 0x2104, 0x0000, 0x0000, 0x0000, 0x0000, 0x0000, 0x0000, 0x0000, 0x0000, 0x0000, 0x0000, 0x0000, 0x0000, 0x0000, 0x0000, 
0x0000, 0x0000, 0x0000, 0x0000, 0x0000, 0x0000, 0x0000, 0x0000, 0x0000, 0x0000, 0x0000, 0x0000, 0x0000, 0x0000, 0x0000, 0x0000, 
0x0000, 0x0000, 0x0000, 0x0000, 0x0000, 0x0000, 0x0000, 0x0000, 0x0000, 0x0000, 0x0000, 0x0000, 0x0000, 0x0000, 0x0000, 0x0000, 
0x0000, 0x0000, 0x0000, 0x0000, 0x0000, 0x0000, 0x0000, 0x0000, 0x0000, 0x0000, 0x0000, 0x0000, 0x0000, 0x0000, 0x0000, 0x0000, 
0x0000, 0x0000, 0x0000, 0x0000, 0x0000, 0x0000, 0x1082, 0x5aeb, 0x8c51, 0x8c51, 0x8430, 0x8430, 0x8430, 0x8430, 0x8430, 0x8c71, 
0x5acb, 0x0000, 0x0000, 0x0000, 0x0000, 0x0000, 0x0000, 0x0000, 0x0000, 0x0000, 0x0000, 0x0000, 0x0000, 0x0000, 0x0000, 0x0000, 
0x0000, 0x0000, 0x0000, 0x0000, 0x0000, 0x0000, 0x0000, 0x0000, 0x0000, 0x0000, 0x0000, 0x0000, 0x0000, 0x0000, 0x0000, 0x0000, 
0x0000, 0x0000, 0x0000, 0x0000, 0x0000, 0x0000, 0x0000, 0x0000, 0x0000, 0x0000, 0x0000, 0x0000, 0x0000, 0x0000, 0x0000, 0x0000, 
0x0000, 0x0000, 0x0000, 0x0000, 0x0000, 0x0000, 0x0000, 0x0000, 0x0000, 0x0000, 0x0000, 0x0000, 0x0000, 0x0000, 0x0000, 0x0000, 
0x0000, 0x0000, 0x0000, 0x0000, 0x0000, 0x0000, 0x4228, 0x8c51, 0x8c51, 0x8430, 0x8430, 0x8430, 0x8430, 0x8430, 0x8430, 0x8430, 
0x8c51, 0x4228, 0x0000, 0x0000, 0x0000, 0x0000, 0x0000, 0x0000, 0x0000, 0x0000, 0x0000, 0x0000, 0x0000, 0x0000, 0x0000, 0x0000, 
0x0000, 0x0000, 0x0000, 0x0000, 0x0000, 0x0000, 0x0000, 0x0000, 0x0000, 0x0000, 0x0000, 0x0000, 0x0000, 0x0000, 0x0000, 0x0000, 
0x0000, 0x0000, 0x0000, 0x0000, 0x0000, 0x0000, 0x0000, 0x0000, 0x0000, 0x0000, 0x0000, 0x0000, 0x0000, 0x0000, 0x0000, 0x0000, 
0x0000, 0x0000, 0x0000, 0x0000, 0x0000, 0x0000, 0x0000, 0x0000, 0x0000, 0x0000, 0x0000, 0x0000, 0x0000, 0x0000, 0x0000, 0x0000, 
0x0000, 0x0000, 0x0000, 0x0000, 0x0000, 0x18c3, 0x73ae, 0x8c51, 0x8430, 0x8430, 0x8430, 0x8430, 0x8430, 0x8430, 0x8430, 0x8430, 
0x7bcf, 0x0841, 0x0000, 0x0000, 0x0000, 0x0000, 0x0000, 0x0000, 0x0000, 0x0000, 0x0000, 0x0000, 0x0000, 0x0000, 0x0000, 0x0000, 
0x0000, 0x0000, 0x0000, 0x0000, 0x0000, 0x0000, 0x0000, 0x0000, 0x0000, 0x0000, 0x0000, 0x0000, 0x0000, 0x0000, 0x0000, 0x0000, 
0x0000, 0x0000, 0x0000, 0x0000, 0x0000, 0x0000, 0x0000, 0x0000, 0x0000, 0x0000, 0x0000, 0x0000, 0x0000, 0x0000, 0x0000, 0x0000, 
0x0000, 0x0000, 0x0000, 0x0000, 0x0000, 0x0000, 0x0000, 0x0000, 0x0000, 0x0000, 0x0000, 0x0000, 0x0000, 0x0000, 0x0000, 0x0000, 
0x0000, 0x0000, 0x0000, 0x0000, 0x0000, 0x39e7, 0x8c51, 0x8430, 0x8430, 0x8430, 0x8430, 0x8430, 0x8430, 0x8430, 0x8430, 0x8430, 
0x8c51, 0x39e7, 0x0000, 0x0000, 0x0000, 0x0000, 0x0000, 0x0000, 0x0000, 0x0000, 0x0000, 0x0000, 0x0000, 0x0000, 0x0000, 0x0000, 
0x0000, 0x0000, 0x0000, 0x0000, 0x0000, 0x0000, 0x0000, 0x0000, 0x0000, 0x0000, 0x0000, 0x0000, 0x0000, 0x0000, 0x0000, 0x0000, 
0x0000, 0x0000, 0x0000, 0x0000, 0x0000, 0x0000, 0x0000, 0x0000, 0x0000, 0x0000, 0x0000, 0x0000, 0x0000, 0x0000, 0x0000, 0x0000, 
0x0000, 0x0000, 0x0000, 0x0000, 0x0000, 0x0000, 0x0000, 0x0000, 0x0000, 0x0000, 0x0000, 0x0000, 0x0000, 0x0000, 0x0000, 0x0000, 
0x0000, 0x0000, 0x0000, 0x0000, 0x1082, 0x73ae, 0x8c51, 0x8430, 0x8430, 0x8430, 0x8430, 0x8430, 0x8430, 0x8430, 0x8430, 0x8c51, 
0x73ae, 0x0841, 0x0000, 0x0000, 0x0000, 0x0000, 0x0000, 0x0000, 0x0000, 0x0000, 0x0000, 0x0000, 0x0000, 0x0000, 0x0000, 0x0000, 
0x0000, 0x0000, 0x0000, 0x0000, 0x0000, 0x0000, 0x0000, 0x0000, 0x0000, 0x0000, 0x0000, 0x0000, 0x0000, 0x0000, 0x0000, 0x0000, 
0x0000, 0x0000, 0x0000, 0x0000, 0x0000, 0x0000, 0x0000, 0x0000, 0x0000, 0x0000, 0x0000, 0x0000, 0x0000, 0x0000, 0x0000, 0x0000, 
0x0000, 0x0000, 0x0000, 0x0000, 0x0000, 0x0000, 0x0000, 0x0000, 0x0000, 0x0000, 0x0000, 0x0000, 0x0000, 0x0000, 0x0000, 0x0000, 
0x0000, 0x0000, 0x0000, 0x0000, 0x18e3, 0x8410, 0x8430, 0x8430, 0x8430, 0x8430, 0x8430, 0x8430, 0x8430, 0x8430, 0x8430, 0x8c51, 
0x7bef, 0x10a2, 0x0000, 0x0000, 0x0000, 0x0000, 0x0000, 0x0000, 0x0000, 0x0000, 0x0000, 0x0000, 0x0000, 0x0000, 0x0000, 0x0000, 
0x0000, 0x0000, 0x0000, 0x0000, 0x0000, 0x0000, 0x0000, 0x0000, 0x0000, 0x0000, 0x0000, 0x0000, 0x0000, 0x0000, 0x0000, 0x0000, 
0x0000, 0x0000, 0x0000, 0x0000, 0x0000, 0x0000, 0x0000, 0x0000, 0x0000, 0x0000, 0x0000, 0x0000, 0x0000, 0x0000, 0x0000, 0x0000, 
0x0000, 0x0000, 0x0000, 0x0000, 0x0000, 0x0000, 0x0000, 0x0000, 0x0000, 0x0000, 0x0000, 0x0000, 0x0000, 0x0000, 0x0000, 0x0000, 
0x0000, 0x0000, 0x0000, 0x0000, 0x5aeb, 0x8c51, 0x8430, 0x8430, 0x8430, 0x8430, 0x8430, 0x8430, 0x8430, 0x8430, 0x8430, 0x8c71, 
0x4a69, 0x0000, 0x0000, 0x0000, 0x0000, 0x0000, 0x0000, 0x0000, 0x0000, 0x0000, 0x0000, 0x0000, 0x0000, 0x0000, 0x0000, 0x0000, 
0x0000, 0x0000, 0x0000, 0x0000, 0x0000, 0x0000, 0x0000, 0x0000, 0x0000, 0x0000, 0x0000, 0x0000, 0x0000, 0x0000, 0x0000, 0x0000, 
0x0000, 0x0000, 0x0000, 0x0000, 0x0000, 0x0000, 0x0000, 0x0000, 0x0000, 0x0000, 0x0000, 0x0000, 0x0000, 0x0000, 0x0000, 0x0000, 
0x0000, 0x0000, 0x0000, 0x0000, 0x0000, 0x0000, 0x0000, 0x0000, 0x0000, 0x1880, 0x0000, 0x0000, 0x0000, 0x0000, 0x0000, 0x0000, 
0x0000, 0x0000, 0x0000, 0x0000, 0x630c, 0x8c51, 0x8430, 0x8430, 0x8430, 0x8430, 0x8430, 0x8430, 0x8430, 0x8430, 0x8c51, 0x7bcf, 
0x2965, 0x0000, 0x0000, 0x0000, 0x0000, 0x0000, 0x0000, 0x0000, 0x0000, 0x0000, 0x0000, 0x0000, 0x0000, 0x0000, 0x0000, 0x0000, 
0x0000, 0x0000, 0x0000, 0x0000, 0x0000, 0x0000, 0x0000, 0x0000, 0x0000, 0x0000, 0x0000, 0x0000, 0x0000, 0x0000, 0x0000, 0x0000, 
0x0000, 0x0000, 0x0000, 0x0000, 0x0000, 0x0000, 0x0000, 0x0000, 0x0000, 0x0000, 0x0000, 0x0000, 0x0000, 0x0000, 0x0000, 0x0000, 
0x0000, 0x0000, 0x0000, 0x0000, 0x0000, 0x0000, 0x0000, 0x0000, 0x0000, 0x0000, 0x0000, 0x0000, 0x0000, 0x0000, 0x0000, 0x0000, 
0x0000, 0x0000, 0x0000, 0x2945, 0x8430, 0x8430, 0x8430, 0x8430, 0x8430, 0x8430, 0x8430, 0x8430, 0x8430, 0x8c51, 0x8c51, 0x5acb, 
0x0841, 0x0000, 0x0000, 0x0000, 0x0000, 0x0000, 0x0000, 0x0000, 0x0000, 0x0000, 0x0000, 0x0000, 0x0000, 0x0000, 0x0000, 0x0000, 
0x0000, 0x0000, 0x0000, 0x0000, 0x0000, 0x0000, 0x0000, 0x0000, 0x0000, 0x0000, 0x0000, 0x0000, 0x0000, 0x0000, 0x0000, 0x0000, 
0x0000, 0x0000, 0x0000, 0x0000, 0x0000, 0x0000, 0x1060, 0x0000, 0x0000, 0x0000, 0x0000, 0x0000, 0x0000, 0x0000, 0x0000, 0x0000, 
0x0000, 0x0000, 0x0000, 0x0000, 0x0000, 0x0000, 0x0000, 0x0000, 0xffe0, 0xcbe0, 0x1880, 0x0000, 0x0000, 0x0000, 0x0000, 0x0000, 
0x0000, 0x0000, 0x0000, 0x18e3, 0x8430, 0x8430, 0x8430, 0x8430, 0x8430, 0x8430, 0x8430, 0x8430, 0x8c51, 0x73ae, 0x4228, 0x1082, 
0x0000, 0x0000, 0x0000, 0x0000, 0x0000, 0x0000, 0x0000, 0x0000, 0x0000, 0x0000, 0x0000, 0x0000, 0x0000, 0x0000, 0x0000, 0x0000, 
0x0000, 0x0000, 0x0000, 0x0000, 0x0000, 0x0000, 0x0000, 0x0000, 0x0000, 0x0000, 0x0000, 0x0000, 0x0000, 0x0000, 0x0000, 0x0000, 
0x0000, 0x0000, 0x0000, 0x0000, 0x0000, 0x0000, 0x0000, 0x0000, 0x0000, 0x0000, 0x0000, 0x0000, 0x0000, 0x3141, 0x7b63, 0xa484, 
0xa484, 0x7b63, 0x3141, 0x0000, 0x0000, 0x0000, 0x0000, 0x0000, 0x0000, 0x0000, 0x0000, 0x0000, 0x0000, 0x0000, 0x0000, 0x0000, 
0x0000, 0x0000, 0x0000, 0x5aeb, 0x8c51, 0x8430, 0x8430, 0x8430, 0x8430, 0x8430, 0x8430, 0x8c51, 0x8410, 0x5aeb, 0x2945, 0x0000, 
0x0000, 0x0000, 0x0000, 0x0000, 0x0000, 0x0000, 0x0000, 0x0000, 0x0000, 0x0000, 0x0000, 0x0000, 0x0000, 0x0000, 0x0000, 0x0000, 
0x0000, 0x0000, 0x0000, 0x0000, 0x0000, 0x0000, 0x0000, 0x0000, 0x0000, 0x0000, 0x0000, 0x0000, 0x0000, 0x0000, 0x0000, 0x0000, 
0x0000, 0x0000, 0x0000, 0x0000, 0x0000, 0x1880, 0xcbc0, 0x0000, 0x0000, 0x0000, 0x0000, 0x0000, 0x0000, 0x0000, 0x0000, 0x0000, 
0x0000, 0x0000, 0x0000, 0x0000, 0x0000, 0x0000, 0x0000, 0x0000, 0xf480, 0xf480, 0x4140, 0x0000, 0x0000, 0x0000, 0x0000, 0x0000, 
0x0000, 0x0000, 0x0000, 0x4228, 0x8c51, 0x8430, 0x8430, 0x8430, 0x8430, 0x8430, 0x8430, 0x8c51, 0x4a69, 0x0841, 0x0000, 0x0000, 
0x0000, 0x0000, 0x0000, 0x0000, 0x0000, 0x0000, 0x0000, 0x0000, 0x0000, 0x0000, 0x0000, 0x0000, 0x0000, 0x0000, 0x0000, 0x0000, 
0x0000, 0x0000, 0x0000, 0x0000, 0x0000, 0x0000, 0x0000, 0x0000, 0x0000, 0x0000, 0x0000, 0x0000, 0x0000, 0x0000, 0x0000, 0x0000, 
0x0000, 0x0000, 0x0000, 0x0000, 0x0000, 0x0000, 0x0000, 0x0000, 0x0000, 0x0000, 0x0000, 0x0840, 0x8be3, 0xf6e6, 0xff46, 0xff46, 
0xff46, 0xff46, 0xf6e6, 0x8be3, 0x0840, 0x0000, 0x0000, 0x0000, 0x0000, 0x0000, 0x0000, 0x0000, 0x0000, 0x0000, 0x0000, 0x0000, 
0x0000, 0x0000, 0x0861, 0x7bef, 0x8430, 0x8430, 0x8430, 0x8430, 0x8430, 0x8430, 0x8c51, 0x73ae, 0x2104, 0x0000, 0x0000, 0x0000, 
0x0000, 0x0000, 0x0000, 0x0000, 0x0000, 0x0000, 0x0000, 0x0000, 0x0000, 0x0000, 0x0000, 0x0000, 0x0000, 0x0000, 0x0000, 0x0000, 
0x0000, 0x0000, 0x0000, 0x0000, 0x0000, 0x0000, 0x0000, 0x0000, 0x0000, 0x0000, 0x0000, 0x0000, 0x0000, 0x0000, 0x0000, 0x0000, 
0x0000, 0x0000, 0x0000, 0x0000, 0x0000, 0x4140, 0xf480, 0xeca0, 0x0000, 0x0000, 0x0000, 0x0000, 0x0000, 0x0000, 0x0000, 0x0000, 
0x0000, 0x0000, 0x0000, 0x0000, 0x0000, 0x0000, 0x0000, 0x0000, 0xec60, 0xfcc0, 0x4960, 0x0000, 0x0000, 0x0000, 0x0000, 0x0000, 
0x0000, 0x0000, 0x0000, 0x630c, 0x8c51, 0x8430, 0x8430, 0x8430, 0x8430, 0x8430, 0x8c51, 0x52aa, 0x0000, 0x0000, 0x0000, 0x0000, 
0x0000, 0x0000, 0x0000, 0x0000, 0x0000, 0x0000, 0x0000, 0x0000, 0x0000, 0x0000, 0x0000, 0x0000, 0x0000, 0x0000, 0x0000, 0x0000, 
0x0000, 0x0000, 0x0000, 0x0000, 0x0000, 0x0000, 0x0000, 0x0000, 0x0000, 0x0000, 0x0000, 0x0000, 0x0000, 0x0000, 0x0000, 0x0000, 
0x0000, 0x0000, 0x0000, 0x0000, 0x0000, 0x0000, 0x0000, 0x0000, 0x0000, 0x0000, 0x0020, 0xa484, 0xff66, 0xff06, 0xff06, 0xff06, 
0xff06, 0xff06, 0xff06, 0xff66, 0xa464, 0x0000, 0x0000, 0x0000, 0x0000, 0x0000, 0x0000, 0x0000, 0x0000, 0x0000, 0x0000, 0x0000, 
0x0000, 0x0000, 0x2124, 0x8c51, 0x8430, 0x8430, 0x8430, 0x8430, 0x8430, 0x8430, 0x7bef, 0x18e3, 0x0000, 0x0000, 0x0000, 0x0000, 
0x0000, 0x0000, 0x0000, 0x0000, 0x0000, 0x0000, 0x0000, 0x0000, 0x0000, 0x0000, 0x0000, 0x0000, 0x0000, 0x0000, 0x0000, 0x0000, 
0x0000, 0x0000, 0x0000, 0x0000, 0x0000, 0x0000, 0x0000, 0x0000, 0x0000, 0x0000, 0x0000, 0x0000, 0x0000, 0x0000, 0x0000, 0x0000, 
0x0000, 0x0000, 0x0000, 0x0000, 0x0000, 0x4960, 0xf4a0, 0xec80, 0x0000, 0x0000, 0x0000, 0x0000, 0x0000, 0x0000, 0x0000, 0x0000, 
0x0000, 0x0000, 0x0000, 0x0000, 0x0000, 0x0000, 0x0000, 0x0000, 0xec60, 0xfcc0, 0x4960, 0x0000, 0x0000, 0x0000, 0x0000, 0x0000, 
0x0000, 0x0000, 0x0020, 0x738e, 0x8c51, 0x8430, 0x8430, 0x8430, 0x8430, 0x8430, 0x7bef, 0x1082, 0x0000, 0x0000, 0x0000, 0x0000, 
0x0000, 0x0000, 0x0000, 0x0000, 0x0000, 0x0000, 0x0000, 0x0000, 0x0000, 0x0000, 0x0000, 0x0000, 0x0000, 0x0000, 0x0000, 0x0000, 
0x0000, 0x0000, 0x0000, 0x0000, 0x0000, 0x0000, 0x0000, 0x0000, 0x0000, 0x0000, 0x0000, 0x0000, 0x0000, 0x0000, 0x0000, 0x0000, 
0x0000, 0x0000, 0x0000, 0x0000, 0x0000, 0x0000, 0x0000, 0x0000, 0x0000, 0x0000, 0x6ae2, 0xff46, 0xff06, 0xff06, 0xff06, 0xff06, 
0xff06, 0xff06, 0xff06, 0xff06, 0xff46, 0x6ae2, 0x0000, 0x0000, 0x0000, 0x0000, 0x0000, 0x0000, 0x0000, 0x0000, 0x0000, 0x0000, 
0x0000, 0x0000, 0x39c7, 0x8c51, 0x8430, 0x8430, 0x8430, 0x8430, 0x8430, 0x8c51, 0x4228, 0x0000, 0x0000, 0x0000, 0x0000, 0x0000, 
0x0000, 0x0000, 0x0000, 0x0000, 0x0000, 0x0000, 0x0000, 0x0000, 0x0000, 0x0000, 0x0000, 0x0000, 0x0000, 0x0000, 0x0000, 0x0000, 
0x0000, 0x0000, 0x0000, 0x0000, 0x0000, 0x0000, 0x0000, 0x0000, 0x0000, 0x0000, 0x0000, 0x0000, 0x0000, 0x0000, 0x0000, 0x0000, 
0x0000, 0x0000, 0x0000, 0x0000, 0x0000, 0x4960, 0xfcc0, 0xec80, 0x0000, 0x0000, 0x0000, 0x0000, 0x0000, 0x0000, 0x0000, 0x0000, 
0x0000, 0x0000, 0x0000, 0x0000, 0x0000, 0x0000, 0x0000, 0x0000, 0xec60, 0xfcc0, 0x4980, 0x0000, 0x0000, 0x0000, 0x0000, 0x0000, 
0x0000, 0x0000, 0x0020, 0x73ae, 0x8430, 0x8430, 0x8430, 0x8430, 0x8430, 0x8c51, 0x52aa, 0x0000, 0x0000, 0x0000, 0x0000, 0x0000, 
0x0000, 0x0000, 0x0000, 0x0000, 0x0000, 0x0000, 0x0000, 0x0000, 0x0000, 0x0000, 0x0000, 0x0000, 0x0000, 0x0000, 0x0000, 0x0000, 
0x0000, 0x0000, 0x0000, 0x0000, 0x0000, 0x0000, 0x0000, 0x0000, 0x0000, 0x0000, 0x0000, 0x0000, 0x0000, 0x0000, 0x0000, 0x0000, 
0x0000, 0x0000, 0x0000, 0x0000, 0x0000, 0x0000, 0x0000, 0x0000, 0x0000, 0x1080, 0xe645, 0xff26, 0xff06, 0xff06, 0xff06, 0xff06, 
0xff06, 0xff06, 0xff06, 0xff06, 0xff26, 0xe645, 0x1080, 0x0000, 0x0000, 0x0000, 0x0000, 0x0000, 0x0000, 0x0000, 0x0000, 0x0000, 
0x0000, 0x0000, 0x39e7, 0x8c51, 0x8430, 0x8430, 0x8430, 0x8430, 0x8430, 0x8410, 0x18c3, 0x0000, 0x0000, 0x0000, 0x0000, 0x0000, 
0x0000, 0x0000, 0x0000, 0x0000, 0x0000, 0x0000, 0x0000, 0x0000, 0x0000, 0x0000, 0x0000, 0x0000, 0x0000, 0x0000, 0x0000, 0x0000, 
0x0000, 0x0000, 0x0000, 0x0000, 0x0000, 0x0000, 0x0000, 0x0000, 0x0000, 0x0000, 0x0000, 0x0000, 0x0000, 0x0000, 0x0000, 0x0000, 
0x0000, 0x0000, 0x0000, 0x0000, 0x0000, 0x4980, 0xfcc0, 0xec60, 0x0000, 0x0000, 0x0000, 0x0000, 0x0000, 0x0000, 0x0000, 0x0000, 
0x0000, 0x0000, 0x0000, 0x0000, 0x0000, 0x0000, 0x0000, 0xf460, 0xec60, 0xf4a0, 0x5180, 0x0000, 0x0000, 0x0000, 0x0000, 0x0000, 
0x0000, 0x0000, 0x0020, 0x73ae, 0x8430, 0x8430, 0x8430, 0x8430, 0x8430, 0x8c51, 0x39e7, 0x0000, 0x0000, 0x0000, 0x0000, 0x0000, 
0x0000, 0x0000, 0x0000, 0x0000, 0x0000, 0x0000, 0x0000, 0x0000, 0x0000, 0x0000, 0x0000, 0x0000, 0x0000, 0x0000, 0x0000, 0x0000, 
0x0000, 0x0000, 0x0000, 0x0000, 0x0000, 0x0000, 0x0000, 0x0000, 0x0000, 0x0000, 0x0000, 0x0000, 0x0000, 0x0000, 0x0000, 0x0000, 
0x0000, 0x0000, 0x0000, 0x0000, 0x0000, 0x0000, 0x0000, 0x0000, 0x0000, 0x6b02, 0xff46, 0xff06, 0xff06, 0xff06, 0xff06, 0xff06, 
0xff06, 0xff06, 0xff06, 0xff06, 0xff06, 0xff46, 0x6ae2, 0x0000, 0x0000, 0x0000, 0x0000, 0x0000, 0x0000, 0x0000, 0x0000, 0x0000, 
0x0000, 0x0000, 0x39e7, 0x8c51, 0x8430, 0x8430, 0x8430, 0x8430, 0x8430, 0x73ae, 0x0020, 0x0000, 0x0000, 0x0000, 0x0000, 0x0000, 
0x0000, 0x0000, 0x0000, 0x0000, 0x0000, 0x0000, 0x0000, 0x0000, 0x0000, 0x0000, 0x0000, 0x0000, 0x0000, 0x0000, 0x0000, 0x0000, 
0x0000, 0x0000, 0x0000, 0x0000, 0x0000, 0x0000, 0x0000, 0x0000, 0x0000, 0x0000, 0x0000, 0x0000, 0x0000, 0x0000, 0x0000, 0x0000, 
0x0000, 0x0000, 0x0000, 0x0000, 0x0000, 0x5180, 0xfca0, 0xec60, 0xe4c0, 0x0000, 0x0000, 0x0000, 0x0000, 0x0000, 0x0000, 0x0000, 
0x0000, 0x0000, 0x0000, 0x0000, 0x0000, 0x0000, 0x0000, 0xec60, 0xec60, 0xf4a0, 0x59a0, 0x0000, 0x0000, 0x0000, 0x0000, 0x0000, 
0x0000, 0x0000, 0x0000, 0x6b4d, 0x8c51, 0x8430, 0x8430, 0x8430, 0x8430, 0x8c51, 0x2965, 0x0000, 0x0000, 0x0000, 0x0000, 0x0000, 
0x0000, 0x0000, 0x0000, 0x0000, 0x0000, 0x0000, 0x0000, 0x0000, 0x0000, 0x0000, 0x0000, 0x0000, 0x0000, 0x0000, 0x0000, 0x0000, 
0x0000, 0x0000, 0x0000, 0x0000, 0x0000, 0x0000, 0x0000, 0x0000, 0x0000, 0x0000, 0x0000, 0x0000, 0x0000, 0x0000, 0x0000, 0x0000, 
0x0000, 0x0000, 0x0000, 0x0000, 0x0000, 0x0000, 0x0000, 0x0000, 0x0000, 0xc564, 0xff46, 0xff06, 0xff06, 0xff06, 0xff06, 0xff06, 
0xff06, 0xff06, 0xff06, 0xff06, 0xff06, 0xff46, 0xc544, 0x0000, 0x0000, 0x0000, 0x0000, 0x0000, 0x0000, 0x0000, 0x0000, 0x0000, 
0x0000, 0x0000, 0x2965, 0x8c51, 0x8430, 0x8430, 0x8430, 0x8430, 0x8c51, 0x6b4d, 0x0000, 0x0000, 0x0000, 0x0000, 0x0000, 0x0000, 
0x0000, 0x0000, 0x0000, 0x0000, 0x0000, 0x0000, 0x0000, 0x0000, 0x0000, 0x0000, 0x0000, 0x0000, 0x0000, 0x0000, 0x0000, 0x0000, 
0x0000, 0x0000, 0x0000, 0x0000, 0x0000, 0x0000, 0x0000, 0x0000, 0x0000, 0x0000, 0x0000, 0x0000, 0x0000, 0x0000, 0x0000, 0x0000, 
0x0000, 0x0000, 0x0000, 0x0000, 0x0000, 0x59a0, 0xf4a0, 0xec60, 0xec40, 0x0000, 0x0000, 0x0000, 0x0000, 0x0000, 0x0000, 0x0000, 
0x0000, 0x0000, 0x0000, 0x0000, 0x0000, 0x0000, 0x0000, 0xec60, 0xf480, 0xf4a0, 0x61e0, 0x0000, 0x0000, 0x0000, 0x0000, 0x0000, 
0x0000, 0x0000, 0x0000, 0x52aa, 0x8c51, 0x8430, 0x8430, 0x8430, 0x8430, 0x8410, 0x10a2, 0x0000, 0x0000, 0x0000, 0x0000, 0x0000, 
0x0000, 0x0000, 0x0000, 0x0000, 0x0000, 0x0000, 0x0000, 0x0000, 0x0000, 0x0000, 0x0000, 0x0000, 0x0000, 0x0000, 0x0000, 0x0000, 
0x0000, 0x0000, 0x0000, 0x0000, 0x0000, 0x0000, 0x0000, 0x0000, 0x0000, 0x0000, 0x0000, 0x0000, 0x0000, 0x0000, 0x0000, 0x0000, 
0x0000, 0x0000, 0x0000, 0x0000, 0x0000, 0x0000, 0x0000, 0x0000, 0x20e0, 0xf6a6, 0xff06, 0xff06, 0xff06, 0xff06, 0xff06, 0xff06, 
0xff06, 0xff06, 0xff06, 0xff06, 0xff06, 0xff06, 0xf6a6, 0x20e0, 0x0000, 0x0000, 0x0000, 0x0000, 0x0000, 0x0000, 0x0000, 0x0000, 
0x0000, 0x0000, 0x18c3, 0x8430, 0x8430, 0x8430, 0x8430, 0x8430, 0x8c51, 0x4a69, 0x0000, 0x0000, 0x0000, 0x0000, 0x0000, 0x0000, 
0x0000, 0x0000, 0x0000, 0x0000, 0x0000, 0x0000, 0x0000, 0x0000, 0x0000, 0x0000, 0x0000, 0x0000, 0x0000, 0x0000, 0x0000, 0x0000, 
0x0000, 0x0000, 0x0000, 0x0000, 0x0000, 0x0000, 0x0000, 0x0000, 0x0000, 0x0000, 0x0000, 0x0000, 0x0000, 0x0000, 0x0000, 0x0000, 
0x0000, 0x0000, 0x0000, 0x0000, 0x0000, 0x61e0, 0xf4a0, 0xec80, 0xec60, 0x0000, 0x0000, 0x0000, 0x0000, 0x0000, 0x0000, 0x0000, 
0x0000, 0x0000, 0x0000, 0x0000, 0x0000, 0x0000, 0x0000, 0xec60, 0xf4a0, 0xf4a0, 0x6a00, 0x0000, 0x0000, 0x0000, 0x0000, 0x0000, 
0x0000, 0x0000, 0x0000, 0x2104, 0x8410, 0x8c51, 0x8430, 0x8430, 0x8c71, 0x5acb, 0x0000, 0x0000, 0x0000, 0x0000, 0x0000, 0x0000, 
0x0000, 0x0000, 0x0000, 0x0000, 0x0000, 0x0000, 0x0000, 0x0000, 0x0000, 0x0000, 0x0000, 0x0000, 0x0000, 0x0000, 0x0000, 0x0000, 
0x0000, 0x0000, 0x0000, 0x0000, 0x0000, 0x0000, 0x0000, 0x0000, 0x0000, 0x0000, 0x0000, 0x0000, 0x0000, 0x0000, 0x0000, 0x0000, 
0x0000, 0x0000, 0x0000, 0x0000, 0x0000, 0x0000, 0x0000, 0x0000, 0x5242, 0xff26, 0xff06, 0xff06, 0xff06, 0xff06, 0xff06, 0xff06, 
0xff06, 0xff06, 0xff06, 0xff06, 0xff06, 0xff06, 0xff26, 0x5242, 0x0000, 0x0000, 0x0000, 0x0000, 0x0000, 0x0000, 0x0000, 0x0000, 
0x0000, 0x0000, 0x0000, 0x5aeb, 0x8c71, 0x8430, 0x8430, 0x8c51, 0x8430, 0x18e3, 0x0000, 0x0000, 0x0000, 0x0000, 0x0000, 0x0000, 
0x0000, 0x0000, 0x0000, 0x0000, 0x0000, 0x0000, 0x0000, 0x0000, 0x0000, 0x0000, 0x0000, 0x0000, 0x0000, 0x0000, 0x0000, 0x0000, 
0x0000, 0x0000, 0x0000, 0x0000, 0x0000, 0x0000, 0x0000, 0x0000, 0x0000, 0x0000, 0x0000, 0x0000, 0x0000, 0x0000, 0x0000, 0x0000, 
0x0000, 0x0000, 0x0000, 0x0000, 0x0000, 0x6a00, 0xf4a0, 0xf4a0, 0xec60, 0x0000, 0x0000, 0x0000, 0x0000, 0x0000, 0x0000, 0x0000, 
0x0000, 0x0000, 0x0000, 0x0000, 0x0000, 0x0000, 0x0000, 0xec60, 0xf4a0, 0xf4a0, 0x7a60, 0x0000, 0x0000, 0x0000, 0x0000, 0x0000, 
0x0000, 0x0000, 0x0000, 0x0000, 0x2965, 0x73ae, 0x8430, 0x8410, 0x630c, 0x0861, 0x0000, 0x0000, 0x0000, 0x0000, 0x0000, 0x0000, 
0x0000, 0x0000, 0x0000, 0x0000, 0x0000, 0x0000, 0x0000, 0x0000, 0x0000, 0x0000, 0x0000, 0x0000, 0x0000, 0x0000, 0x0000, 0x0000, 
0x0000, 0x0000, 0x0000, 0x0000, 0x0000, 0x0000, 0x0000, 0x0000, 0x0000, 0x0000, 0x0000, 0x0000, 0x0000, 0x0000, 0x0000, 0x0000, 
0x0000, 0x0000, 0x0000, 0x0000, 0x0000, 0x0000, 0x0000, 0x0000, 0x8bc3, 0xff46, 0xff06, 0xff06, 0xff06, 0xff06, 0xff06, 0xff06, 
0xff06, 0xff06, 0xff06, 0xff06, 0xff06, 0xff06, 0xff46, 0x8bc3, 0x0000, 0x0000, 0x0000, 0x0000, 0x0000, 0x0000, 0x0000, 0x0000, 
0x0000, 0x0000, 0x0000, 0x0861, 0x5acb, 0x8410, 0x8430, 0x7bcf, 0x3186, 0x0000, 0x0000, 0x0000, 0x0000, 0x0000, 0x0000, 0x0000, 
0x0000, 0x0000, 0x0000, 0x0000, 0x0000, 0x0000, 0x0000, 0x0000, 0x0000, 0x0000, 0x0000, 0x0000, 0x0000, 0x0000, 0x0000, 0x0000, 
0x0000, 0x0000, 0x0000, 0x0000, 0x0000, 0x0000, 0x0000, 0x0000, 0x0000, 0x0000, 0x0000, 0x0000, 0x0000, 0x0000, 0x0000, 0x0000, 
0x0000, 0x0000, 0x0000, 0x0000, 0x0000, 0x7a60, 0xf4a0, 0xf4a0, 0xec60, 0x0000, 0x0000, 0x0000, 0x0000, 0x0000, 0x0000, 0x0000, 
0x0000, 0x0000, 0x0000, 0x0000, 0x0000, 0x0000, 0x0000, 0xec60, 0xf480, 0xf4a0, 0x92c0, 0x0000, 0x0000, 0x0000, 0x0000, 0x0000, 
0x0000, 0x0000, 0x0000, 0x0000, 0x0000, 0x0020, 0x18e3, 0x10a2, 0x0000, 0x0000, 0x0000, 0x0000, 0x0000, 0x0000, 0x0000, 0x0000, 
0x0000, 0x0000, 0x0000, 0x0000, 0x0000, 0x0000, 0x0000, 0x0000, 0x0000, 0x0000, 0x0000, 0x0000, 0x0000, 0x0000, 0x0000, 0x0000, 
0x0000, 0x0000, 0x0000, 0x0000, 0x0000, 0x0000, 0x0000, 0x0000, 0x0000, 0x0000, 0x0000, 0x0000, 0x0000, 0x0000, 0x0000, 0x0000, 
0x0000, 0x0000, 0x0000, 0x0000, 0x0000, 0x0000, 0x0000, 0x0000, 0xb4e4, 0xff46, 0xff06, 0xff06, 0xff06, 0xff06, 0xff06, 0xff06, 
0xff06, 0xff06, 0xff06, 0xff06, 0xff06, 0xff06, 0xff46, 0xb4e4, 0x0000, 0x0000, 0x0000, 0x0000, 0x0000, 0x0000, 0x0000, 0x0000, 
0x0000, 0x0000, 0x0000, 0x0000, 0x0000, 0x10a2, 0x18e3, 0x0841, 0x0000, 0x0000, 0x0000, 0x0000, 0x0000, 0x0000, 0x0000, 0x0000, 
0x0000, 0x0000, 0x0000, 0x0000, 0x0000, 0x0000, 0x0000, 0x0000, 0x0000, 0x0000, 0x0000, 0x0000, 0x0000, 0x0000, 0x0000, 0x0000, 
0x0000, 0x0000, 0x0000, 0x0000, 0x0000, 0x0000, 0x0000, 0x0000, 0x0000, 0x0000, 0x0000, 0x0000, 0x0000, 0x0000, 0x0000, 0x0000, 
0x0000, 0x0000, 0x0000, 0x0000, 0x0000, 0x92c0, 0xf4a0, 0xf480, 0xec60, 0x0000, 0x0000, 0x0000, 0x0000, 0x0000, 0x0000, 0x0000, 
0x0000, 0x0000, 0x0000, 0x0000, 0x0000, 0x0000, 0xfc80, 0xec60, 0xf480, 0xf4a0, 0xa320, 0x0000, 0x0000, 0x0000, 0x0000, 0x0000, 
0x0000, 0x0000, 0x0000, 0x0000, 0x0000, 0x0000, 0x0000, 0x0000, 0x0000, 0x0000, 0x0000, 0x0000, 0x0000, 0x0000, 0x0000, 0x0000, 
0x0000, 0x0000, 0x0000, 0x0000, 0x0000, 0x0000, 0x0000, 0x0000, 0x0000, 0x0000, 0x0000, 0x0000, 0x0000, 0x0000, 0x0000, 0x0000, 
0x0000, 0x0000, 0x0000, 0x0000, 0x0000, 0x0000, 0x0000, 0x0000, 0x0000, 0x0000, 0x0000, 0x0000, 0x0000, 0x0000, 0x0000, 0x0000, 
0x0000, 0x0000, 0x0000, 0x0000, 0x0000, 0x0000, 0x0000, 0x0020, 0xd5c5, 0xff26, 0xff06, 0xff06, 0xff06, 0xff06, 0xff06, 0xff06, 
0xff06, 0xff06, 0xff06, 0xff06, 0xff06, 0xff06, 0xff26, 0xd5c5, 0x0020, 0x0000, 0x0000, 0x0000, 0x0000, 0x0000, 0x0000, 0x0000, 
0x0000, 0x0000, 0x0000, 0x0000, 0x0000, 0x0000, 0x0000, 0x0000, 0x0000, 0x0000, 0x0000, 0x0000, 0x0000, 0x0000, 0x0000, 0x0000, 
0x0000, 0x0000, 0x0000, 0x0000, 0x0000, 0x0000, 0x0000, 0x0000, 0x0000, 0x0000, 0x0000, 0x0000, 0x0000, 0x0000, 0x0000, 0x0000, 
0x0000, 0x0000, 0x0000, 0x0000, 0x0000, 0x0000, 0x0000, 0x0000, 0x0000, 0x0000, 0x0000, 0x0000, 0x0000, 0x0000, 0x0000, 0x0000, 
0x0000, 0x0000, 0x0000, 0x0000, 0x0000, 0xa320, 0xf4a0, 0xf480, 0xec80, 0xad40, 0x0000, 0x0000, 0x0000, 0x0000, 0x0000, 0x0000, 
0x0000, 0x0000, 0x0000, 0x0000, 0x0000, 0x0000, 0xf480, 0xec60, 0xec80, 0xf480, 0xbba0, 0x0000, 0x0000, 0x0000, 0x0000, 0x0000, 
0x0000, 0x0000, 0x0000, 0x0000, 0x0000, 0x0000, 0x0000, 0x0000, 0x0000, 0x0000, 0x0000, 0x0000, 0x0000, 0x0000, 0x0000, 0x0000, 
0x0000, 0x0000, 0x0000, 0x0000, 0x0000, 0x0000, 0x0000, 0x0000, 0x0000, 0x0000, 0x0000, 0x0000, 0x0000, 0x0000, 0x0000, 0x0000, 
0x0000, 0x0000, 0x0000, 0x0000, 0x0000, 0x0000, 0x0000, 0x0000, 0x0000, 0x0000, 0x0000, 0x0000, 0x0000, 0x0000, 0x0000, 0x0000, 
0x0000, 0x0000, 0x0000, 0x0000, 0x0000, 0x0000, 0x0000, 0x18c0, 0xee86, 0xff26, 0xff06, 0xff06, 0xff06, 0xff06, 0xff06, 0xff06, 
0xff06, 0xff06, 0xff06, 0xff06, 0xff06, 0xff06, 0xff26, 0xee86, 0x18c0, 0x0000, 0x0000, 0x0000, 0x0000, 0x0000, 0x0000, 0x0000, 
0x0000, 0x0000, 0x0000, 0x0000, 0x0000, 0x0000, 0x0000, 0x0000, 0x0000, 0x0000, 0x0000, 0x0000, 0x0000, 0x0000, 0x0000, 0x0000, 
0x0000, 0x0000, 0x0000, 0x0000, 0x0000, 0x0000, 0x0000, 0x0000, 0x0000, 0x0000, 0x0000, 0x0000, 0x0000, 0x0000, 0x0000, 0x0000, 
0x0000, 0x0000, 0x0000, 0x0000, 0x0000, 0x0000, 0x0000, 0x0000, 0x0000, 0x0000, 0x0000, 0x0000, 0x0000, 0x0000, 0x0000, 0x0000, 
0x0000, 0x0000, 0x0000, 0x0000, 0x0000, 0xbba0, 0xf480, 0xec80, 0xec60, 0xec60, 0x0000, 0x0000, 0x0000, 0x0000, 0x0000, 0x0000, 
0x0000, 0x0000, 0x0000, 0x0000, 0x0000, 0x0000, 0xf480, 0xec60, 0xec80, 0xec80, 0xd400, 0x1040, 0x0000, 0x0000, 0x0000, 0x0000, 
0x0000, 0x0000, 0x0000, 0x0000, 0x0000, 0x0000, 0x0000, 0x0000, 0x0000, 0x0000, 0x0000, 0x0000, 0x0000, 0x0000, 0x0000, 0x0000, 
0x0000, 0x0000, 0x0000, 0x0000, 0x0000, 0x0000, 0x0000, 0x0000, 0x0000, 0x0000, 0x0000, 0x0000, 0x0000, 0x0000, 0x0000, 0x0000, 
0x0000, 0x0000, 0x0000, 0x0000, 0x0000, 0x0000, 0x0000, 0x0000, 0x0000, 0x0000, 0x0000, 0x0000, 0x0000, 0x0000, 0x0000, 0x0000, 
0x0000, 0x0000, 0x0000, 0x0000, 0x0000, 0x0000, 0x0000, 0x41e1, 0xff26, 0xff06, 0xff06, 0xff06, 0xff06, 0xff06, 0xff06, 0xff06, 
0xff06, 0xff06, 0xff06, 0xff06, 0xff06, 0xff06, 0xff06, 0xff06, 0x41e1, 0x0000, 0x0000, 0x0000, 0x0000, 0x0000, 0x0000, 0x0000, 
0x0000, 0x0000, 0x0000, 0x0000, 0x0000, 0x0000, 0x0000, 0x0000, 0x0000, 0x0000, 0x0000, 0x0000, 0x0000, 0x0000, 0x0000, 0x0000, 
0x0000, 0x0000, 0x0000, 0x0000, 0x0000, 0x0000, 0x0000, 0x0000, 0x0000, 0x0000, 0x0000, 0x0000, 0x0000, 0x0000, 0x0000, 0x0000, 
0x0000, 0x0000, 0x0000, 0x0000, 0x0000, 0x0000, 0x0000, 0x0000, 0x0000, 0x0000, 0x0000, 0x0000, 0x0000, 0x0000, 0x0000, 0x0000, 
0x0000, 0x0000, 0x0000, 0x0000, 0x1060, 0xd400, 0xec80, 0xec80, 0xec60, 0xe460, 0x0000, 0x0000, 0x0000, 0x0000, 0x0000, 0x0000, 
0x0000, 0x0000, 0x0000, 0x0000, 0x0000, 0x0000, 0xec60, 0xec60, 0xec80, 0xec80, 0xe460, 0x28c0, 0x0000, 0x0000, 0x0000, 0x0000, 
0x0000, 0x0000, 0x0000, 0x0000, 0x0000, 0x0000, 0x0000, 0x0000, 0x0000, 0x0000, 0x0000, 0x0000, 0x0000, 0x0000, 0x0000, 0x0000, 
0x0000, 0x0000, 0x0000, 0x0000, 0x0000, 0x0000, 0x0000, 0x0000, 0x0000, 0x0000, 0x0000, 0x0000, 0x0000, 0x0000, 0x0000, 0x0000, 
0x0000, 0x0000, 0x0000, 0x0000, 0x0000, 0x0000, 0x0000, 0x0000, 0x0000, 0x0000, 0x0000, 0x0000, 0x0000, 0x0000, 0x0000, 0x0000, 
0x0000, 0x0000, 0x0000, 0x0000, 0x0000, 0x0000, 0x0000, 0x8383, 0xff46, 0xff06, 0xff06, 0xff06, 0xff06, 0xff06, 0xff06, 0xff06, 
0xff06, 0xff06, 0xff06, 0xff06, 0xff06, 0xff06, 0xff06, 0xff46, 0x7b83, 0x0000, 0x0000, 0x0000, 0x0000, 0x0000, 0x0000, 0x0000, 
0x0000, 0x0000, 0x0000, 0x0000, 0x0000, 0x0000, 0x0000, 0x0000, 0x0000, 0x0000, 0x0000, 0x0000, 0x0000, 0x0000, 0x0000, 0x0000, 
0x0000, 0x0000, 0x0000, 0x0000, 0x0000, 0x0000, 0x0000, 0x0000, 0x0000, 0x0000, 0x0000, 0x0000, 0x0000, 0x0000, 0x0000, 0x0000, 
0x0000, 0x0000, 0x0000, 0x0000, 0x0000, 0x0000, 0x0000, 0x0000, 0x0000, 0x0000, 0x0000, 0x0000, 0x0000, 0x0000, 0x0000, 0x0000, 
0x0000, 0x0000, 0x0000, 0x0000, 0x28c0, 0xe460, 0xec80, 0xec80, 0xec60, 0xec60, 0x0000, 0x0000, 0x0000, 0x0000, 0x0000, 0x0000, 
0x0000, 0x0000, 0x0000, 0x0000, 0x0000, 0x0000, 0xec60, 0xec80, 0xec80, 0xec60, 0xf480, 0x5180, 0x0000, 0x0000, 0x0000, 0x0000, 
0x0000, 0x0000, 0x0000, 0x0000, 0x0000, 0x0000, 0x0000, 0x0000, 0x0000, 0x0000, 0x0000, 0x0000, 0x0000, 0x0000, 0x0000, 0x0000, 
0x0000, 0x0000, 0x0000, 0x0000, 0x0000, 0x0000, 0x0000, 0x0000, 0x0000, 0x0000, 0x0000, 0x0000, 0x0000, 0x0000, 0x0000, 0x0000, 
0x0000, 0x0000, 0x0000, 0x0000, 0x0000, 0x0000, 0x0000, 0x0000, 0x0000, 0x0000, 0x0000, 0x0000, 0x0000, 0x0000, 0x0000, 0x0000, 
0x0000, 0x0000, 0x0000, 0x0000, 0x0000, 0x0000, 0x0000, 0xc564, 0xff26, 0xff06, 0xff06, 0xff06, 0xff06, 0xff06, 0xff06, 0xff06, 
0xff06, 0xff06, 0xff06, 0xff06, 0xff06, 0xff06, 0xff06, 0xff26, 0xc564, 0x0000, 0x0000, 0x0000, 0x0000, 0x0000, 0x0000, 0x0000, 
0x0000, 0x0000, 0x0000, 0x0000, 0x0000, 0x0000, 0x0000, 0x0000, 0x0000, 0x0000, 0x0000, 0x0000, 0x0000, 0x0000, 0x0000, 0x0000, 
0x0000, 0x0000, 0x0000, 0x0000, 0x0000, 0x0000, 0x0000, 0x0000, 0x0000, 0x0000, 0x0000, 0x0000, 0x0000, 0x0000, 0x0000, 0x0000, 
0x0000, 0x0000, 0x0000, 0x0000, 0x0000, 0x0000, 0x0000, 0x0000, 0x0000, 0x0000, 0x0000, 0x0000, 0x0000, 0x0000, 0x0000, 0x0000, 
0x0000, 0x0000, 0x0000, 0x0000, 0x5180, 0xf480, 0xec60, 0xec80, 0xec60, 0xec60, 0x0000, 0x0000, 0x0000, 0x0000, 0x0000, 0x0000, 
0x0000, 0x0000, 0x0000, 0x0000, 0x0000, 0x0000, 0xec80, 0xec80, 0xec60, 0xec60, 0xf4a0, 0x8280, 0x0000, 0x0000, 0x0000, 0x0000, 
0x0000, 0x0000, 0x0000, 0x0000, 0x0000, 0x0000, 0x0000, 0x0000, 0x0000, 0x0000, 0x0000, 0x0000, 0x0000, 0x0000, 0x0000, 0x0000, 
0x0000, 0x0000, 0x0000, 0x0000, 0x0000, 0x0000, 0x0000, 0x0000, 0x0000, 0x0000, 0x0000, 0x0000, 0x0000, 0x0000, 0x0000, 0x0000, 
0x0000, 0x0000, 0x0000, 0x0000, 0x0000, 0x0000, 0x0000, 0x0000, 0x0000, 0x0000, 0x0000, 0x0000, 0x0000, 0x0000, 0x0000, 0x0000, 
0x0000, 0x0000, 0x0000, 0x0000, 0x0000, 0x0000, 0x2921, 0xf6c6, 0xff06, 0xff06, 0xff06, 0xff06, 0xff06, 0xff06, 0xff06, 0xff06, 
0xff06, 0xff06, 0xff06, 0xff06, 0xff06, 0xff06, 0xff06, 0xff06, 0xf6c6, 0x2921, 0x0000, 0x0000, 0x0000, 0x0000, 0x0000, 0x0000, 
0x0000, 0x0000, 0x0000, 0x0000, 0x0000, 0x0000, 0x0000, 0x0000, 0x0000, 0x0000, 0x0000, 0x0000, 0x0000, 0x0000, 0x0000, 0x0000, 
0x0000, 0x0000, 0x0000, 0x0000, 0x0000, 0x0000, 0x0000, 0x0000, 0x0000, 0x0000, 0x0000, 0x0000, 0x0000, 0x0000, 0x0000, 0x0000, 
0x0000, 0x0000, 0x0000, 0x0000, 0x0000, 0x0000, 0x0000, 0x0000, 0x0000, 0x0000, 0x0000, 0x0000, 0x0000, 0x0000, 0x0000, 0x0000, 
0x0000, 0x0000, 0x0000, 0x0000, 0x8280, 0xf4a0, 0xec60, 0xec60, 0xec80, 0xec80, 0x0000, 0x0000, 0x0000, 0x0000, 0x0000, 0x0000, 
0x0000, 0x0000, 0x0000, 0x0000, 0x0000, 0x0000, 0xec60, 0xf480, 0xec60, 0xec60, 0xf480, 0xbbe0, 0x0020, 0x0000, 0x0000, 0x0000, 
0x0000, 0x0000, 0x0000, 0x0000, 0x0000, 0x0000, 0x0000, 0x0000, 0x0000, 0x0000, 0x0000, 0x0000, 0x0000, 0x0000, 0x0000, 0x0000, 
0x0000, 0x0000, 0x0000, 0x0000, 0x0000, 0x0000, 0x0000, 0x0000, 0x0000, 0x0000, 0x0000, 0x0000, 0x0000, 0x0000, 0x0000, 0x0000, 
0x0000, 0x0000, 0x0000, 0x0000, 0x0000, 0x0000, 0x0000, 0x0000, 0x0000, 0x0000, 0x0000, 0x0000, 0x0000, 0x0000, 0x0000, 0x0000, 
0x0000, 0x0000, 0x0000, 0x0000, 0x0000, 0x0000, 0x8383, 0xff46, 0xff06, 0xff06, 0xff06, 0xff06, 0xff06, 0xff06, 0xff06, 0xff06, 
0xff06, 0xff06, 0xff06, 0xff06, 0xff06, 0xff06, 0xff06, 0xff06, 0xff46, 0x8383, 0x0000, 0x0000, 0x0000, 0x0000, 0x0000, 0x0000, 
0x0000, 0x0000, 0x0000, 0x0000, 0x0000, 0x0000, 0x0000, 0x0000, 0x0000, 0x0000, 0x0000, 0x0000, 0x0000, 0x0000, 0x0000, 0x0000, 
0x0000, 0x0000, 0x0000, 0x0000, 0x0000, 0x0000, 0x0000, 0x0000, 0x0000, 0x0000, 0x0000, 0x0000, 0x0000, 0x0000, 0x0000, 0x0000, 
0x0000, 0x0000, 0x0000, 0x0000, 0x0000, 0x0000, 0x0000, 0x0000, 0x0000, 0x0000, 0x0000, 0x0000, 0x0000, 0x0000, 0x0000, 0x0000, 
0x0000, 0x0000, 0x0000, 0x0020, 0xbbc0, 0xf480, 0xec60, 0xec60, 0xec80, 0xec60, 0x0000, 0x0000, 0x0000, 0x0000, 0x0000, 0x0000, 
0x0000, 0x0000, 0x0000, 0x0000, 0x0000, 0x0000, 0xec80, 0xf480, 0xec60, 0xec60, 0xec60, 0xe502, 0x2121, 0x0000, 0x0000, 0x0000, 
0x0000, 0x0000, 0x0000, 0x0000, 0x0000, 0x0000, 0x0000, 0x0000, 0x0000, 0x0000, 0x0000, 0x0000, 0x0000, 0x0000, 0x0000, 0x0000, 
0x0000, 0x0000, 0x0000, 0x0000, 0x0000, 0x0000, 0x0000, 0x0000, 0x0000, 0x0000, 0x0000, 0x0000, 0x0000, 0x0000, 0x0000, 0x0000, 
0x0000, 0x0000, 0x0000, 0x0000, 0x0000, 0x0000, 0x0000, 0x0000, 0x0000, 0x0000, 0x0000, 0x0000, 0x0000, 0x0000, 0x0000, 0x0000, 
0x0000, 0x0000, 0x0000, 0x0000, 0x0000, 0x1060, 0xde25, 0xff26, 0xff06, 0xff06, 0xff06, 0xff06, 0xff06, 0xff06, 0xff06, 0xff06, 
0xff06, 0xff06, 0xff06, 0xff06, 0xff06, 0xff06, 0xff06, 0xff06, 0xff26, 0xde05, 0x1060, 0x0000, 0x0000, 0x0000, 0x0000, 0x0000, 
0x0000, 0x0000, 0x0000, 0x0000, 0x0000, 0x0000, 0x0000, 0x0000, 0x0000, 0x0000, 0x0000, 0x0000, 0x0000, 0x0000, 0x0000, 0x0000, 
0x0000, 0x0000, 0x0000, 0x0000, 0x0000, 0x0000, 0x0000, 0x0000, 0x0000, 0x0000, 0x0000, 0x0000, 0x0000, 0x0000, 0x0000, 0x0000, 
0x0000, 0x0000, 0x0000, 0x0000, 0x0000, 0x0000, 0x0000, 0x0000, 0x0000, 0x0000, 0x0000, 0x0000, 0x0000, 0x0000, 0x0000, 0x0000, 
0x0000, 0x0000, 0x0000, 0x2121, 0xed01, 0xec60, 0xec60, 0xec60, 0xf480, 0xec60, 0x0000, 0x0000, 0x0000, 0x0000, 0x0000, 0x0000, 
0x0000, 0x0000, 0x0000, 0x0000, 0x0000, 0x0000, 0xec80, 0xf4a0, 0xec60, 0xec60, 0xec60, 0xfda2, 0x6b02, 0x0000, 0x0000, 0x0000, 
0x0000, 0x0000, 0x0000, 0x0000, 0x0000, 0x0000, 0x0000, 0x0000, 0x0000, 0x0000, 0x0000, 0x0000, 0x0000, 0x0000, 0x0000, 0x0000, 
0x0000, 0x0000, 0x0000, 0x0000, 0x0000, 0x0000, 0x0000, 0x0000, 0x0000, 0x0000, 0x0000, 0x0000, 0x0000, 0x0000, 0x0000, 0x0000, 
0x0000, 0x0000, 0x0000, 0x0000, 0x0000, 0x0000, 0x0000, 0x0000, 0x0000, 0x0000, 0x0000, 0x0000, 0x0000, 0x0000, 0x0000, 0x0000, 
0x0000, 0x0000, 0x0000, 0x0000, 0x0000, 0x6b02, 0xff46, 0xff06, 0xff06, 0xff06, 0xff06, 0xff06, 0xff06, 0xff06, 0xff06, 0xff06, 
0xff06, 0xff06, 0xff06, 0xff06, 0xff06, 0xff06, 0xff06, 0xff06, 0xff06, 0xff46, 0x6ae2, 0x0000, 0x0000, 0x0000, 0x0000, 0x0000, 
0x0000, 0x0000, 0x0000, 0x0000, 0x0000, 0x0000, 0x0000, 0x0000, 0x0000, 0x0000, 0x0000, 0x0000, 0x0000, 0x0000, 0x0000, 0x0000, 
0x0000, 0x0000, 0x0000, 0x0000, 0x0000, 0x0000, 0x0000, 0x0000, 0x0000, 0x0000, 0x0000, 0x0000, 0x0000, 0x0000, 0x0000, 0x0000, 
0x0000, 0x0000, 0x0000, 0x0000, 0x0000, 0x0000, 0x0000, 0x0000, 0x0000, 0x0000, 0x0000, 0x0000, 0x0000, 0x0000, 0x0000, 0x0000, 
0x0000, 0x0000, 0x0000, 0x6b02, 0xfda2, 0xec60, 0xec60, 0xec60, 0xf480, 0xec60, 0x0000, 0x0000, 0x0000, 0x0000, 0x0000, 0x0000, 
0x0000, 0x0000, 0x0000, 0x0000, 0x0000, 0x0000, 0xec60, 0xf4a0, 0xec60, 0xec60, 0xec60, 0xfda2, 0xc565, 0x0000, 0x0000, 0x0000, 
0x0000, 0x0000, 0x0000, 0x0000, 0x0000, 0x0000, 0x0000, 0x0000, 0x0000, 0x0000, 0x0000, 0x0000, 0x0000, 0x0000, 0x0000, 0x0000, 
0x0000, 0x0000, 0x0000, 0x0000, 0x0000, 0x0000, 0x0000, 0x0000, 0x0000, 0x0000, 0x0000, 0x0000, 0x0000, 0x0000, 0x0000, 0x0000, 
0x0000, 0x0000, 0x0000, 0x0000, 0x0000, 0x0000, 0x0000, 0x0000, 0x0000, 0x0000, 0x0000, 0x0000, 0x0000, 0x0000, 0x0000, 0x0000, 
0x0000, 0x0000, 0x0000, 0x0000, 0x1080, 0xde25, 0xff26, 0xff06, 0xff06, 0xff06, 0xff06, 0xff06, 0xff06, 0xff06, 0xff06, 0xff06, 
0xff06, 0xff06, 0xff06, 0xff06, 0xff06, 0xff06, 0xff06, 0xff06, 0xff06, 0xff26, 0xde25, 0x1080, 0x0000, 0x0000, 0x0000, 0x0000, 
0x0000, 0x0000, 0x0000, 0x0000, 0x0000, 0x0000, 0x0000, 0x0000, 0x0000, 0x0000, 0x0000, 0x0000, 0x0000, 0x0000, 0x0000, 0x0000, 
0x0000, 0x0000, 0x0000, 0x0000, 0x0000, 0x0000, 0x0000, 0x0000, 0x0000, 0x0000, 0x0000, 0x0000, 0x0000, 0x0000, 0x0000, 0x0000, 
0x0000, 0x0000, 0x0000, 0x0000, 0x0000, 0x0000, 0x0000, 0x0000, 0x0000, 0x0000, 0x0000, 0x0000, 0x0000, 0x0000, 0x0000, 0x0000, 
0x0000, 0x0000, 0x0000, 0xc565, 0xfda2, 0xec60, 0xec60, 0xec60, 0xf480, 0xec60, 0x0000, 0x0000, 0x0000, 0x0000, 0x0000, 0x0000, 
0x0000, 0x0000, 0x0000, 0x0000, 0x0000, 0x0000, 0xec60, 0xf4a0, 0xec60, 0xec60, 0xec60, 0xf582, 0xff06, 0x3981, 0x0000, 0x0000, 
0x0000, 0x0000, 0x0000, 0x0000, 0x0000, 0x0000, 0x0000, 0x0000, 0x0000, 0x0000, 0x0000, 0x0000, 0x0000, 0x0000, 0x0000, 0x0000, 
0x0000, 0x0000, 0x0000, 0x0000, 0x0000, 0x0000, 0x0000, 0x0000, 0x0000, 0x0000, 0x0000, 0x0000, 0x0000, 0x0000, 0x0000, 0x0000, 
0x0000, 0x0000, 0x0000, 0x0000, 0x0000, 0x0000, 0x0000, 0x0000, 0x0000, 0x0000, 0x0000, 0x0000, 0x0000, 0x0000, 0x0000, 0x0000, 
0x0000, 0x0000, 0x0000, 0x0000, 0x8be3, 0xff46, 0xff06, 0xff06, 0xff06, 0xff06, 0xff06, 0xff06, 0xff06, 0xff06, 0xff06, 0xff06, 
0xff06, 0xff06, 0xff06, 0xff06, 0xff06, 0xff06, 0xff06, 0xff06, 0xff06, 0xff06, 0xff46, 0x8be3, 0x0000, 0x0000, 0x0000, 0x0000, 
0x0000, 0x0000, 0x0000, 0x0000, 0x0000, 0x0000, 0x0000, 0x0000, 0x0000, 0x0000, 0x0000, 0x0000, 0x0000, 0x0000, 0x0000, 0x0000, 
0x0000, 0x0000, 0x0000, 0x0000, 0x0000, 0x0000, 0x0000, 0x0000, 0x0000, 0x0000, 0x0000, 0x0000, 0x0000, 0x0000, 0x0000, 0x0000, 
0x0000, 0x0000, 0x0000, 0x0000, 0x0000, 0x0000, 0x0000, 0x0000, 0x0000, 0x0000, 0x0000, 0x0000, 0x0000, 0x0000, 0x0000, 0x0000, 
0x0000, 0x0000, 0x3981, 0xff06, 0xf562, 0xec60, 0xec60, 0xec60, 0xf480, 0xec60, 0x0000, 0x0000, 0x0000, 0x0000, 0x0000, 0x0000, 
0x0000, 0x0000, 0x0000, 0x0000, 0x0000, 0x0000, 0xec80, 0xf4a0, 0xec60, 0xec60, 0xec60, 0xf562, 0xff46, 0xa484, 0x0000, 0x0000, 
0x0000, 0x0000, 0x0000, 0x0000, 0x0000, 0x0000, 0x0000, 0x0000, 0x0000, 0x0000, 0x0000, 0x0000, 0x0000, 0x0000, 0x0000, 0x0000, 
0x0000, 0x0000, 0x0000, 0x0000, 0x0000, 0x0000, 0x0000, 0x0000, 0x0000, 0x0000, 0x0000, 0x0000, 0x0000, 0x0000, 0x0000, 0x0000, 
0x0000, 0x0000, 0x0000, 0x0000, 0x0000, 0x0000, 0x0000, 0x0000, 0x0000, 0x0000, 0x0000, 0x0000, 0x0000, 0x0000, 0x0000, 0x0000, 
0x0000, 0x0000, 0x0000, 0x41c1, 0xfee6, 0xff06, 0xff06, 0xff06, 0xff06, 0xff06, 0xff06, 0xff06, 0xff06, 0xff06, 0xff06, 0xff06, 
0xff06, 0xff06, 0xff06, 0xff06, 0xff06, 0xff06, 0xff06, 0xff06, 0xff06, 0xff06, 0xff06, 0xf6e6, 0x41c1, 0x0000, 0x0000, 0x0000, 
0x0000, 0x0000, 0x0000, 0x0000, 0x0000, 0x0000, 0x0000, 0x0000, 0x0000, 0x0000, 0x0000, 0x0000, 0x0000, 0x0000, 0x0000, 0x0000, 
0x0000, 0x0000, 0x0000, 0x0000, 0x0000, 0x0000, 0x0000, 0x0000, 0x0000, 0x0000, 0x0000, 0x0000, 0x0000, 0x0000, 0x0000, 0x0000, 
0x0000, 0x0000, 0x0000, 0x0000, 0x0000, 0x0000, 0x0000, 0x0000, 0x0000, 0x0000, 0x0000, 0x0000, 0x0000, 0x0000, 0x0000, 0x0000, 
0x0000, 0x0000, 0xa484, 0xff46, 0xf542, 0xec60, 0xec60, 0xec60, 0xf480, 0xec60, 0x0000, 0x0000, 0x0000, 0x0000, 0x0000, 0x0000, 
0x0000, 0x0000, 0x0000, 0x0000, 0x0000, 0x0000, 0xec80, 0xf480, 0xec60, 0xec60, 0xec60, 0xf542, 0xff26, 0xf6c6, 0x3161, 0x0000, 
0x0000, 0x0000, 0x0000, 0x0000, 0x0000, 0x0000, 0x0000, 0x0000, 0x0000, 0x0000, 0x0000, 0x0000, 0x0000, 0x0000, 0x0000, 0x0000, 
0x0000, 0x0000, 0x0000, 0x0000, 0x0000, 0x0000, 0x0000, 0x0000, 0x0000, 0x0000, 0x0000, 0x0000, 0x0000, 0x0000, 0x0000, 0x0000, 
0x0000, 0x0000, 0x0000, 0x0000, 0x0000, 0x0000, 0x0000, 0x0000, 0x0000, 0x0000, 0x0000, 0x0000, 0x0000, 0x0000, 0x0000, 0x0000, 
0x0000, 0x0000, 0x18c0, 0xde05, 0xff26, 0xff06, 0xff06, 0xff06, 0xff06, 0xff06, 0xff06, 0xff06, 0xff06, 0xff06, 0xff06, 0xff06, 
0xff06, 0xff06, 0xff06, 0xff06, 0xff06, 0xff06, 0xff06, 0xff06, 0xff06, 0xff06, 0xff06, 0xff26, 0xde05, 0x18a0, 0x0000, 0x0000, 
0x0000, 0x0000, 0x0000, 0x0000, 0x0000, 0x0000, 0x0000, 0x0000, 0x0000, 0x0000, 0x0000, 0x0000, 0x0000, 0x0000, 0x0000, 0x0000, 
0x0000, 0x0000, 0x0000, 0x0000, 0x0000, 0x0000, 0x0000, 0x0000, 0x0000, 0x0000, 0x0000, 0x0000, 0x0000, 0x0000, 0x0000, 0x0000, 
0x0000, 0x0000, 0x0000, 0x0000, 0x0000, 0x0000, 0x0000, 0x0000, 0x0000, 0x0000, 0x0000, 0x0000, 0x0000, 0x0000, 0x0000, 0x0000, 
0x0000, 0x3161, 0xf6c6, 0xff06, 0xf542, 0xec60, 0xec60, 0xec60, 0xf480, 0xec60, 0x0000, 0x0000, 0x0000, 0x0000, 0x0000, 0x0000, 
0x0000, 0x0000, 0x0000, 0x0000, 0x0000, 0x0000, 0xec60, 0xf480, 0xec60, 0xec60, 0xec60, 0xf542, 0xff06, 0xff26, 0xb504, 0x0000, 
0x0000, 0x0000, 0x0000, 0x0000, 0x0000, 0x0000, 0x0000, 0x0000, 0x0000, 0x0000, 0x0000, 0x0000, 0x0000, 0x0000, 0x0000, 0x0000, 
0x0000, 0x0000, 0x0000, 0x0000, 0x0000, 0x0000, 0x0000, 0x0000, 0x0000, 0x0000, 0x0000, 0x0000, 0x0000, 0x0000, 0x0000, 0x0000, 
0x0000, 0x0000, 0x0000, 0x0000, 0x0000, 0x0000, 0x0000, 0x0000, 0x0000, 0x0000, 0x0000, 0x0000, 0x0000, 0x0000, 0x0000, 0x0000, 
0x0000, 0x0840, 0xbd04, 0xff46, 0xff06, 0xff06, 0xff06, 0xff06, 0xff06, 0xff06, 0xff06, 0xff06, 0xff06, 0xff06, 0xff06, 0xff06, 
0xff06, 0xff06, 0xff06, 0xff06, 0xff06, 0xff06, 0xff06, 0xff06, 0xff06, 0xff06, 0xff06, 0xff06, 0xff46, 0xbd04, 0x0840, 0x0000, 
0x0000, 0x0000, 0x0000, 0x0000, 0x0000, 0x0000, 0x0000, 0x0000, 0x0000, 0x0000, 0x0000, 0x0000, 0x0000, 0x0000, 0x0000, 0x0000, 
0x0000, 0x0000, 0x0000, 0x0000, 0x0000, 0x0000, 0x0000, 0x0000, 0x0000, 0x0000, 0x0000, 0x0000, 0x0000, 0x0000, 0x0000, 0x0000, 
0x0000, 0x0000, 0x0000, 0x0000, 0x0000, 0x0000, 0x0000, 0x0000, 0x0000, 0x0000, 0x0000, 0x0000, 0x0000, 0x0000, 0x0000, 0x0000, 
0x0000, 0xb504, 0xff46, 0xff06, 0xf542, 0xec60, 0xec60, 0xec60, 0xec80, 0xec60, 0x0000, 0x0000, 0x0000, 0x0000, 0x0000, 0x0000, 
0x0000, 0x0000, 0x0000, 0x0000, 0x0000, 0x0000, 0xec80, 0xec80, 0xec60, 0xec60, 0xec60, 0xf521, 0xff06, 0xff06, 0xff26, 0x62c2, 
0x0000, 0x0000, 0x0000, 0x0000, 0x0000, 0x0000, 0x0000, 0x0000, 0x0000, 0x0000, 0x0000, 0x0000, 0x0000, 0x0000, 0x0000, 0x0000, 
0x0000, 0x0000, 0x0000, 0x0000, 0x0000, 0x0000, 0x0000, 0x0000, 0x0000, 0x0000, 0x0000, 0x0000, 0x0000, 0x0000, 0x0000, 0x0000, 
0x0000, 0x0000, 0x0000, 0x0000, 0x0000, 0x0000, 0x0000, 0x0000, 0x0000, 0x0000, 0x0000, 0x0000, 0x0000, 0x0000, 0x0000, 0x0000, 
0x0020, 0xa484, 0xff46, 0xff06, 0xff06, 0xff06, 0xff06, 0xff06, 0xff06, 0xff06, 0xff06, 0xff06, 0xff06, 0xff06, 0xff06, 0xff06, 
0xff06, 0xff06, 0xff06, 0xff06, 0xff06, 0xff06, 0xff06, 0xff06, 0xff06, 0xff06, 0xff06, 0xff06, 0xff06, 0xff46, 0xa484, 0x0020, 
0x0000, 0x0000, 0x0000, 0x0000, 0x0000, 0x0000, 0x0000, 0x0000, 0x0000, 0x0000, 0x0000, 0x0000, 0x0000, 0x0000, 0x0000, 0x0000, 
0x0000, 0x0000, 0x0000, 0x0000, 0x0000, 0x0000, 0x0000, 0x0000, 0x0000, 0x0000, 0x0000, 0x0000, 0x0000, 0x0000, 0x0000, 0x0000, 
0x0000, 0x0000, 0x0000, 0x0000, 0x0000, 0x0000, 0x0000, 0x0000, 0x0000, 0x0000, 0x0000, 0x0000, 0x0000, 0x0000, 0x0000, 0x0000, 
0x62c2, 0xff26, 0xff06, 0xff06, 0xf521, 0xec60, 0xec60, 0xec80, 0xec80, 0xec80, 0x0000, 0x0000, 0x0000, 0x0000, 0x0000, 0x0000, 
0x0000, 0x0000, 0x0000, 0x0000, 0x0000, 0x0000, 0xec60, 0xec60, 0xec80, 0xec60, 0xec60, 0xed01, 0xfee6, 0xff06, 0xff06, 0xee85, 
0x3141, 0x0000, 0x0000, 0x0000, 0x0000, 0x0000, 0x0000, 0x0000, 0x0000, 0x0000, 0x0000, 0x0000, 0x0000, 0x0000, 0x0000, 0x0000, 
0x0000, 0x0000, 0x0000, 0x0000, 0x0000, 0x0000, 0x0000, 0x0000, 0x0000, 0x0000, 0x0000, 0x0000, 0x0000, 0x0000, 0x0000, 0x0000, 
0x0000, 0x0000, 0x0000, 0x0000, 0x0000, 0x0000, 0x0000, 0x0000, 0x0000, 0x0000, 0x0000, 0x0000, 0x0000, 0x0000, 0x0000, 0x0840, 
0xa484, 0xff46, 0xff06, 0xff06, 0xff06, 0xff06, 0xff06, 0xff06, 0xff06, 0xff06, 0xff06, 0xff06, 0xff06, 0xff06, 0xff06, 0xff06, 
0xff06, 0xff06, 0xff06, 0xff06, 0xff06, 0xff06, 0xff06, 0xff06, 0xff06, 0xff06, 0xff06, 0xff06, 0xff06, 0xff06, 0xff46, 0xa484, 
0x0840, 0x0000, 0x0000, 0x0000, 0x0000, 0x0000, 0x0000, 0x0000, 0x0000, 0x0000, 0x0000, 0x0000, 0x0000, 0x0000, 0x0000, 0x0000, 
0x0000, 0x0000, 0x0000, 0x0000, 0x0000, 0x0000, 0x0000, 0x0000, 0x0000, 0x0000, 0x0000, 0x0000, 0x0000, 0x0000, 0x0000, 0x0000, 
0x0000, 0x0000, 0x0000, 0x0000, 0x0000, 0x0000, 0x0000, 0x0000, 0x0000, 0x0000, 0x0000, 0x0000, 0x0000, 0x0000, 0x0000, 0x3141, 
0xee85, 0xff06, 0xff06, 0xfee6, 0xece1, 0xec60, 0xec60, 0xec80, 0xec60, 0xec80, 0x0000, 0x0000, 0x0000, 0x0000, 0x0000, 0x0000, 
0x0000, 0x0000, 0x0000, 0x0000, 0x0000, 0x0000, 0xec60, 0xec60, 0xec80, 0xec60, 0xec60, 0xece1, 0xfee6, 0xfee6, 0xfee6, 0xff26, 
0xd5c5, 0x18c0, 0x0000, 0x0000, 0x0000, 0x0000, 0x0000, 0x0000, 0x0000, 0x0000, 0x0000, 0x0000, 0x0000, 0x0000, 0x0000, 0x0000, 
0x0000, 0x0000, 0x0000, 0x0000, 0x0000, 0x0000, 0x0000, 0x0000, 0x0000, 0x0000, 0x0000, 0x0000, 0x0000, 0x0000, 0x0000, 0x0000, 
0x0000, 0x0000, 0x0000, 0x0000, 0x0000, 0x0000, 0x0000, 0x0000, 0x0000, 0x0000, 0x0000, 0x0000, 0x0000, 0x0000, 0x18c0, 0xb504, 
0xff26, 0xfee6, 0xfee6, 0xfee6, 0xfee6, 0xfee6, 0xfee6, 0xfee6, 0xfee6, 0xfee6, 0xfee6, 0xfee6, 0xfee6, 0xfee6, 0xfee6, 0xfee6, 
0xfee6, 0xfee6, 0xfee6, 0xfee6, 0xfee6, 0xfee6, 0xfee6, 0xfee6, 0xfee6, 0xfee6, 0xfee6, 0xfee6, 0xfee6, 0xfee6, 0xfee6, 0xff46, 
0xbd04, 0x18c0, 0x0000, 0x0000, 0x0000, 0x0000, 0x0000, 0x0000, 0x0000, 0x0000, 0x0000, 0x0000, 0x0000, 0x0000, 0x0000, 0x0000, 
0x0000, 0x0000, 0x0000, 0x0000, 0x0000, 0x0000, 0x0000, 0x0000, 0x0000, 0x0000, 0x0000, 0x0000, 0x0000, 0x0000, 0x0000, 0x0000, 
0x0000, 0x0000, 0x0000, 0x0000, 0x0000, 0x0000, 0x0000, 0x0000, 0x0000, 0x0000, 0x0000, 0x0000, 0x0000, 0x0000, 0x18c0, 0xd5c5, 
0xff26, 0xfee6, 0xff06, 0xfee6, 0xecc0, 0xec60, 0xec60, 0xec80, 0xec60, 0xec80, 0x0000, 0x0000, 0x0000, 0x0000, 0x0000, 0x0000, 
0x0000, 0x0000, 0x0000, 0x0000, 0x0000, 0x0000, 0xec40, 0xec60, 0xec80, 0xec60, 0xec60, 0xecc0, 0xfec5, 0xff06, 0xfee6, 0xfee6, 
0xff26, 0xc584, 0x18a0, 0x0000, 0x0000, 0x0000, 0x0000, 0x0000, 0x0000, 0x0000, 0x0000, 0x0000, 0x0000, 0x0000, 0x0000, 0x0000, 
0x0000, 0x0000, 0x0000, 0x0000, 0x0000, 0x0000, 0x0000, 0x0000, 0x0000, 0x0000, 0x0000, 0x0000, 0x0000, 0x0000, 0x0000, 0x0000, 
0x0000, 0x0000, 0x0000, 0x0000, 0x0000, 0x0000, 0x0000, 0x0000, 0x0000, 0x0000, 0x0000, 0x0000, 0x0000, 0x41c1, 0xd5e5, 0xff26, 
0xfee6, 0xfee6, 0xfee6, 0xfee6, 0xfee6, 0xfee6, 0xfee6, 0xfee6, 0xfee6, 0xfee6, 0xfee6, 0xfee6, 0xfee6, 0xfee6, 0xfee6, 0xfee6, 
0xfee6, 0xfee6, 0xfee6, 0xfee6, 0xfee6, 0xfee6, 0xfee6, 0xfee6, 0xfee6, 0xfee6, 0xfee6, 0xfee6, 0xfee6, 0xfee6, 0xfee6, 0xfee6, 
0xff26, 0xde05, 0x41c1, 0x0000, 0x0000, 0x0000, 0x0000, 0x0000, 0x0000, 0x0000, 0x0000, 0x0000, 0x0000, 0x0000, 0x0000, 0x0000, 
0x0000, 0x0000, 0x0000, 0x0000, 0x0000, 0x0000, 0x0000, 0x0000, 0x0000, 0x0000, 0x0000, 0x0000, 0x0000, 0x0000, 0x0000, 0x0000, 
0x0000, 0x0000, 0x0000, 0x0000, 0x0000, 0x0000, 0x0000, 0x0000, 0x0000, 0x0000, 0x0000, 0x0000, 0x0000, 0x18c0, 0xc584, 0xff26, 
0xfee6, 0xfee6, 0xff06, 0xfec5, 0xeca0, 0xec60, 0xec60, 0xec80, 0xec60, 0xec80, 0x0000, 0x0000, 0x0000, 0x0000, 0x0000, 0x0000, 
0x0000, 0x0000, 0x0000, 0x0000, 0x0000, 0x0000, 0xe480, 0xec60, 0xec80, 0xec60, 0xec60, 0xeca0, 0xfea5, 0xff06, 0xfee6, 0xfee6, 
0xfee6, 0xff26, 0xcdc5, 0x2921, 0x0000, 0x0000, 0x0000, 0x0000, 0x0000, 0x0000, 0x0000, 0x0000, 0x0000, 0x0000, 0x0000, 0x0000, 
0x0000, 0x0000, 0x0000, 0x0000, 0x0000, 0x0000, 0x0000, 0x0000, 0x0000, 0x0000, 0x0000, 0x0000, 0x0000, 0x0000, 0x0000, 0x0000, 
0x0000, 0x0000, 0x0000, 0x0000, 0x0000, 0x0000, 0x0000, 0x0000, 0x0000, 0x0000, 0x0000, 0x1060, 0x83a3, 0xf6c6, 0xff26, 0xfee6, 
0xfee6, 0xfee6, 0xfee6, 0xfee6, 0xfee6, 0xfee6, 0xfee6, 0xfee6, 0xfee6, 0xfee6, 0xfee6, 0xfee6, 0xfee6, 0xfee6, 0xfee6, 0xfee6, 
0xfee6, 0xfee6, 0xfee6, 0xfee6, 0xfee6, 0xfee6, 0xfee6, 0xfee6, 0xfee6, 0xfee6, 0xfee6, 0xfee6, 0xfee6, 0xfee6, 0xfee6, 0xfee6, 
0xfee6, 0xff26, 0xfec6, 0x83a3, 0x1080, 0x0000, 0x0000, 0x0000, 0x0000, 0x0000, 0x0000, 0x0000, 0x0000, 0x0000, 0x0000, 0x0000, 
0x0000, 0x0000, 0x0000, 0x0000, 0x0000, 0x0000, 0x0000, 0x0000, 0x0000, 0x0000, 0x0000, 0x0000, 0x0000, 0x0000, 0x0000, 0x0000, 
0x0000, 0x0000, 0x0000, 0x0000, 0x0000, 0x0000, 0x0000, 0x0000, 0x0000, 0x0000, 0x0000, 0x0000, 0x2921, 0xcda5, 0xff26, 0xfee6, 
0xfee6, 0xfee6, 0xff06, 0xfe85, 0xec80, 0xec60, 0xec60, 0xec80, 0xec60, 0xecc0, 0x0000, 0x0000, 0x0000, 0x0000, 0x0000, 0x0000, 
0x0000, 0x0000, 0x0000, 0x0000, 0x0000, 0x0000, 0xfd40, 0xec60, 0xf480, 0xec60, 0xec60, 0xec60, 0xfe65, 0xff06, 0xfee6, 0xfee6, 
0xfee6, 0xfee6, 0xff26, 0xe665, 0x5a62, 0x0000, 0x0000, 0x0000, 0x0000, 0x0000, 0x0000, 0x0000, 0x0000, 0x0000, 0x0000, 0x0000, 
0x0000, 0x0000, 0x0000, 0x0000, 0x0000, 0x0000, 0x0000, 0x0000, 0x0000, 0x0000, 0x0000, 0x0000, 0x0000, 0x0000, 0x0000, 0x0000, 
0x0000, 0x0000, 0x0000, 0x0000, 0x0000, 0x0000, 0x0000, 0x0000, 0x0000, 0x0020, 0x5a62, 0xd5e5, 0xff26, 0xff06, 0xfee6, 0xfee6, 
0xfee6, 0xfee6, 0xfee6, 0xfee6, 0xfee6, 0xfee6, 0xfee6, 0xfee6, 0xfee6, 0xfee6, 0xfee6, 0xfee6, 0xfee6, 0xfee6, 0xfee6, 0xfee6, 
0xfee6, 0xfee6, 0xfee6, 0xfee6, 0xfee6, 0xfee6, 0xfee6, 0xfee6, 0xfee6, 0xfee6, 0xfee6, 0xfee6, 0xfee6, 0xfee6, 0xfee6, 0xfee6, 
0xfee6, 0xfee6, 0xff06, 0xff26, 0xd5e5, 0x5a82, 0x0020, 0x0000, 0x0000, 0x0000, 0x0000, 0x0000, 0x0000, 0x0000, 0x0000, 0x0000, 
0x0000, 0x0000, 0x0000, 0x0000, 0x0000, 0x0000, 0x0000, 0x0000, 0x0000, 0x0000, 0x0000, 0x0000, 0x0000, 0x0000, 0x0000, 0x0000, 
0x0000, 0x0000, 0x0000, 0x0000, 0x0000, 0x0000, 0x0000, 0x0000, 0x0000, 0x0000, 0x0000, 0x5a62, 0xe665, 0xff26, 0xfee6, 0xfee6, 
0xfee6, 0xfee6, 0xff06, 0xfe64, 0xec60, 0xec60, 0xec60, 0xf480, 0xec60, 0xfc00, 0x0000, 0x0000, 0x0000, 0x0000, 0x0000, 0x0000, 
0x0000, 0x0000, 0x0000, 0x0000, 0x0000, 0x0000, 0x0000, 0xec60, 0xf480, 0xec60, 0xec60, 0xec60, 0xfe24, 0xff06, 0xfee6, 0xfee6, 
0xfee6, 0xfee6, 0xfee6, 0xff06, 0xff06, 0xa484, 0x2921, 0x0000, 0x0000, 0x0000, 0x0000, 0x0000, 0x0000, 0x0000, 0x0000, 0x0000, 
0x0000, 0x0000, 0x0000, 0x0000, 0x0000, 0x0000, 0x0000, 0x0000, 0x0000, 0x0000, 0x0000, 0x0000, 0x0000, 0x0000, 0x0000, 0x0000, 
0x0000, 0x0000, 0x0000, 0x0000, 0x0000, 0x0000, 0x0000, 0x0840, 0x5a82, 0xc564, 0xff06, 0xff06, 0xfee6, 0xfee6, 0xfee6, 0xfee6, 
0xfee6, 0xfee6, 0xfee6, 0xfee6, 0xfee6, 0xfee6, 0xfee6, 0xfee6, 0xfee6, 0xfee6, 0xfee6, 0xfee6, 0xfee6, 0xfee6, 0xfee6, 0xfee6, 
0xfee6, 0xfee6, 0xfee6, 0xfee6, 0xfee6, 0xfee6, 0xfee6, 0xfee6, 0xfee6, 0xfee6, 0xfee6, 0xfee6, 0xfee6, 0xfee6, 0xfee6, 0xfee6, 
0xfee6, 0xfee6, 0xfee6, 0xfee6, 0xff06, 0xff06, 0xc565, 0x5a82, 0x0860, 0x0000, 0x0000, 0x0000, 0x0000, 0x0000, 0x0000, 0x0000, 
0x0000, 0x0000, 0x0000, 0x0000, 0x0000, 0x0000, 0x0000, 0x0000, 0x0000, 0x0000, 0x0000, 0x0000, 0x0000, 0x0000, 0x0000, 0x0000, 
0x0000, 0x0000, 0x0000, 0x0000, 0x0000, 0x0000, 0x0000, 0x0000, 0x0000, 0x2901, 0xa484, 0xff06, 0xff06, 0xfee6, 0xfee6, 0xfee6, 
0xfee6, 0xfee6, 0xff06, 0xf604, 0xec60, 0xec60, 0xec60, 0xf4a0, 0xec60, 0x0000, 0x0000, 0x0000, 0x0000, 0x0000, 0x0000, 0x0000, 
0x0000, 0x0000, 0x0000, 0x0000, 0x0000, 0x0000, 0x0000, 0xec60, 0xf4a0, 0xec60, 0xec60, 0xec60, 0xf5c3, 0xff06, 0xfee6, 0xfee6, 
0xfee6, 0xfee6, 0xfee6, 0xfee6, 0xfee6, 0xff26, 0xee85, 0x93e3, 0x2921, 0x0000, 0x0000, 0x0000, 0x0000, 0x0000, 0x0000, 0x0000, 
0x0000, 0x0000, 0x0000, 0x0000, 0x0000, 0x0000, 0x0000, 0x0000, 0x0000, 0x0000, 0x0000, 0x0000, 0x0000, 0x0000, 0x0000, 0x0000, 
0x0000, 0x0000, 0x0000, 0x0000, 0x0000, 0x3141, 0x8383, 0xdde5, 0xff06, 0xff26, 0xfee6, 0xfee6, 0xfee6, 0xfee6, 0xfee6, 0xfee6, 
0xfee6, 0xfee6, 0xfee6, 0xfee6, 0xfee6, 0xfee6, 0xfee6, 0xfee6, 0xfee6, 0xfee6, 0xfee6, 0xfee6, 0xfee6, 0xfee6, 0xfee6, 0xfee6, 
0xfee6, 0xfee6, 0xfee6, 0xfee6, 0xfee6, 0xfee6, 0xfee6, 0xfee6, 0xfee6, 0xfee6, 0xfee6, 0xfee6, 0xfee6, 0xfee6, 0xfee6, 0xfee6, 
0xfee6, 0xfee6, 0xfee6, 0xfee6, 0xfee6, 0xfee6, 0xff26, 0xff26, 0xdde5, 0x8383, 0x3141, 0x0000, 0x0000, 0x0000, 0x0000, 0x0000, 
0x0000, 0x0000, 0x0000, 0x0000, 0x0000, 0x0000, 0x0000, 0x0000, 0x0000, 0x0000, 0x0000, 0x0000, 0x0000, 0x0000, 0x0000, 0x0000, 
0x0000, 0x0000, 0x0000, 0x0000, 0x0000, 0x0000, 0x0000, 0x2941, 0x93e3, 0xee85, 0xff26, 0xfee6, 0xfee6, 0xfee6, 0xfee6, 0xfee6, 
0xfee6, 0xfee6, 0xff06, 0xf5c3, 0xec60, 0xec60, 0xec60, 0xf4a0, 0xec60, 0x0000, 0x0000, 0x0000, 0x0000, 0x0000, 0x0000, 0x0000, 
0x0000, 0x0000, 0x0000, 0x0000, 0x0000, 0x0000, 0x0000, 0xec60, 0xf4a0, 0xec60, 0xec60, 0xec60, 0xf562, 0xff06, 0xfee6, 0xfee6, 
0xfee6, 0xfee6, 0xfee6, 0xfee6, 0xfee6, 0xfee6, 0xff06, 0xff26, 0xf6a6, 0xb4e4, 0x5a82, 0x20e0, 0x0000, 0x0000, 0x0000, 0x0000, 
0x0000, 0x0000, 0x0000, 0x0000, 0x0000, 0x0000, 0x0000, 0x0000, 0x0000, 0x0000, 0x0000, 0x0000, 0x0000, 0x0000, 0x0000, 0x0000, 
0x0000, 0x1080, 0x41c1, 0x8383, 0xc564, 0xfec6, 0xff26, 0xff06, 0xfee6, 0xfee6, 0xfee6, 0xfee6, 0xfee6, 0xfee6, 0xfee6, 0xfee6, 
0xfee6, 0xfee6, 0xfee6, 0xfee6, 0xfee6, 0xfee6, 0xfee6, 0xfee6, 0xfee6, 0xfee6, 0xfee6, 0xfee6, 0xfee6, 0xfee6, 0xfee6, 0xfee6, 
0xfee6, 0xfee6, 0xfee6, 0xfee6, 0xfee6, 0xfee6, 0xfee6, 0xfee6, 0xfee6, 0xfee6, 0xfee6, 0xfee6, 0xfee6, 0xfee6, 0xfee6, 0xfee6, 
0xfee6, 0xfee6, 0xfee6, 0xfee6, 0xfee6, 0xfee6, 0xfee6, 0xfee6, 0xff06, 0xff26, 0xf6c6, 0xc564, 0x8383, 0x41c1, 0x18a0, 0x0000, 
0x0000, 0x0000, 0x0000, 0x0000, 0x0000, 0x0000, 0x0000, 0x0000, 0x0000, 0x0000, 0x0000, 0x0000, 0x0000, 0x0000, 0x0000, 0x0000, 
0x0000, 0x0000, 0x0000, 0x0000, 0x18c0, 0x5a82, 0xb4e4, 0xf6a6, 0xff26, 0xff06, 0xfee6, 0xfee6, 0xfee6, 0xfee6, 0xfee6, 0xfee6, 
0xfee6, 0xfee6, 0xfee6, 0xf542, 0xec60, 0xec60, 0xec60, 0xf4a0, 0xec80, 0x0000, 0x0000, 0x0000, 0x0000, 0x0000, 0x0000, 0x0000, 
0x0000, 0x0000, 0x0000, 0x0000, 0x0000, 0x0000, 0x0000, 0xec80, 0xf480, 0xec60, 0xec60, 0xec60, 0xf501, 0xfee6, 0xfee6, 0xfee6, 
0xfee6, 0xfee6, 0xfee6, 0xfee6, 0xfee6, 0xfee6, 0xfee6, 0xfee6, 0xfee6, 0xff06, 0xff06, 0xee85, 0xc544, 0x8bc3, 0x5a82, 0x3981, 
0x18c0, 0x0840, 0x0020, 0x0000, 0x0000, 0x0000, 0x0000, 0x0000, 0x0000, 0x0020, 0x0840, 0x18a0, 0x2921, 0x41c1, 0x6ac2, 0x93e3, 
0xc524, 0xe625, 0xfee6, 0xff26, 0xff06, 0xfee6, 0xfee6, 0xfee6, 0xfee6, 0xfee6, 0xfee6, 0xfee6, 0xfee6, 0xfee6, 0xfee6, 0xfee6, 
0xfee6, 0xfee6, 0xfee6, 0xfee6, 0xfee6, 0xfee6, 0xfee6, 0xfee6, 0xfee6, 0xfee6, 0xfee6, 0xfee6, 0xfee6, 0xfee6, 0xfee6, 0xfee6, 
0xfee6, 0xfee6, 0xfee6, 0xfee6, 0xfee6, 0xfee6, 0xfee6, 0xfee6, 0xfee6, 0xfee6, 0xfee6, 0xfee6, 0xfee6, 0xfee6, 0xfee6, 0xfee6, 
0xfee6, 0xfee6, 0xfee6, 0xfee6, 0xfee6, 0xfee6, 0xfee6, 0xfee6, 0xfee6, 0xfee6, 0xfee6, 0xff06, 0xff26, 0xfee6, 0xee45, 0xc524, 
0x93e3, 0x6ac2, 0x41c1, 0x2921, 0x18a0, 0x0840, 0x0020, 0x0000, 0x0000, 0x0000, 0x0000, 0x0000, 0x0000, 0x0020, 0x0840, 0x20c0, 
0x3981, 0x5a82, 0x8bc3, 0xc524, 0xee65, 0xff06, 0xff06, 0xfee6, 0xfee6, 0xfee6, 0xfee6, 0xfee6, 0xfee6, 0xfee6, 0xfee6, 0xfee6, 
0xfee6, 0xfee6, 0xfee6, 0xece1, 0xec60, 0xec60, 0xec60, 0xec80, 0xec60, 0x0000, 0x0000, 0x0000, 0x0000, 0x0000, 0x0000, 0x0000, 
0x0000, 0x0000, 0x0000, 0x0000, 0x0000, 0x0000, 0x0000, 0xec80, 0xec60, 0xec80, 0xec60, 0xec60, 0xecc0, 0xfea5, 0xfee6, 0xfec6, 
0xfec6, 0xfec6, 0xfec6, 0xfec6, 0xfec6, 0xfec6, 0xfec6, 0xfec6, 0xfec6, 0xfec6, 0xfec6, 0xfee6, 0xff06, 0xff26, 0xff06, 0xfec6, 
0xee65, 0xe605, 0xd5a5, 0xc544, 0xbd24, 0xbce4, 0xbd04, 0xbd04, 0xc544, 0xd5a5, 0xde05, 0xee45, 0xf6a6, 0xfee6, 0xff06, 0xff26, 
0xff06, 0xfee6, 0xfee6, 0xfec6, 0xfec6, 0xfec6, 0xfec6, 0xfec6, 0xfec6, 0xfec6, 0xfec6, 0xfec6, 0xfec6, 0xfec6, 0xfec6, 0xfec6, 
0xfec6, 0xfec6, 0xfec6, 0xfec6, 0xfec6, 0xfec6, 0xfec6, 0xfec6, 0xfec6, 0xfec6, 0xfec6, 0xfec6, 0xfec6, 0xfec6, 0xfec6, 0xfec6, 
0xfec6, 0xfec6, 0xfec6, 0xfec6, 0xfec6, 0xfec6, 0xfec6, 0xfec6, 0xfec6, 0xfec6, 0xfec6, 0xfec6, 0xfec6, 0xfec6, 0xfec6, 0xfec6, 
0xfec6, 0xfec6, 0xfec6, 0xfec6, 0xfec6, 0xfec6, 0xfec6, 0xfec6, 0xfec6, 0xfec6, 0xfec6, 0xfec6, 0xfec6, 0xfee6, 0xfee6, 0xff06, 
0xff26, 0xff06, 0xfee6, 0xf6a6, 0xee45, 0xde05, 0xd5a5, 0xc544, 0xbd04, 0xbd04, 0xbce4, 0xbd24, 0xc544, 0xd5a5, 0xe605, 0xee65, 
0xfec6, 0xff06, 0xff26, 0xff06, 0xfee6, 0xfec6, 0xfec6, 0xfec6, 0xfec6, 0xfec6, 0xfec6, 0xfec6, 0xfec6, 0xfec6, 0xfec6, 0xfec6, 
0xfec6, 0xfee6, 0xfea5, 0xeca0, 0xec60, 0xec60, 0xec80, 0xec60, 0xf460, 0x0000, 0x0000, 0x0000, 0x0000, 0x0000, 0x0000, 0x0000, 
0x0000, 0x0000, 0x0000, 0x0000, 0x0000, 0x0000, 0x0000, 0xec60, 0xec60, 0xec80, 0xec60, 0xec60, 0xec80, 0xfe64, 0xfee6, 0xfec6, 
0xfec6, 0xfec6, 0xfec6, 0xfec6, 0xfec6, 0xfec6, 0xfec6, 0xfec6, 0xfec6, 0xfec6, 0xfec6, 0xfec6, 0xfec6, 0xfec6, 0xfec6, 0xfec6, 
0xfee6, 0xfee6, 0xfee6, 0xff06, 0xff06, 0xff06, 0xff06, 0xff06, 0xff06, 0xfee6, 0xfee6, 0xfee6, 0xfee6, 0xfec6, 0xfec6, 0xfec6, 
0xfec6, 0xfec6, 0xfec6, 0xfec6, 0xfec6, 0xfec6, 0xfec6, 0xfec6, 0xfec6, 0xfec6, 0xfec6, 0xfec6, 0xfec6, 0xfec6, 0xfec6, 0xfec6, 
0xfec6, 0xfec6, 0xfec6, 0xfec6, 0xfec6, 0xfec6, 0xfec6, 0xfec6, 0xfec6, 0xfec6, 0xfec6, 0xfec6, 0xfec6, 0xfec6, 0xfec6, 0xfec6, 
0xfec6, 0xfec6, 0xfec6, 0xfec6, 0xfec6, 0xfec6, 0xfec6, 0xfec6, 0xfec6, 0xfec6, 0xfec6, 0xfec6, 0xfec6, 0xfec6, 0xfec6, 0xfec6, 
0xfec6, 0xfec6, 0xfec6, 0xfec6, 0xfec6, 0xfec6, 0xfec6, 0xfec6, 0xfec6, 0xfec6, 0xfec6, 0xfec6, 0xfec6, 0xfec6, 0xfec6, 0xfec6, 
0xfec6, 0xfec6, 0xfec6, 0xfee6, 0xfee6, 0xfee6, 0xfee6, 0xff06, 0xff06, 0xff06, 0xff06, 0xff06, 0xff06, 0xfee6, 0xfee6, 0xfee6, 
0xfec6, 0xfec6, 0xfec6, 0xfec6, 0xfec6, 0xfec6, 0xfec6, 0xfec6, 0xfec6, 0xfec6, 0xfec6, 0xfec6, 0xfec6, 0xfec6, 0xfec6, 0xfec6, 
0xfec6, 0xfee6, 0xfe44, 0xec60, 0xec60, 0xec60, 0xf480, 0xec60, 0xe460, 0x0000, 0x0000, 0x0000, 0x0000, 0x0000, 0x0000, 0x0000, 
0x0000, 0x0000, 0x0000, 0x0000, 0x0000, 0x0000, 0x0000, 0x0000, 0xec60, 0xf480, 0xec60, 0xec60, 0xec60, 0xf5e3, 0xfee6, 0xfec6, 
0xfec6, 0xfec6, 0xfec6, 0xfec6, 0xfec6, 0xfec6, 0xfec6, 0xfec6, 0xfec6, 0xfec6, 0xfec6, 0xfec6, 0xfec6, 0xfec6, 0xfec6, 0xfec6, 
0xfec6, 0xfec6, 0xfec6, 0xfec6, 0xfec6, 0xfec6, 0xfec6, 0xfec6, 0xfec6, 0xfec6, 0xfec6, 0xfec6, 0xfec6, 0xfec6, 0xfec6, 0xfec6, 
0xfec6, 0xfec6, 0xfec6, 0xfec6, 0xfec6, 0xfec6, 0xfec6, 0xfec6, 0xfec6, 0xfec6, 0xfec6, 0xfec6, 0xfec6, 0xfec6, 0xfec6, 0xfec6, 
0xfec6, 0xfec6, 0xfec6, 0xfec6, 0xfec6, 0xfec6, 0xfec6, 0xfec6, 0xfec6, 0xfec6, 0xfec6, 0xfec6, 0xfec6, 0xfec6, 0xfec6, 0xfec6, 
0xfec6, 0xfec6, 0xfec6, 0xfec6, 0xfec6, 0xfec6, 0xfec6, 0xfec6, 0xfec6, 0xfec6, 0xfec6, 0xfec6, 0xfec6, 0xfec6, 0xfec6, 0xfec6, 
0xfec6, 0xfec6, 0xfec6, 0xfec6, 0xfec6, 0xfec6, 0xfec6, 0xfec6, 0xfec6, 0xfec6, 0xfec6, 0xfec6, 0xfec6, 0xfec6, 0xfec6, 0xfec6, 
0xfec6, 0xfec6, 0xfec6, 0xfec6, 0xfec6, 0xfec6, 0xfec6, 0xfec6, 0xfec6, 0xfec6, 0xfec6, 0xfec6, 0xfec6, 0xfec6, 0xfec6, 0xfec6, 
0xfec6, 0xfec6, 0xfec6, 0xfec6, 0xfec6, 0xfec6, 0xfec6, 0xfec6, 0xfec6, 0xfec6, 0xfec6, 0xfec6, 0xfec6, 0xfec6, 0xfec6, 0xfec6, 
0xfec6, 0xfee6, 0xf5c3, 0xec60, 0xec60, 0xec60, 0xf4a0, 0xec80, 0x0000, 0x0000, 0x0000, 0x0000, 0x0000, 0x0000, 0x0000, 0x0000, 
0x0000, 0x0000, 0x0000, 0x0000, 0x0000, 0x0000, 0x0000, 0x0000, 0xec60, 0xf4a0, 0xec60, 0xec60, 0xec60, 0xf562, 0xfec6, 0xfec6, 
0xfec6, 0xfec6, 0xfec6, 0xfec6, 0xfec6, 0xfec6, 0xfec6, 0xfec6, 0xfec6, 0xfec6, 0xfec6, 0xfec6, 0xfec6, 0xfec6, 0xfec6, 0xfec6, 
0xfec6, 0xfec6, 0xfec6, 0xfec6, 0xfec6, 0xfec6, 0xfec6, 0xfec6, 0xfec6, 0xfec6, 0xfec6, 0xfec6, 0xfec6, 0xfec6, 0xfec6, 0xfec6, 
0xfec6, 0xfec6, 0xfec6, 0xfec6, 0xfee6, 0xfec6, 0xf665, 0xfea6, 0xfee6, 0xfee6, 0xfec6, 0xfec6, 0xfec6, 0xfec6, 0xfec6, 0xfec6, 
0xfec6, 0xfec6, 0xfec6, 0xfec6, 0xfec6, 0xfec6, 0xfec6, 0xfec6, 0xfec6, 0xfec6, 0xfec6, 0xfec6, 0xfec6, 0xfec6, 0xfec6, 0xfec6, 
0xfec6, 0xfec6, 0xfec6, 0xfec6, 0xfec6, 0xfec6, 0xfec6, 0xfec6, 0xfec6, 0xfec6, 0xfec6, 0xfec6, 0xfec6, 0xfec6, 0xfec6, 0xfec6, 
0xfec6, 0xfec6, 0xfec6, 0xfec6, 0xfec6, 0xfec6, 0xfee6, 0xfee6, 0xfea6, 0xf665, 0xfec6, 0xfee6, 0xfec6, 0xfec6, 0xfec6, 0xfec6, 
0xfec6, 0xfec6, 0xfec6, 0xfec6, 0xfec6, 0xfec6, 0xfec6, 0xfec6, 0xfec6, 0xfec6, 0xfec6, 0xfec6, 0xfec6, 0xfec6, 0xfec6, 0xfec6, 
0xfec6, 0xfec6, 0xfec6, 0xfec6, 0xfec6, 0xfec6, 0xfec6, 0xfec6, 0xfec6, 0xfec6, 0xfec6, 0xfec6, 0xfec6, 0xfec6, 0xfec6, 0xfec6, 
0xfec6, 0xfec6, 0xf542, 0xec60, 0xec60, 0xec60, 0xf4a0, 0xec60, 0x0000, 0x0000, 0x0000, 0x0000, 0x0000, 0x0000, 0x0000, 0x0000, 
0x0000, 0x0000, 0x0000, 0x0000, 0x0000, 0x0000, 0x0000, 0x0000, 0xec80, 0xf480, 0xec60, 0xec60, 0xec60, 0xece1, 0xfea5, 0xfea6, 
0xfea6, 0xfea6, 0xfea6, 0xfea6, 0xfea6, 0xfea6, 0xfea6, 0xfea6, 0xfea6, 0xfea6, 0xfea6, 0xfea6, 0xfea6, 0xfea6, 0xfea6, 0xfea6, 
0xfea6, 0xfea6, 0xfea6, 0xfea6, 0xfea6, 0xfea6, 0xfea6, 0xfea6, 0xfea6, 0xfea6, 0xfea6, 0xfea6, 0xfea6, 0xfea6, 0xfea6, 0xfea6, 
0xfea6, 0xfea6, 0xfea6, 0xfec6, 0xc545, 0x5a84, 0x39c4, 0x4a24, 0x7b65, 0xbd05, 0xe625, 0xfec6, 0xfee6, 0xfee6, 0xfec6, 0xfec6, 
0xfea6, 0xfea6, 0xfea6, 0xfea6, 0xfea6, 0xfea6, 0xfea6, 0xfea6, 0xfea6, 0xfea6, 0xfea6, 0xfea6, 0xfea6, 0xfea6, 0xfea6, 0xfea6, 
0xfea6, 0xfea6, 0xfea6, 0xfea6, 0xfea6, 0xfea6, 0xfea6, 0xfea6, 0xfea6, 0xfea6, 0xfea6, 0xfea6, 0xfea6, 0xfea6, 0xfea6, 0xfea6, 
0xfec6, 0xfec6, 0xfee6, 0xfee6, 0xfec6, 0xee45, 0xbd05, 0x8385, 0x4a24, 0x39c4, 0x5a84, 0xc545, 0xfec6, 0xfea6, 0xfea6, 0xfea6, 
0xfea6, 0xfea6, 0xfea6, 0xfea6, 0xfea6, 0xfea6, 0xfea6, 0xfea6, 0xfea6, 0xfea6, 0xfea6, 0xfea6, 0xfea6, 0xfea6, 0xfea6, 0xfea6, 
0xfea6, 0xfea6, 0xfea6, 0xfea6, 0xfea6, 0xfea6, 0xfea6, 0xfea6, 0xfea6, 0xfea6, 0xfea6, 0xfea6, 0xfea6, 0xfea6, 0xfea6, 0xfea6, 
0xfec6, 0xfe85, 0xecc0, 0xec60, 0xec60, 0xec60, 0xec80, 0xec60, 0x0000, 0x0000, 0x0000, 0x0000, 0x0000, 0x0000, 0x0000, 0x0000, 
0x0000, 0x0000, 0x0000, 0x0000, 0x0000, 0x0000, 0x0000, 0x0000, 0xf480, 0xec60, 0xec80, 0xec60, 0xec60, 0xec80, 0xfe45, 0xfea6, 
0xfea6, 0xfea6, 0xfea6, 0xfea6, 0xfea6, 0xfea6, 0xfea6, 0xfea6, 0xfea6, 0xfea6, 0xfea6, 0xfea6, 0xfea6, 0xfea6, 0xfea6, 0xfea6, 
0xfea6, 0xfea6, 0xfea6, 0xfea6, 0xfea6, 0xfea6, 0xfea6, 0xfea6, 0xfea6, 0xfea6, 0xfea6, 0xfea6, 0xfea6, 0xfea6, 0xfea6, 0xfea6, 
0xfea6, 0xfea6, 0xfec6, 0xcd85, 0x2944, 0x18e4, 0x2104, 0x1904, 0x18e4, 0x1904, 0x3184, 0x5aa4, 0x93e5, 0xc525, 0xe605, 0xf686, 
0xfec6, 0xfee6, 0xfee6, 0xfec6, 0xfec6, 0xfea6, 0xfea6, 0xfea6, 0xfea6, 0xfea6, 0xfea6, 0xfea6, 0xfea6, 0xfea6, 0xfea6, 0xfea6, 
0xfea6, 0xfea6, 0xfea6, 0xfea6, 0xfea6, 0xfea6, 0xfea6, 0xfea6, 0xfea6, 0xfea6, 0xfea6, 0xfec6, 0xfec6, 0xfee6, 0xfee6, 0xfee6, 
0xfea6, 0xe605, 0xc525, 0x93e5, 0x62a4, 0x39a4, 0x2104, 0x18e4, 0x1904, 0x2104, 0x18e4, 0x2944, 0xcd65, 0xfec6, 0xfea6, 0xfea6, 
0xfea6, 0xfea6, 0xfea6, 0xfea6, 0xfea6, 0xfea6, 0xfea6, 0xfea6, 0xfea6, 0xfea6, 0xfea6, 0xfea6, 0xfea6, 0xfea6, 0xfea6, 0xfea6, 
0xfea6, 0xfea6, 0xfea6, 0xfea6, 0xfea6, 0xfea6, 0xfea6, 0xfea6, 0xfea6, 0xfea6, 0xfea6, 0xfea6, 0xfea6, 0xfea6, 0xfea6, 0xfea6, 
0xfea6, 0xfe24, 0xec60, 0xec60, 0xec60, 0xec80, 0xec60, 0xf460, 0x0000, 0x0000, 0x0000, 0x0000, 0x0000, 0x0000, 0x0000, 0x0000, 
0x0000, 0x0000, 0x0000, 0x0000, 0x0000, 0x0000, 0x0000, 0x0000, 0xfd40, 0xec60, 0xf480, 0xec60, 0xec60, 0xec60, 0xf5c3, 0xfea6, 
0xfea5, 0xfea5, 0xfea5, 0xfea5, 0xfea5, 0xfea5, 0xfea5, 0xfea5, 0xfea5, 0xfea5, 0xfea5, 0xfea5, 0xfea5, 0xfea5, 0xfea5, 0xfea5, 
0xfea5, 0xfea5, 0xfea5, 0xfea5, 0xfea5, 0xfea5, 0xfea5, 0xfea5, 0xfea5, 0xfea5, 0xfea5, 0xfea5, 0xfea5, 0xfea5, 0xfea5, 0xfea5, 
0xfea5, 0xfea5, 0xfec5, 0x7305, 0x18e4, 0x2124, 0x2124, 0x2124, 0x2124, 0x2124, 0x2104, 0x18e4, 0x18e4, 0x2104, 0x3164, 0x4a04, 
0x7305, 0x9405, 0xb4e5, 0xd5a5, 0xee25, 0xf665, 0xfea5, 0xfec6, 0xfec6, 0xfec6, 0xfee6, 0xfec6, 0xfec6, 0xfec6, 0xfec6, 0xfec6, 
0xfec6, 0xfec6, 0xfec6, 0xfec6, 0xfec6, 0xfee6, 0xfec6, 0xfec6, 0xfec6, 0xfea5, 0xf665, 0xee25, 0xd5a5, 0xbce5, 0x9c05, 0x7325, 
0x5244, 0x3184, 0x2104, 0x18e4, 0x18e4, 0x2104, 0x2124, 0x2124, 0x2124, 0x2124, 0x2124, 0x18e4, 0x7305, 0xfec5, 0xfea5, 0xfea5, 
0xfea5, 0xfea5, 0xfea5, 0xfea5, 0xfea5, 0xfea5, 0xfea5, 0xfea5, 0xfea5, 0xfea5, 0xfea5, 0xfea5, 0xfea5, 0xfea5, 0xfea5, 0xfea5, 
0xfea5, 0xfea5, 0xfea5, 0xfea5, 0xfea5, 0xfea5, 0xfea5, 0xfea5, 0xfea5, 0xfea5, 0xfea5, 0xfea5, 0xfea5, 0xfea5, 0xfea5, 0xfea5, 
0xfea6, 0xf583, 0xec60, 0xec60, 0xec60, 0xf4a0, 0xec80, 0x0000, 0x0000, 0x0000, 0x0000, 0x0000, 0x0000, 0x0000, 0x0000, 0x0000, 
0x0000, 0x0000, 0x0000, 0x0000, 0x0000, 0x0000, 0x0000, 0x0000, 0x0000, 0xec60, 0xf4a0, 0xec60, 0xec60, 0xec60, 0xf521, 0xfea6, 
0xfea5, 0xfea5, 0xfea5, 0xfea5, 0xfea5, 0xfea5, 0xfea5, 0xfea5, 0xfea5, 0xfea5, 0xfea5, 0xfea5, 0xfea5, 0xfea5, 0xfea5, 0xfea5, 
0xfea5, 0xfea5, 0xfea5, 0xfea5, 0xfea5, 0xfea5, 0xfea5, 0xfea5, 0xfea5, 0xfea5, 0xfea5, 0xfea5, 0xfea5, 0xfea5, 0xfea5, 0xfea5, 
0xfea5, 0xfea5, 0xfe85, 0x4a24, 0x18e4, 0x2124, 0x2124, 0x2124, 0x2124, 0x2124, 0x2124, 0x2124, 0x2124, 0x2124, 0x2104, 0x1904, 
0x18e4, 0x18e4, 0x1904, 0x2924, 0x3184, 0x4204, 0x5a64, 0x6ae4, 0x7b65, 0x93e5, 0x9c45, 0xac85, 0xb4c5, 0xbce5, 0xbd05, 0xc505, 
0xc525, 0xbd05, 0xbce5, 0xb4c5, 0xac85, 0xa445, 0x93e5, 0x8365, 0x6ae5, 0x5a84, 0x4204, 0x3184, 0x2944, 0x1904, 0x18e4, 0x18e4, 
0x18e4, 0x2104, 0x2124, 0x2124, 0x2124, 0x2124, 0x2124, 0x2124, 0x2124, 0x2124, 0x2124, 0x1904, 0x4a24, 0xfe85, 0xfea5, 0xfea5, 
0xfea5, 0xfea5, 0xfea5, 0xfea5, 0xfea5, 0xfea5, 0xfea5, 0xfea5, 0xfea5, 0xfea5, 0xfea5, 0xfea5, 0xfea5, 0xfea5, 0xfea5, 0xfea5, 
0xfea5, 0xfea5, 0xfea5, 0xfea5, 0xfea5, 0xfea5, 0xfea5, 0xfea5, 0xfea5, 0xfea5, 0xfea5, 0xfea5, 0xfea5, 0xfea5, 0xfea5, 0xfea5, 
0xfea5, 0xece1, 0xec60, 0xec60, 0xec60, 0xf4a0, 0xec80, 0x0000, 0x0000, 0x0000, 0x0000, 0x0000, 0x0000, 0x0000, 0x0000, 0x0000, 
0x0000, 0x0000, 0x0000, 0x0000, 0x0000, 0x0000, 0x0000, 0x0000, 0x0000, 0xec60, 0xec80, 0xec60, 0xec60, 0xec60, 0xeca0, 0xfe65, 
0xfe86, 0xfe85, 0xfe85, 0xfe85, 0xfe85, 0xfe85, 0xfe85, 0xfe85, 0xfe85, 0xfe85, 0xfe85, 0xfe85, 0xfe85, 0xfe85, 0xfe85, 0xfe85, 
0xfe85, 0xfe85, 0xfe85, 0xfe85, 0xfe85, 0xfe85, 0xfe85, 0xfe85, 0xfe85, 0xfe85, 0xfe85, 0xfe85, 0xfe85, 0xfe85, 0xfe85, 0xfe85, 
0xfe85, 0xfe85, 0xfea5, 0x5a64, 0x18e4, 0x2124, 0x2124, 0x2124, 0x2124, 0x2124, 0x2124, 0x2124, 0x2124, 0x2124, 0x2124, 0x2124, 
0x2124, 0x2124, 0x2124, 0x2104, 0x2104, 0x1904, 0x18e4, 0x18e4, 0x18e4, 0x18e4, 0x18e4, 0x18e4, 0x1904, 0x2104, 0x2104, 0x2104, 
0x2104, 0x2104, 0x2104, 0x1904, 0x18e4, 0x18e4, 0x18e4, 0x18e4, 0x18e4, 0x18e4, 0x1904, 0x2104, 0x2104, 0x2124, 0x2124, 0x2124, 
0x2124, 0x2124, 0x2124, 0x2124, 0x2124, 0x2124, 0x2124, 0x2124, 0x2124, 0x2124, 0x2124, 0x18e4, 0x5264, 0xfe85, 0xfe85, 0xfe85, 
0xfe85, 0xfe85, 0xfe85, 0xfe85, 0xfe85, 0xfe85, 0xfe85, 0xfe85, 0xfe85, 0xfe85, 0xfe85, 0xfe85, 0xfe85, 0xfe85, 0xfe85, 0xfe85, 
0xfe85, 0xfe85, 0xfe85, 0xfe85, 0xfe85, 0xfe85, 0xfe85, 0xfe85, 0xfe85, 0xfe85, 0xfe85, 0xfe85, 0xfe85, 0xfe85, 0xfe85, 0xfea6, 
0xfe45, 0xec80, 0xec60, 0xec60, 0xec80, 0xec60, 0xec80, 0x0000, 0x0000, 0x0000, 0x0000, 0x0000, 0x0000, 0x0000, 0x0000, 0x0000, 
0x0000, 0x0000, 0x0000, 0x0000, 0x0000, 0x0000, 0x0000, 0x0000, 0x0000, 0xec80, 0xec60, 0xec80, 0xec60, 0xec60, 0xec60, 0xf5c3, 
0xfe86, 0xfe85, 0xfe85, 0xfe85, 0xfe85, 0xfe85, 0xfe85, 0xfe85, 0xfe85, 0xfe85, 0xfe85, 0xfe85, 0xfe85, 0xfe85, 0xfe85, 0xfe85, 
0xfe85, 0xfe85, 0xfe85, 0xfe85, 0xfe85, 0xfe85, 0xfe85, 0xfe85, 0xfe85, 0xfe85, 0xfe85, 0xfe85, 0xfe85, 0xfe85, 0xfe85, 0xfe85, 
0xfe85, 0xfe85, 0xfea5, 0x8ba5, 0x18e4, 0x2124, 0x2124, 0x2124, 0x2124, 0x2124, 0x2124, 0x2124, 0x2124, 0x2124, 0x2124, 0x2124, 
0x2124, 0x2124, 0x2124, 0x2124, 0x2124, 0x2124, 0x2124, 0x2124, 0x2124, 0x2124, 0x2124, 0x2124, 0x2124, 0x2124, 0x2104, 0x2104, 
0x2104, 0x2104, 0x2124, 0x2124, 0x2124, 0x2124, 0x2124, 0x2124, 0x2124, 0x2124, 0x2124, 0x2124, 0x2124, 0x2124, 0x2124, 0x2124, 
0x2124, 0x2124, 0x2124, 0x2124, 0x2124, 0x2124, 0x2124, 0x2124, 0x2124, 0x2124, 0x2124, 0x18e4, 0x8ba5, 0xfea5, 0xfe85, 0xfe85, 
0xfe85, 0xfe85, 0xfe85, 0xfe85, 0xfe85, 0xfe85, 0xfe85, 0xfe85, 0xfe85, 0xfe85, 0xfe85, 0xfe85, 0xfe85, 0xfe85, 0xfe85, 0xfe85, 
0xfe85, 0xfe85, 0xfe85, 0xfe85, 0xfe85, 0xfe85, 0xfe85, 0xfe85, 0xfe85, 0xfe85, 0xfe85, 0xfe85, 0xfe85, 0xfe85, 0xfe85, 0xfe86, 
0xf583, 0xec60, 0xec60, 0xec60, 0xf480, 0xec60, 0xfcc0, 0x0000, 0x0000, 0x0000, 0x0000, 0x0000, 0x0000, 0x0000, 0x0000, 0x0000, 
0x0000, 0x0000, 0x0000, 0x0000, 0x0000, 0x0000, 0x0000, 0x0000, 0x0000, 0x0000, 0xec60, 0xf4a0, 0xec60, 0xec60, 0xec60, 0xf501, 
0xfe85, 0xfe65, 0xfe65, 0xfe65, 0xfe65, 0xfe65, 0xfe65, 0xfe65, 0xfe65, 0xfe65, 0xfe65, 0xfe65, 0xfe65, 0xfe65, 0xfe65, 0xfe65, 
0xfe65, 0xfe65, 0xfe65, 0xfe65, 0xfe65, 0xfe65, 0xfe65, 0xfe65, 0xfe65, 0xfe65, 0xfe65, 0xfe65, 0xfe65, 0xfe65, 0xfe65, 0xfe65, 
0xfe65, 0xfe65, 0xfe85, 0xdda5, 0x2964, 0x2104, 0x2124, 0x2124, 0x2124, 0x2124, 0x2124, 0x2124, 0x2124, 0x2124, 0x2124, 0x2124, 
0x2124, 0x2124, 0x2124, 0x2124, 0x2124, 0x2124, 0x2124, 0x2124, 0x2124, 0x2124, 0x2124, 0x2124, 0x2124, 0x2124, 0x2124, 0x2124, 
0x2124, 0x2124, 0x2124, 0x2124, 0x2124, 0x2124, 0x2124, 0x2124, 0x2124, 0x2124, 0x2124, 0x2124, 0x2124, 0x2124, 0x2124, 0x2124, 
0x2124, 0x2124, 0x2124, 0x2124, 0x2124, 0x2124, 0x2124, 0x2124, 0x2124, 0x2124, 0x2104, 0x2964, 0xdda5, 0xfe85, 0xfe65, 0xfe65, 
0xfe65, 0xfe65, 0xfe65, 0xfe65, 0xfe65, 0xfe65, 0xfe65, 0xfe65, 0xfe65, 0xfe65, 0xfe65, 0xfe65, 0xfe65, 0xfe65, 0xfe65, 0xfe65, 
0xfe65, 0xfe65, 0xfe65, 0xfe65, 0xfe65, 0xfe65, 0xfe65, 0xfe65, 0xfe65, 0xfe65, 0xfe65, 0xfe65, 0xfe65, 0xfe65, 0xfe65, 0xfe65, 
0xece1, 0xec60, 0xec60, 0xec60, 0xf4a0, 0xec60, 0x0000, 0x0000, 0x0000, 0x0000, 0x0000, 0x0000, 0x0000, 0x0000, 0x0000, 0x0000, 
0x0000, 0x0000, 0x0000, 0x0000, 0x0000, 0x0000, 0x0000, 0x0000, 0x0000, 0x0000, 0xec60, 0xec80, 0xec60, 0xec60, 0xec60, 0xec80, 
0xfe25, 0xfe65, 0xfe65, 0xfe65, 0xfe65, 0xfe65, 0xfe65, 0xfe65, 0xfe65, 0xfe65, 0xfe65, 0xfe65, 0xfe65, 0xfe65, 0xfe65, 0xfe65, 
0xfe65, 0xfe65, 0xfe65, 0xfe65, 0xfe65, 0xfe65, 0xfe65, 0xfe65, 0xfe65, 0xfe65, 0xfe65, 0xfe65, 0xfe65, 0xfe65, 0xfe65, 0xfe65, 
0xfe65, 0xfe65, 0xfe65, 0xfe85, 0x9c05, 0x18e4, 0x2104, 0x2124, 0x2124, 0x2124, 0x2124, 0x2124, 0x2124, 0x2124, 0x2124, 0x2124, 
0x2124, 0x2124, 0x2124, 0x2124, 0x2124, 0x2124, 0x2124, 0x2124, 0x2124, 0x2124, 0x2124, 0x2124, 0x2124, 0x2124, 0x2124, 0x2124, 
0x2124, 0x2124, 0x2124, 0x2124, 0x2124, 0x2124, 0x2124, 0x2124, 0x2124, 0x2124, 0x2124, 0x2124, 0x2124, 0x2124, 0x2124, 0x2124, 
0x2124, 0x2124, 0x2124, 0x2124, 0x2124, 0x2124, 0x2124, 0x2124, 0x2124, 0x2124, 0x18e4, 0x9be5, 0xfe85, 0xfe65, 0xfe65, 0xfe65, 
0xfe65, 0xfe65, 0xfe65, 0xfe65, 0xfe65, 0xfe65, 0xfe65, 0xfe65, 0xfe65, 0xfe65, 0xfe65, 0xfe65, 0xfe65, 0xfe65, 0xfe65, 0xfe65, 
0xfe65, 0xfe65, 0xfe65, 0xfe65, 0xfe65, 0xfe65, 0xfe65, 0xfe65, 0xfe65, 0xfe65, 0xfe65, 0xfe65, 0xfe65, 0xfe65, 0xfe65, 0xfde4, 
0xec80, 0xec60, 0xec60, 0xec80, 0xec80, 0xec60, 0x0000, 0x0000, 0x0000, 0x0000, 0x0000, 0x0000, 0x0000, 0x0000, 0x0000, 0x0000, 
0x0000, 0x0000, 0x0000, 0x0000, 0x0000, 0x0000, 0x0000, 0x0000, 0x0000, 0x0000, 0xeca0, 0xec60, 0xf480, 0xec60, 0xec60, 0xec60, 
0xf563, 0xfe65, 0xfe45, 0xfe45, 0xfe45, 0xfe45, 0xfe45, 0xfe45, 0xfe45, 0xfe45, 0xfe45, 0xfe45, 0xfe45, 0xfe45, 0xfe45, 0xfe45, 
0xfe45, 0xfe45, 0xfe45, 0xfe45, 0xfe45, 0xfe45, 0xfe45, 0xfe45, 0xfe45, 0xfe45, 0xfe45, 0xfe45, 0xfe45, 0xfe45, 0xfe45, 0xfe45, 
0xfe45, 0xfe45, 0xfe45, 0xfe65, 0xfe45, 0x7305, 0x18e4, 0x2124, 0x2124, 0x2124, 0x2124, 0x2124, 0x2124, 0x2124, 0x2124, 0x2124, 
0x2124, 0x2124, 0x2124, 0x2124, 0x2124, 0x2124, 0x2124, 0x2124, 0x2124, 0x2124, 0x2124, 0x2124, 0x2124, 0x2124, 0x2124, 0x2124, 
0x2124, 0x2124, 0x2124, 0x2124, 0x2124, 0x2124, 0x2124, 0x2124, 0x2124, 0x2124, 0x2124, 0x2124, 0x2124, 0x2124, 0x2124, 0x2124, 
0x2124, 0x2124, 0x2124, 0x2124, 0x2124, 0x2124, 0x2124, 0x2124, 0x2124, 0x18e4, 0x7305, 0xfe45, 0xfe65, 0xfe45, 0xfe45, 0xfe45, 
0xfe45, 0xfe45, 0xfe45, 0xfe45, 0xfe45, 0xfe45, 0xfe45, 0xfe45, 0xfe45, 0xfe45, 0xfe45, 0xfe45, 0xfe45, 0xfe45, 0xfe45, 0xfe45, 
0xfe45, 0xfe45, 0xfe45, 0xfe45, 0xfe45, 0xfe45, 0xfe45, 0xfe45, 0xfe45, 0xfe45, 0xfe45, 0xfe45, 0xfe45, 0xfe45, 0xfe65, 0xf542, 
0xec60, 0xec60, 0xec60, 0xf480, 0xec60, 0xfd40, 0x0000, 0x0000, 0x0000, 0x0000, 0x0000, 0x0000, 0x0000, 0x0000, 0x0000, 0x0000, 
0x0000, 0x0000, 0x0000, 0x0000, 0x0000, 0x0000, 0x0000, 0x0000, 0x0000, 0x0000, 0x0000, 0xec60, 0xf4a0, 0xec60, 0xec60, 0xec60, 
0xecc1, 0xfe25, 0xfe45, 0xfe45, 0xfe45, 0xfe45, 0xfe45, 0xfe45, 0xfe45, 0xfe45, 0xfe45, 0xfe45, 0xfe45, 0xfe45, 0xfe45, 0xfe45, 
0xfe45, 0xfe45, 0xfe45, 0xfe45, 0xfe45, 0xfe45, 0xfe45, 0xfe45, 0xfe45, 0xfe45, 0xfe45, 0xfe45, 0xfe45, 0xfe45, 0xfe45, 0xfe45, 
0xfe45, 0xfe45, 0xfe45, 0xfe45, 0xfe45, 0xf625, 0x6ac4, 0x18e4, 0x2124, 0x2124, 0x2124, 0x2124, 0x2124, 0x2124, 0x2124, 0x2124, 
0x2124, 0x2124, 0x2124, 0x2124, 0x2124, 0x2124, 0x2124, 0x2124, 0x2124, 0x2124, 0x2124, 0x2124, 0x2124, 0x2124, 0x2124, 0x2124, 
0x2124, 0x2124, 0x2124, 0x2124, 0x2124, 0x2124, 0x2124, 0x2124, 0x2124, 0x2124, 0x2124, 0x2124, 0x2124, 0x2124, 0x2124, 0x2124, 
0x2124, 0x2124, 0x2124, 0x2124, 0x2124, 0x2124, 0x2124, 0x2124, 0x18e4, 0x6ac4, 0xf625, 0xfe45, 0xfe45, 0xfe45, 0xfe45, 0xfe45, 
0xfe45, 0xfe45, 0xfe45, 0xfe45, 0xfe45, 0xfe45, 0xfe45, 0xfe45, 0xfe45, 0xfe45, 0xfe45, 0xfe45, 0xfe45, 0xfe45, 0xfe45, 0xfe45, 
0xfe45, 0xfe45, 0xfe45, 0xfe45, 0xfe45, 0xfe45, 0xfe45, 0xfe45, 0xfe45, 0xfe45, 0xfe45, 0xfe45, 0xfe45, 0xfe45, 0xfe25, 0xeca0, 
0xec60, 0xec60, 0xec60, 0xf4a0, 0xec60, 0x0000, 0x0000, 0x0000, 0x0000, 0x0000, 0x0000, 0x0000, 0x0000, 0x0000, 0x0000, 0x0000, 
0x0000, 0x0000, 0x0000, 0x0000, 0x0000, 0x0000, 0x0000, 0x0000, 0x0000, 0x0000, 0x0000, 0xec40, 0xec80, 0xec80, 0xec60, 0xec60, 
0xec60, 0xf5a3, 0xfe45, 0xfe25, 0xfe25, 0xfe25, 0xfe25, 0xfe25, 0xfe25, 0xfe25, 0xfe25, 0xfe25, 0xfe25, 0xfe25, 0xfe25, 0xfe25, 
0xfe25, 0xfe25, 0xfe25, 0xfe25, 0xfe25, 0xfe25, 0xfe25, 0xfe25, 0xfe25, 0xfe25, 0xfe25, 0xfe25, 0xfe25, 0xfe25, 0xfe25, 0xfe25, 
0xfe25, 0xfe25, 0xfe25, 0xfe25, 0xfe25, 0xfe45, 0xf605, 0x7304, 0x18e4, 0x2104, 0x2124, 0x2124, 0x2124, 0x2124, 0x2124, 0x2124, 
0x2124, 0x2124, 0x2124, 0x2124, 0x2124, 0x2124, 0x2124, 0x2124, 0x2124, 0x2124, 0x2124, 0x2124, 0x2124, 0x2124, 0x2124, 0x2124, 
0x2124, 0x2124, 0x2124, 0x2124, 0x2124, 0x2124, 0x2124, 0x2124, 0x2124, 0x2124, 0x2124, 0x2124, 0x2124, 0x2124, 0x2124, 0x2124, 
0x2124, 0x2124, 0x2124, 0x2124, 0x2124, 0x2124, 0x2104, 0x18e4, 0x7304, 0xf605, 0xfe45, 0xfe25, 0xfe25, 0xfe25, 0xfe25, 0xfe25, 
0xfe25, 0xfe25, 0xfe25, 0xfe25, 0xfe25, 0xfe25, 0xfe25, 0xfe25, 0xfe25, 0xfe25, 0xfe25, 0xfe25, 0xfe25, 0xfe25, 0xfe25, 0xfe25, 
0xfe25, 0xfe25, 0xfe25, 0xfe25, 0xfe25, 0xfe25, 0xfe25, 0xfe25, 0xfe25, 0xfe25, 0xfe25, 0xfe25, 0xfe25, 0xfe45, 0xf563, 0xec60, 
0xec60, 0xec60, 0xec80, 0xec60, 0xf480, 0x0000, 0x0000, 0x0000, 0x0000, 0x0000, 0x0000, 0x0000, 0x0000, 0x0000, 0x0000, 0x0000, 
0x0000, 0x0000, 0x0000, 0x0000, 0x0000, 0x0000, 0x0000, 0x0000, 0x0000, 0x0000, 0x0000, 0xf800, 0xec60, 0xf4a0, 0xec60, 0xec60, 
0xec60, 0xece1, 0xfe25, 0xfe25, 0xfe25, 0xfe25, 0xfe25, 0xfe25, 0xfe25, 0xfe25, 0xfe25, 0xfe25, 0xfe25, 0xfe25, 0xfe25, 0xfe25, 
0xfe25, 0xfe25, 0xfe25, 0xfe25, 0xfe25, 0xfe25, 0xfe25, 0xfe25, 0xfe25, 0xfe25, 0xfe25, 0xfe25, 0xfe25, 0xfe25, 0xfe25, 0xfe25, 
0xfe25, 0xfe25, 0xfe25, 0xfe25, 0xfe25, 0xfe25, 0xfe25, 0xfe25, 0x93c5, 0x2124, 0x1904, 0x2124, 0x2124, 0x2124, 0x2124, 0x2124, 
0x2124, 0x2124, 0x2124, 0x2124, 0x2124, 0x2124, 0x2124, 0x2124, 0x2124, 0x2124, 0x2124, 0x2124, 0x2124, 0x2124, 0x2124, 0x2124, 
0x2124, 0x2124, 0x2124, 0x2124, 0x2124, 0x2124, 0x2124, 0x2124, 0x2124, 0x2124, 0x2124, 0x2124, 0x2124, 0x2124, 0x2124, 0x2124, 
0x2124, 0x2124, 0x2124, 0x2124, 0x2124, 0x1904, 0x2124, 0x93a5, 0xfe25, 0xfe25, 0xfe25, 0xfe25, 0xfe25, 0xfe25, 0xfe25, 0xfe25, 
0xfe25, 0xfe25, 0xfe25, 0xfe25, 0xfe25, 0xfe25, 0xfe25, 0xfe25, 0xfe25, 0xfe25, 0xfe25, 0xfe25, 0xfe25, 0xfe25, 0xfe25, 0xfe25, 
0xfe25, 0xfe25, 0xfe25, 0xfe25, 0xfe25, 0xfe25, 0xfe25, 0xfe25, 0xfe25, 0xfe25, 0xfe25, 0xfe25, 0xfe25, 0xfe05, 0xeca0, 0xec60, 
0xec60, 0xec60, 0xf4a0, 0xec60, 0x0000, 0x0000, 0x0000, 0x0000, 0x0000, 0x0000, 0x0000, 0x0000, 0x0000, 0x0000, 0x0000, 0x0000, 
0x0000, 0x0000, 0x0000, 0x0000, 0x0000, 0x0000, 0x0000, 0x0000, 0x0000, 0x0000, 0x0000, 0x0000, 0xec80, 0xec80, 0xec60, 0xec60, 
0xec60, 0xec60, 0xf5a4, 0xfe25, 0xfe05, 0xfe05, 0xfe05, 0xfe05, 0xfe05, 0xfe05, 0xfe05, 0xfe05, 0xfe05, 0xfe05, 0xfe05, 0xfe05, 
0xfe05, 0xfe05, 0xfe05, 0xfe05, 0xfe05, 0xfe05, 0xfe05, 0xfe05, 0xfe05, 0xfe05, 0xfe05, 0xfe05, 0xfe05, 0xfe05, 0xfe05, 0xfe05, 
0xfe05, 0xfe05, 0xfe05, 0xfe05, 0xfe05, 0xfe05, 0xfe05, 0xfe25, 0xfe45, 0xc4c5, 0x41c4, 0x18e4, 0x2104, 0x2124, 0x2124, 0x2124, 
0x2124, 0x2124, 0x2124, 0x2124, 0x2124, 0x2124, 0x2124, 0x2124, 0x2124, 0x2124, 0x2124, 0x2124, 0x2124, 0x2124, 0x2124, 0x2124, 
0x2124, 0x2124, 0x2124, 0x2124, 0x2124, 0x2124, 0x2124, 0x2124, 0x2124, 0x2124, 0x2124, 0x2124, 0x2124, 0x2124, 0x2124, 0x2124, 
0x2124, 0x2124, 0x2124, 0x2104, 0x18e4, 0x41c4, 0xc4c5, 0xfe45, 0xfe25, 0xfe05, 0xfe05, 0xfe05, 0xfe05, 0xfe05, 0xfe05, 0xfe05, 
0xfe05, 0xfe05, 0xfe05, 0xfe05, 0xfe05, 0xfe05, 0xfe05, 0xfe05, 0xfe05, 0xfe05, 0xfe05, 0xfe05, 0xfe05, 0xfe05, 0xfe05, 0xfe05, 
0xfe05, 0xfe05, 0xfe05, 0xfe05, 0xfe05, 0xfe05, 0xfe05, 0xfe05, 0xfe05, 0xfe05, 0xfe05, 0xfe05, 0xfe25, 0xf563, 0xec60, 0xec60, 
0xec60, 0xec80, 0xec80, 0xec40, 0x0000, 0x0000, 0x0000, 0x0000, 0x0000, 0x0000, 0x0000, 0x0000, 0x0000, 0x0000, 0x0000, 0x0000, 
0x0000, 0x0000, 0x0000, 0x0000, 0x0000, 0x0000, 0x0000, 0x0000, 0x0000, 0x0000, 0x0000, 0x0000, 0xdc80, 0xec60, 0xf480, 0xec60, 
0xec60, 0xec60, 0xece1, 0xfe05, 0xfe05, 0xfe05, 0xfe05, 0xfe05, 0xfe05, 0xfe05, 0xfe05, 0xfe05, 0xfe05, 0xfe05, 0xfe05, 0xfe05, 
0xfe05, 0xfe05, 0xfe05, 0xfe05, 0xfe05, 0xfe05, 0xfe05, 0xfe05, 0xfe05, 0xfe05, 0xfe05, 0xfe05, 0xfe05, 0xfe05, 0xfe05, 0xfe05, 
0xfe05, 0xfe05, 0xfe05, 0xfe05, 0xfe05, 0xfe05, 0xfe05, 0xfe05, 0xfe05, 0xfe25, 0xeda5, 0x8344, 0x2924, 0x18e4, 0x2104, 0x2124, 
0x2124, 0x2124, 0x2124, 0x2124, 0x2124, 0x2124, 0x2124, 0x2124, 0x2124, 0x2124, 0x2124, 0x2124, 0x2124, 0x2124, 0x2124, 0x2124, 
0x2124, 0x2124, 0x2124, 0x2124, 0x2124, 0x2124, 0x2124, 0x2124, 0x2124, 0x2124, 0x2124, 0x2124, 0x2124, 0x2124, 0x2124, 0x2124, 
0x2124, 0x2104, 0x18e4, 0x2924, 0x8344, 0xeda5, 0xfe25, 0xfe05, 0xfe05, 0xfe05, 0xfe05, 0xfe05, 0xfe05, 0xfe05, 0xfe05, 0xfe05, 
0xfe05, 0xfe05, 0xfe05, 0xfe05, 0xfe05, 0xfe05, 0xfe05, 0xfe05, 0xfe05, 0xfe05, 0xfe05, 0xfe05, 0xfe05, 0xfe05, 0xfe05, 0xfe05, 
0xfe05, 0xfe05, 0xfe05, 0xfe05, 0xfe05, 0xfe05, 0xfe05, 0xfe05, 0xfe05, 0xfe05, 0xfe05, 0xfe05, 0xfde5, 0xeca0, 0xec60, 0xec60, 
0xec60, 0xf4a0, 0xec60, 0x0000, 0x0000, 0x0000, 0x0000, 0x0000, 0x0000, 0x0000, 0x0000, 0x0000, 0x0000, 0x0000, 0x0000, 0x0000, 
0x0000, 0x0000, 0x0000, 0x0000, 0x0000, 0x0000, 0x0000, 0x0000, 0x0000, 0x0000, 0x0000, 0x0000, 0x0000, 0xec80, 0xf480, 0xec60, 
0xec60, 0xec60, 0xec60, 0xf583, 0xfe05, 0xfde5, 0xfde5, 0xfde5, 0xfde5, 0xfde5, 0xfde5, 0xfde5, 0xfde5, 0xfde5, 0xfde5, 0xfde5, 
0xfde5, 0xfde5, 0xfde5, 0xfde5, 0xfde5, 0xfde5, 0xfde5, 0xfde5, 0xfde5, 0xfde5, 0xfde5, 0xfde5, 0xfde5, 0xfde5, 0xfde5, 0xfde5, 
0xfde5, 0xfde5, 0xfde5, 0xfde5, 0xfde5, 0xfde5, 0xfde5, 0xfde5, 0xfde5, 0xfde5, 0xfe05, 0xfe25, 0xcce5, 0x6284, 0x2124, 0x18e4, 
0x2104, 0x2124, 0x2124, 0x2124, 0x2124, 0x2124, 0x2124, 0x2124, 0x2124, 0x2124, 0x2124, 0x2124, 0x2124, 0x2124, 0x2124, 0x2124, 
0x2124, 0x2124, 0x2124, 0x2124, 0x2124, 0x2124, 0x2124, 0x2124, 0x2124, 0x2124, 0x2124, 0x2124, 0x2124, 0x2124, 0x2124, 0x2104, 
0x18e4, 0x2104, 0x6284, 0xcce5, 0xfe25, 0xfe05, 0xfde5, 0xfde5, 0xfde5, 0xfde5, 0xfde5, 0xfde5, 0xfde5, 0xfde5, 0xfde5, 0xfde5, 
0xfde5, 0xfde5, 0xfde5, 0xfde5, 0xfde5, 0xfde5, 0xfde5, 0xfde5, 0xfde5, 0xfde5, 0xfde5, 0xfde5, 0xfde5, 0xfde5, 0xfde5, 0xfde5, 
0xfde5, 0xfde5, 0xfde5, 0xfde5, 0xfde5, 0xfde5, 0xfde5, 0xfde5, 0xfde5, 0xfde5, 0xfde5, 0xfe05, 0xf543, 0xec60, 0xec60, 0xec60, 
0xec80, 0xec80, 0xec60, 0x0000, 0x0000, 0x0000, 0x0000, 0x0000, 0x0000, 0x0000, 0x0000, 0x0000, 0x0000, 0x0000, 0x0000, 0x0000, 
0x0000, 0x0000, 0x0000, 0x0000, 0x0000, 0x0000, 0x0000, 0x0000, 0x0000, 0x0000, 0x0000, 0x0000, 0x0000, 0xe4c0, 0xec60, 0xf480, 
0xec60, 0xec60, 0xec60, 0xecc1, 0xfde5, 0xfde5, 0xfde5, 0xfde5, 0xfde5, 0xfde5, 0xfde5, 0xfde5, 0xfde5, 0xfde5, 0xfde5, 0xfde5, 
0xfde5, 0xfde5, 0xfde5, 0xfde5, 0xfde5, 0xfde5, 0xfde5, 0xfde5, 0xfde5, 0xfde5, 0xfde5, 0xfde5, 0xfde5, 0xfde5, 0xfde5, 0xfde5, 
0xfde5, 0xfde5, 0xfde5, 0xfde5, 0xfde5, 0xfde5, 0xfde5, 0xfde5, 0xfde5, 0xfde5, 0xfde5, 0xfde5, 0xfe05, 0xfde5, 0xc4a5, 0x6284, 
0x2944, 0x18e4, 0x2104, 0x2124, 0x2124, 0x2124, 0x2124, 0x2124, 0x2124, 0x2124, 0x2124, 0x2124, 0x2124, 0x2124, 0x2124, 0x2124, 
0x2124, 0x2124, 0x2124, 0x2124, 0x2124, 0x2124, 0x2124, 0x2124, 0x2124, 0x2124, 0x2124, 0x2124, 0x2124, 0x2104, 0x18e4, 0x2924, 
0x6284, 0xc4a5, 0xfde5, 0xfe05, 0xfde5, 0xfde5, 0xfde5, 0xfde5, 0xfde5, 0xfde5, 0xfde5, 0xfde5, 0xfde5, 0xfde5, 0xfde5, 0xfde5, 
0xfde5, 0xfde5, 0xfde5, 0xfde5, 0xfde5, 0xfde5, 0xfde5, 0xfde5, 0xfde5, 0xfde5, 0xfde5, 0xfde5, 0xfde5, 0xfde5, 0xfde5, 0xfde5, 
0xfde5, 0xfde5, 0xfde5, 0xfde5, 0xfde5, 0xfde5, 0xfde5, 0xfde5, 0xfde5, 0xfde5, 0xfde5, 0xfdc4, 0xeca0, 0xec60, 0xec60, 0xec60, 
0xf4a0, 0xec60, 0xf800, 0x0000, 0x0000, 0x0000, 0x0000, 0x0000, 0x0000, 0x0000, 0x0000, 0x0000, 0x0000, 0x0000, 0x0000, 0x0000, 
0x0000, 0x0000, 0x0000, 0x0000, 0x0000, 0x0000, 0x0000, 0x0000, 0x0000, 0x0000, 0x0000, 0x0000, 0x0000, 0x0000, 0xec60, 0xf480, 
0xec60, 0xec60, 0xec60, 0xec60, 0xf543, 0xfdc5, 0xfdc5, 0xfdc5, 0xfdc5, 0xfdc5, 0xfdc5, 0xfdc5, 0xfdc5, 0xfdc5, 0xfdc5, 0xfdc5, 
0xfdc5, 0xfdc5, 0xfdc5, 0xfdc5, 0xfdc5, 0xfdc5, 0xfdc5, 0xfdc5, 0xfdc5, 0xfdc5, 0xfdc5, 0xfdc5, 0xfdc5, 0xfdc5, 0xfdc5, 0xfdc5, 
0xfdc5, 0xfdc5, 0xfdc5, 0xfdc5, 0xfdc5, 0xfdc5, 0xfdc5, 0xfdc5, 0xfdc5, 0xfdc5, 0xfdc5, 0xfdc5, 0xfdc5, 0xfdc5, 0xfde5, 0xfde5, 
0xd4e5, 0x8324, 0x41c4, 0x2104, 0x18e4, 0x1904, 0x2104, 0x2124, 0x2124, 0x2124, 0x2124, 0x2124, 0x2124, 0x2124, 0x2124, 0x2124, 
0x2124, 0x2124, 0x2124, 0x2124, 0x2124, 0x2124, 0x2124, 0x2124, 0x2124, 0x2104, 0x1904, 0x18e4, 0x2104, 0x39a4, 0x8324, 0xd4e5, 
0xfde5, 0xfde5, 0xfdc5, 0xfdc5, 0xfdc5, 0xfdc5, 0xfdc5, 0xfdc5, 0xfdc5, 0xfdc5, 0xfdc5, 0xfdc5, 0xfdc5, 0xfdc5, 0xfdc5, 0xfdc5, 
0xfdc5, 0xfdc5, 0xfdc5, 0xfdc5, 0xfdc5, 0xfdc5, 0xfdc5, 0xfdc5, 0xfdc5, 0xfdc5, 0xfdc5, 0xfdc5, 0xfdc5, 0xfdc5, 0xfdc5, 0xfdc5, 
0xfdc5, 0xfdc5, 0xfdc5, 0xfdc5, 0xfdc5, 0xfdc5, 0xfdc5, 0xfdc5, 0xfdc5, 0xfdc5, 0xfdc5, 0xf502, 0xec60, 0xec60, 0xec60, 0xec80, 
0xec80, 0xec80, 0x0000, 0x0000, 0x0000, 0x0000, 0x0000, 0x0000, 0x0000, 0x0000, 0x0000, 0x0000, 0x0000, 0x0000, 0x0000, 0x0000, 
0x0000, 0x0000, 0x0000, 0x0000, 0x0000, 0x0000, 0x0000, 0x0000, 0x0000, 0x0000, 0x0000, 0x0000, 0x0000, 0x0000, 0xdc80, 0xec60, 
0xf480, 0xec60, 0xec60, 0xec60, 0xeca0, 0xfda4, 0xfda5, 0xfda5, 0xfda5, 0xfda5, 0xfda5, 0xfda5, 0xfda5, 0xfda5, 0xfda5, 0xfda5, 
0xfda5, 0xfda5, 0xfda5, 0xfda5, 0xfda5, 0xfda5, 0xfda5, 0xfda5, 0xfda5, 0xfda5, 0xfda5, 0xfda5, 0xfda5, 0xfda5, 0xfda5, 0xfda5, 
0xfda5, 0xfda5, 0xfda5, 0xfda5, 0xfda5, 0xfda5, 0xfda5, 0xfda5, 0xfda5, 0xfda5, 0xfda5, 0xfda5, 0xfda5, 0xfda5, 0xfda5, 0xfda5, 
0xfdc5, 0xfde5, 0xed85, 0xbc64, 0x7b04, 0x49e4, 0x2944, 0x1904, 0x18e4, 0x18e4, 0x1904, 0x2104, 0x2104, 0x2104, 0x2124, 0x2124, 
0x2124, 0x2124, 0x2104, 0x2104, 0x2104, 0x2104, 0x18e4, 0x18e4, 0x1904, 0x2944, 0x49e4, 0x7b04, 0xbc64, 0xed65, 0xfde5, 0xfdc5, 
0xfda5, 0xfda5, 0xfda5, 0xfda5, 0xfda5, 0xfda5, 0xfda5, 0xfda5, 0xfda5, 0xfda5, 0xfda5, 0xfda5, 0xfda5, 0xfda5, 0xfda5, 0xfda5, 
0xfda5, 0xfda5, 0xfda5, 0xfda5, 0xfda5, 0xfda5, 0xfda5, 0xfda5, 0xfda5, 0xfda5, 0xfda5, 0xfda5, 0xfda5, 0xfda5, 0xfda5, 0xfda5, 
0xfda5, 0xfda5, 0xfda5, 0xfda5, 0xfda5, 0xfda5, 0xfda5, 0xfda5, 0xfda5, 0xfdc5, 0xf563, 0xec80, 0xec60, 0xec60, 0xec60, 0xf4a0, 
0xec80, 0x0000, 0x0000, 0x0000, 0x0000, 0x0000, 0x0000, 0x0000, 0x0000, 0x0000, 0x0000, 0x0000, 0x0000, 0x0000, 0x0000, 0x0000, 
0x0000, 0x0000, 0x0000, 0x0000, 0x0000, 0x0000, 0x0000, 0x0000, 0x0000, 0x0000, 0x0000, 0x0000, 0x0000, 0x0000, 0x0000, 0xec80, 
0xec80, 0xec80, 0xec60, 0xec60, 0xec60, 0xf4e2, 0xfda5, 0xfda4, 0xfda4, 0xfda4, 0xfda4, 0xfda4, 0xfda4, 0xfda4, 0xfda4, 0xfda4, 
0xfda4, 0xfda4, 0xfda4, 0xfda4, 0xfda4, 0xfda4, 0xfda4, 0xfda4, 0xfda4, 0xfda4, 0xfda4, 0xfda4, 0xfda4, 0xfda4, 0xfda4, 0xfda4, 
0xfda4, 0xfda4, 0xfda4, 0xfda4, 0xfda4, 0xfda4, 0xfda4, 0xfda4, 0xfda4, 0xfda4, 0xfda4, 0xfda4, 0xfda4, 0xfda4, 0xfda4, 0xfda4, 
0xfda4, 0xfda4, 0xfda4, 0xfdc4, 0xfdc4, 0xf584, 0xd4e4, 0xac04, 0x8324, 0x6264, 0x41c4, 0x3184, 0x2944, 0x2124, 0x2104, 0x2104, 
0x2104, 0x2104, 0x2124, 0x2944, 0x3984, 0x41c4, 0x6264, 0x8324, 0xac04, 0xd4e4, 0xf584, 0xfdc4, 0xfdc4, 0xfda4, 0xfda4, 0xfda4, 
0xfda4, 0xfda4, 0xfda4, 0xfda4, 0xfda4, 0xfda4, 0xfda4, 0xfda4, 0xfda4, 0xfda4, 0xfda4, 0xfda4, 0xfda4, 0xfda4, 0xfda4, 0xfda4, 
0xfda4, 0xfda4, 0xfda4, 0xfda4, 0xfda4, 0xfda4, 0xfda4, 0xfda4, 0xfda4, 0xfda4, 0xfda4, 0xfda4, 0xfda4, 0xfda4, 0xfda4, 0xfda4, 
0xfda4, 0xfda4, 0xfda4, 0xfda4, 0xfda4, 0xfda4, 0xfda4, 0xfda4, 0xfda4, 0xfda4, 0xecc1, 0xec60, 0xec60, 0xec60, 0xec80, 0xec80, 
0xec80, 0x0000, 0x0000, 0x0000, 0x0000, 0x0000, 0x0000, 0x0000, 0x0000, 0x0000, 0x0000, 0x0000, 0x0000, 0x0000, 0x0000, 0x0000, 
0x0000, 0x0000, 0x0000, 0x0000, 0x0000, 0x0000, 0x0000, 0x0000, 0x0000, 0x0000, 0x0000, 0x0000, 0x0000, 0x0000, 0x0000, 0x0000, 
0xec60, 0xf4a0, 0xec60, 0xec60, 0xec60, 0xec60, 0xf543, 0xfd85, 0xfd84, 0xfd84, 0xfd84, 0xfd84, 0xfd84, 0xfd84, 0xfd84, 0xfd84, 
0xfd84, 0xfd84, 0xfd84, 0xfd84, 0xfd84, 0xfd84, 0xfd84, 0xfd84, 0xfd84, 0xfd84, 0xfd84, 0xfd84, 0xfd84, 0xfd84, 0xfd84, 0xfd84, 
0xfd84, 0xfd84, 0xfd84, 0xfd84, 0xfd84, 0xfd84, 0xfd84, 0xfd84, 0xfd84, 0xfd84, 0xfd84, 0xfd84, 0xfd84, 0xfd84, 0xfd84, 0xfd84, 
0xfd84, 0xfd84, 0xfd84, 0xfd84, 0xfd84, 0xfd84, 0xfda4, 0xfda4, 0xfda4, 0xfda4, 0xf564, 0xe524, 0xdce4, 0xcca4, 0xc484, 0xc464, 
0xc464, 0xc484, 0xcca4, 0xdce4, 0xe524, 0xf564, 0xfda4, 0xfda4, 0xfda4, 0xfda4, 0xfd84, 0xfd84, 0xfd84, 0xfd84, 0xfd84, 0xfd84, 
0xfd84, 0xfd84, 0xfd84, 0xfd84, 0xfd84, 0xfd84, 0xfd84, 0xfd84, 0xfd84, 0xfd84, 0xfd84, 0xfd84, 0xfd84, 0xfd84, 0xfd84, 0xfd84, 
0xfd84, 0xfd84, 0xfd84, 0xfd84, 0xfd84, 0xfd84, 0xfd84, 0xfd84, 0xfd84, 0xfd84, 0xfd84, 0xfd84, 0xfd84, 0xfd84, 0xfd84, 0xfd84, 
0xfd84, 0xfd84, 0xfd84, 0xfd84, 0xfd84, 0xfd84, 0xfd84, 0xfd84, 0xfd85, 0xf502, 0xec60, 0xec60, 0xec60, 0xec60, 0xf4a0, 0xec60, 
0x0000, 0x0000, 0x0000, 0x0000, 0x0000, 0x0000, 0x0000, 0x0000, 0x0000, 0x0000, 0x0000, 0x0000, 0x0000, 0x0000, 0x0000, 0x0000, 
0x0000, 0x0000, 0x0000, 0x0000, 0x0000, 0x0000, 0x0000, 0x0000, 0x0000, 0x0000, 0x0000, 0x0000, 0x0000, 0x0000, 0x0000, 0x0000, 
0xf460, 0xec60, 0xec80, 0xec60, 0xec60, 0xec60, 0xeca0, 0xf564, 0xfd84, 0xfd64, 0xfd64, 0xfd64, 0xfd64, 0xfd64, 0xfd64, 0xfd64, 
0xfd64, 0xfd64, 0xfd64, 0xfd64, 0xfd64, 0xfd64, 0xfd64, 0xfd64, 0xfd64, 0xfd64, 0xfd64, 0xfd64, 0xfd64, 0xfd64, 0xfd64, 0xfd64, 
0xfd64, 0xfd64, 0xfd64, 0xfd64, 0xfd64, 0xfd64, 0xfd64, 0xfd64, 0xfd64, 0xfd64, 0xfd64, 0xfd64, 0xfd64, 0xfd64, 0xfd64, 0xfd64, 
0xfd64, 0xfd64, 0xfd64, 0xfd64, 0xfd64, 0xfd64, 0xfd64, 0xfd64, 0xfd64, 0xfd84, 0xfd84, 0xfd84, 0xfd84, 0xfd84, 0xfd84, 0xfda4, 
0xfda4, 0xfd84, 0xfd84, 0xfd84, 0xfd84, 0xfd84, 0xfd84, 0xfd64, 0xfd64, 0xfd64, 0xfd64, 0xfd64, 0xfd64, 0xfd64, 0xfd64, 0xfd64, 
0xfd64, 0xfd64, 0xfd64, 0xfd64, 0xfd64, 0xfd64, 0xfd64, 0xfd64, 0xfd64, 0xfd64, 0xfd64, 0xfd64, 0xfd64, 0xfd64, 0xfd64, 0xfd64, 
0xfd64, 0xfd64, 0xfd64, 0xfd64, 0xfd64, 0xfd64, 0xfd64, 0xfd64, 0xfd64, 0xfd64, 0xfd64, 0xfd64, 0xfd64, 0xfd64, 0xfd64, 0xfd64, 
0xfd64, 0xfd64, 0xfd64, 0xfd64, 0xfd64, 0xfd64, 0xfd64, 0xfd84, 0xf543, 0xec80, 0xec60, 0xec60, 0xec60, 0xf480, 0xec60, 0xfcc0, 
0x0000, 0x0000, 0x0000, 0x0000, 0x0000, 0x0000, 0x0000, 0x0000, 0x0000, 0x0000, 0x0000, 0x0000, 0x0000, 0x0000, 0x0000, 0x0000, 
0x0000, 0x0000, 0x0000, 0x0000, 0x0000, 0x0000, 0x0000, 0x0000, 0x0000, 0x0000, 0x0000, 0x0000, 0x0000, 0x0000, 0x0000, 0x0000, 
0x0000, 0xec60, 0xf4a0, 0xec60, 0xec60, 0xec60, 0xec60, 0xf4c1, 0xfd64, 0xf564, 0xf564, 0xf564, 0xf564, 0xf564, 0xf564, 0xf564, 
0xf564, 0xf564, 0xf564, 0xf564, 0xf564, 0xf564, 0xf564, 0xf564, 0xf564, 0xf564, 0xf564, 0xf564, 0xf564, 0xf564, 0xf564, 0xf564, 
0xf564, 0xf564, 0xf564, 0xf564, 0xf564, 0xf564, 0xf564, 0xf564, 0xf564, 0xf564, 0xf564, 0xf564, 0xf564, 0xf564, 0xf564, 0xf564, 
0xf564, 0xf564, 0xf564, 0xf564, 0xf564, 0xf564, 0xf564, 0xf564, 0xf564, 0xf564, 0xf564, 0xf564, 0xf564, 0xf564, 0xf564, 0xf564, 
0xf564, 0xf564, 0xf564, 0xf564, 0xf564, 0xf564, 0xf564, 0xf564, 0xf564, 0xf564, 0xf564, 0xf564, 0xf564, 0xf564, 0xf564, 0xf564, 
0xf564, 0xf564, 0xf564, 0xf564, 0xf564, 0xf564, 0xf564, 0xf564, 0xf564, 0xf564, 0xf564, 0xf564, 0xf564, 0xf564, 0xf564, 0xf564, 
0xf564, 0xf564, 0xf564, 0xf564, 0xf564, 0xf564, 0xf564, 0xf564, 0xf564, 0xf564, 0xf564, 0xf564, 0xf564, 0xf564, 0xf564, 0xf564, 
0xf564, 0xf564, 0xf564, 0xf564, 0xf564, 0xf564, 0xf564, 0xf544, 0xeca0, 0xec60, 0xec60, 0xec60, 0xec80, 0xec80, 0xec60, 0x0000, 
0x0000, 0x0000, 0x0000, 0x0000, 0x0000, 0x0000, 0x0000, 0x0000, 0x0000, 0x0000, 0x0000, 0x0000, 0x0000, 0x0000, 0x0000, 0x0000, 
0x0000, 0x0000, 0x0000, 0x0000, 0x0000, 0x0000, 0x0000, 0x0000, 0x0000, 0x0000, 0x0000, 0x0000, 0x0000, 0x0000, 0x0000, 0x0000, 
0x0000, 0xfde0, 0xec80, 0xf4a0, 0xec60, 0xec60, 0xec60, 0xec60, 0xf4e2, 0xf544, 0xf544, 0xf544, 0xf544, 0xf544, 0xf544, 0xf544, 
0xf544, 0xf544, 0xf544, 0xf544, 0xf544, 0xf544, 0xf544, 0xf544, 0xf544, 0xf544, 0xf544, 0xf544, 0xf544, 0xf544, 0xf544, 0xf544, 
0xf544, 0xf544, 0xf544, 0xf544, 0xf544, 0xf544, 0xf544, 0xf544, 0xf544, 0xf544, 0xf544, 0xf544, 0xf544, 0xf544, 0xf544, 0xf544, 
0xf544, 0xf544, 0xf544, 0xf544, 0xf544, 0xf544, 0xf544, 0xf544, 0xf544, 0xf544, 0xf544, 0xf544, 0xf544, 0xf544, 0xf544, 0xf544, 
0xf544, 0xf544, 0xf544, 0xf544, 0xf544, 0xf544, 0xf544, 0xf544, 0xf544, 0xf544, 0xf544, 0xf544, 0xf544, 0xf544, 0xf544, 0xf544, 
0xf544, 0xf544, 0xf544, 0xf544, 0xf544, 0xf544, 0xf544, 0xf544, 0xf544, 0xf544, 0xf544, 0xf544, 0xf544, 0xf544, 0xf544, 0xf544, 
0xf544, 0xf544, 0xf544, 0xf544, 0xf544, 0xf544, 0xf544, 0xf544, 0xf544, 0xf544, 0xf544, 0xf544, 0xf544, 0xf544, 0xf544, 0xf544, 
0xf544, 0xf544, 0xf544, 0xf544, 0xf544, 0xf544, 0xf544, 0xecc1, 0xec60, 0xec60, 0xec60, 0xec60, 0xf4a0, 0xec60, 0x0000, 0x0000, 
0x0000, 0x0000, 0x0000, 0x0000, 0x0000, 0x0000, 0x0000, 0x0000, 0x0000, 0x0000, 0x0000, 0x0000, 0x0000, 0x0000, 0x0000, 0x0000, 
0x0000, 0x0000, 0x0000, 0x0000, 0x0000, 0x0000, 0x0000, 0x0000, 0x0000, 0x0000, 0x0000, 0x0000, 0x0000, 0x0000, 0x0000, 0x0000, 
0x0000, 0x0000, 0xeca0, 0xec80, 0xec80, 0xec60, 0xec60, 0xec60, 0xec80, 0xf503, 0xf544, 0xf524, 0xf524, 0xf524, 0xf524, 0xf524, 
0xf524, 0xf524, 0xf524, 0xf524, 0xf524, 0xf524, 0xf524, 0xf524, 0xf524, 0xf524, 0xf524, 0xf524, 0xf524, 0xf524, 0xf524, 0xf524, 
0xf524, 0xf524, 0xf524, 0xf524, 0xf524, 0xf524, 0xf524, 0xf524, 0xf524, 0xf524, 0xf524, 0xf524, 0xf524, 0xf524, 0xf524, 0xf524, 
0xf524, 0xf524, 0xf524, 0xf524, 0xf524, 0xf524, 0xf524, 0xf524, 0xf524, 0xf524, 0xf524, 0xf524, 0xf524, 0xf524, 0xf524, 0xf524, 
0xf524, 0xf524, 0xf524, 0xf524, 0xf524, 0xf524, 0xf524, 0xf524, 0xf524, 0xf524, 0xf524, 0xf524, 0xf524, 0xf524, 0xf524, 0xf524, 
0xf524, 0xf524, 0xf524, 0xf524, 0xf524, 0xf524, 0xf524, 0xf524, 0xf524, 0xf524, 0xf524, 0xf524, 0xf524, 0xf524, 0xf524, 0xf524, 
0xf524, 0xf524, 0xf524, 0xf524, 0xf524, 0xf524, 0xf524, 0xf524, 0xf524, 0xf524, 0xf524, 0xf524, 0xf524, 0xf524, 0xf524, 0xf524, 
0xf524, 0xf524, 0xf524, 0xf524, 0xf524, 0xf544, 0xf4e2, 0xec60, 0xec60, 0xec60, 0xec60, 0xf4a0, 0xec60, 0xfc40, 0x0000, 0x0000, 
0x0000, 0x0000, 0x0000, 0x0000, 0x0000, 0x0000, 0x0000, 0x0000, 0x0000, 0x0000, 0x0000, 0x0000, 0x0000, 0x0000, 0x0000, 0x0000, 
0x0000, 0x0000, 0x0000, 0x0000, 0x0000, 0x0000, 0x0000, 0x0000, 0x0000, 0x0000, 0x0000, 0x0000, 0x0000, 0x0000, 0x0000, 0x0000, 
0x0000, 0x0000, 0x0000, 0xec60, 0xec80, 0xec80, 0xec60, 0xec60, 0xec60, 0xec80, 0xf503, 0xf524, 0xf524, 0xf524, 0xf524, 0xf524, 
0xf524, 0xf524, 0xf524, 0xf524, 0xf524, 0xf524, 0xf524, 0xf524, 0xf524, 0xf524, 0xf524, 0xf524, 0xf524, 0xf524, 0xf524, 0xf524, 
0xf524, 0xf524, 0xf524, 0xf524, 0xf524, 0xf524, 0xf524, 0xf524, 0xf524, 0xf524, 0xf524, 0xf524, 0xf524, 0xf524, 0xf524, 0xf524, 
0xf524, 0xf524, 0xf524, 0xf524, 0xf524, 0xf524, 0xf524, 0xf524, 0xf524, 0xf524, 0xf524, 0xf524, 0xf524, 0xf524, 0xf524, 0xf524, 
0xf524, 0xf524, 0xf524, 0xf524, 0xf524, 0xf524, 0xf524, 0xf524, 0xf524, 0xf524, 0xf524, 0xf524, 0xf524, 0xf524, 0xf524, 0xf524, 
0xf524, 0xf524, 0xf524, 0xf524, 0xf524, 0xf524, 0xf524, 0xf524, 0xf524, 0xf524, 0xf524, 0xf524, 0xf524, 0xf524, 0xf524, 0xf524, 
0xf524, 0xf524, 0xf524, 0xf524, 0xf524, 0xf524, 0xf524, 0xf524, 0xf524, 0xf524, 0xf524, 0xf524, 0xf524, 0xf524, 0xf524, 0xf524, 
0xf524, 0xf524, 0xf524, 0xf524, 0xf524, 0xf4e3, 0xec60, 0xec60, 0xec60, 0xec60, 0xec80, 0xec80, 0xec80, 0x0000, 0x0000, 0x0000, 
0x0000, 0x0000, 0x0000, 0x0000, 0x0000, 0x0000, 0x0000, 0x0000, 0x0000, 0x0000, 0x0000, 0x0000, 0x0000, 0x0000, 0x0000, 0x0000, 
0x0000, 0x0000, 0x0000, 0x0000, 0x0000, 0x0000, 0x0000, 0x0000, 0x0000, 0x0000, 0x0000, 0x0000, 0x0000, 0x0000, 0x0000, 0x0000, 
0x0000, 0x0000, 0x0000, 0x0000, 0xec60, 0xf4a0, 0xec60, 0xec60, 0xec60, 0xec60, 0xec81, 0xf504, 0xf504, 0xf504, 0xf504, 0xf504, 
0xf504, 0xf504, 0xf504, 0xf504, 0xf504, 0xf504, 0xf504, 0xf504, 0xf504, 0xf504, 0xf504, 0xf504, 0xf504, 0xf504, 0xf504, 0xf504, 
0xf504, 0xf504, 0xf504, 0xf504, 0xf504, 0xf504, 0xf504, 0xf504, 0xf504, 0xf504, 0xf504, 0xf504, 0xf504, 0xf504, 0xf504, 0xf504, 
0xf504, 0xf504, 0xf504, 0xf504, 0xf504, 0xf504, 0xf504, 0xf504, 0xf504, 0xf504, 0xf504, 0xf504, 0xf504, 0xf504, 0xf504, 0xf504, 
0xf504, 0xf504, 0xf504, 0xf504, 0xf504, 0xf504, 0xf504, 0xf504, 0xf504, 0xf504, 0xf504, 0xf504, 0xf504, 0xf504, 0xf504, 0xf504, 
0xf504, 0xf504, 0xf504, 0xf504, 0xf504, 0xf504, 0xf504, 0xf504, 0xf504, 0xf504, 0xf504, 0xf504, 0xf504, 0xf504, 0xf504, 0xf504, 
0xf504, 0xf504, 0xf504, 0xf504, 0xf504, 0xf504, 0xf504, 0xf504, 0xf504, 0xf504, 0xf504, 0xf504, 0xf504, 0xf504, 0xf504, 0xf504, 
0xf504, 0xf504, 0xf504, 0xf524, 0xf4e3, 0xec80, 0xec60, 0xec60, 0xec60, 0xec80, 0xec80, 0xec60, 0x0000, 0x0000, 0x0000, 0x0000, 
0x0000, 0x0000, 0x0000, 0x0000, 0x0000, 0x0000, 0x0000, 0x0000, 0x0000, 0x0000, 0x0000, 0x0000, 0x0000, 0x0000, 0x0000, 0x0000, 
0x0000, 0x0000, 0x0000, 0x0000, 0x0000, 0x0000, 0x0000, 0x0000, 0x0000, 0x0000, 0x0000, 0x0000, 0x0000, 0x0000, 0x0000, 0x0000, 
0x0000, 0x0000, 0x0000, 0x0000, 0xe460, 0xec60, 0xf4a0, 0xec60, 0xec60, 0xec60, 0xec60, 0xeca1, 0xf504, 0xf504, 0xf504, 0xf504, 
0xf504, 0xf504, 0xf504, 0xf504, 0xf504, 0xf504, 0xf504, 0xf504, 0xf504, 0xf504, 0xf504, 0xf504, 0xf504, 0xf504, 0xf504, 0xf504, 
0xf504, 0xf504, 0xf504, 0xf504, 0xf504, 0xf504, 0xf504, 0xf504, 0xf504, 0xf504, 0xf504, 0xf504, 0xf504, 0xf504, 0xf504, 0xf504, 
0xf504, 0xf504, 0xf504, 0xf504, 0xf504, 0xf504, 0xf504, 0xf504, 0xf504, 0xf504, 0xf504, 0xf504, 0xf504, 0xf504, 0xf504, 0xf504, 
0xf504, 0xf504, 0xf504, 0xf504, 0xf504, 0xf504, 0xf504, 0xf504, 0xf504, 0xf504, 0xf504, 0xf504, 0xf504, 0xf504, 0xf504, 0xf504, 
0xf504, 0xf504, 0xf504, 0xf504, 0xf504, 0xf504, 0xf504, 0xf504, 0xf504, 0xf504, 0xf504, 0xf504, 0xf504, 0xf504, 0xf504, 0xf504, 
0xf504, 0xf504, 0xf504, 0xf504, 0xf504, 0xf504, 0xf504, 0xf504, 0xf504, 0xf504, 0xf504, 0xf504, 0xf504, 0xf504, 0xf504, 0xf504, 
0xf504, 0xf504, 0xf524, 0xf503, 0xec80, 0xec60, 0xec60, 0xec60, 0xec60, 0xf4a0, 0xec60, 0x0000, 0x0000, 0x0000, 0x0000, 0x0000, 
0x0000, 0x0000, 0x0000, 0x0000, 0x0000, 0x0000, 0x0000, 0x0000, 0x0000, 0x0000, 0x0000, 0x0000, 0x0000, 0x0000, 0x0000, 0x0000, 
0x0000, 0x0000, 0x0000, 0x0000, 0x0000, 0x0000, 0x0000, 0x0000, 0x0000, 0x0000, 0x0000, 0x0000, 0x0000, 0x0000, 0x0000, 0x0000, 
0x0000, 0x0000, 0x0000, 0x0000, 0x0000, 0xeca0, 0xec60, 0xf480, 0xec60, 0xec60, 0xec60, 0xec60, 0xeca1, 0xf504, 0xf504, 0xf504, 
0xf504, 0xf504, 0xf504, 0xf504, 0xf504, 0xf504, 0xf504, 0xf504, 0xf504, 0xf504, 0xf504, 0xf504, 0xf504, 0xf504, 0xf504, 0xf504, 
0xf504, 0xf504, 0xf504, 0xf504, 0xf504, 0xf504, 0xf504, 0xf504, 0xf504, 0xf504, 0xf504, 0xf504, 0xf504, 0xf504, 0xf504, 0xf504, 
0xf504, 0xf504, 0xf504, 0xf504, 0xf504, 0xf504, 0xf504, 0xf504, 0xf504, 0xf504, 0xf504, 0xf504, 0xf504, 0xf504, 0xf504, 0xf504, 
0xf504, 0xf504, 0xf504, 0xf504, 0xf504, 0xf504, 0xf504, 0xf504, 0xf504, 0xf504, 0xf504, 0xf504, 0xf504, 0xf504, 0xf504, 0xf504, 
0xf504, 0xf504, 0xf504, 0xf504, 0xf504, 0xf504, 0xf504, 0xf504, 0xf504, 0xf504, 0xf504, 0xf504, 0xf504, 0xf504, 0xf504, 0xf504, 
0xf504, 0xf504, 0xf504, 0xf504, 0xf504, 0xf504, 0xf504, 0xf504, 0xf504, 0xf504, 0xf504, 0xf504, 0xf504, 0xf504, 0xf504, 0xf504, 
0xf504, 0xf524, 0xf503, 0xec80, 0xec60, 0xec60, 0xec60, 0xec60, 0xf4a0, 0xec60, 0xdc80, 0x0000, 0x0000, 0x0000, 0x0000, 0x0000, 
0x0000, 0x0000, 0x0000, 0x0000, 0x0000, 0x0000, 0x0000, 0x0000, 0x0000, 0x0000, 0x0000, 0x0000, 0x0000, 0x0000, 0x0000, 0x0000, 
0x0000, 0x0000, 0x0000, 0x0000, 0x0000, 0x0000, 0x0000, 0x0000, 0x0000, 0x0000, 0x0000, 0x0000, 0x0000, 0x0000, 0x0000, 0x0000, 
0x0000, 0x0000, 0x0000, 0x0000, 0x0000, 0x0000, 0xec60, 0xec80, 0xf480, 0xec60, 0xec60, 0xec60, 0xec60, 0xeca1, 0xf504, 0xf504, 
0xf504, 0xf504, 0xf504, 0xf504, 0xf504, 0xf504, 0xf504, 0xf504, 0xf504, 0xf504, 0xf504, 0xf504, 0xf504, 0xf504, 0xf504, 0xf504, 
0xf504, 0xf504, 0xf504, 0xf504, 0xf504, 0xf504, 0xf504, 0xf504, 0xf504, 0xf504, 0xf504, 0xf504, 0xf504, 0xf504, 0xf504, 0xf504, 
0xf504, 0xf504, 0xf504, 0xf504, 0xf504, 0xf504, 0xf504, 0xf504, 0xf504, 0xf504, 0xf504, 0xf504, 0xf504, 0xf504, 0xf504, 0xf504, 
0xf504, 0xf504, 0xf504, 0xf504, 0xf504, 0xf504, 0xf504, 0xf504, 0xf504, 0xf504, 0xf504, 0xf504, 0xf504, 0xf504, 0xf504, 0xf504, 
0xf504, 0xf504, 0xf504, 0xf504, 0xf504, 0xf504, 0xf504, 0xf504, 0xf504, 0xf504, 0xf504, 0xf504, 0xf504, 0xf504, 0xf504, 0xf504, 
0xf504, 0xf504, 0xf504, 0xf504, 0xf504, 0xf504, 0xf504, 0xf504, 0xf504, 0xf504, 0xf504, 0xf504, 0xf504, 0xf504, 0xf504, 0xf504, 
0xf524, 0xf503, 0xec80, 0xec60, 0xec60, 0xec60, 0xec60, 0xf4a0, 0xec80, 0xf460, 0x0000, 0x0000, 0x0000, 0x0000, 0x0000, 0x0000, 
0x0000, 0x0000, 0x0000, 0x0000, 0x0000, 0x0000, 0x0000, 0x0000, 0x0000, 0x0000, 0x0000, 0x0000, 0x0000, 0x0000, 0x0000, 0x0000, 
0x0000, 0x0000, 0x0000, 0x0000, 0x0000, 0x0000, 0x0000, 0x0000, 0x0000, 0x0000, 0x0000, 0x0000, 0x0000, 0x0000, 0x0000, 0x0000, 
0x0000, 0x0000, 0x0000, 0x0000, 0x0000, 0x0000, 0x0000, 0xec60, 0xec80, 0xec80, 0xec60, 0xec60, 0xec60, 0xec60, 0xeca1, 0xf504, 
0xf504, 0xf504, 0xf504, 0xf504, 0xf504, 0xf504, 0xf504, 0xf504, 0xf504, 0xf504, 0xf504, 0xf504, 0xf504, 0xf504, 0xf504, 0xf504, 
0xf504, 0xf504, 0xf504, 0xf504, 0xf504, 0xf504, 0xf504, 0xf504, 0xf504, 0xf504, 0xf504, 0xf504, 0xf504, 0xf504, 0xf504, 0xf504, 
0xf504, 0xf504, 0xf504, 0xf504, 0xf504, 0xf504, 0xf504, 0xf504, 0xf504, 0xf504, 0xf504, 0xf504, 0xf504, 0xf504, 0xf504, 0xf504, 
0xf504, 0xf504, 0xf504, 0xf504, 0xf504, 0xf504, 0xf504, 0xf504, 0xf504, 0xf504, 0xf504, 0xf504, 0xf504, 0xf504, 0xf504, 0xf504, 
0xf504, 0xf504, 0xf504, 0xf504, 0xf504, 0xf504, 0xf504, 0xf504, 0xf504, 0xf504, 0xf504, 0xf504, 0xf504, 0xf504, 0xf504, 0xf504, 
0xf504, 0xf504, 0xf504, 0xf504, 0xf504, 0xf504, 0xf504, 0xf504, 0xf504, 0xf504, 0xf504, 0xf504, 0xf504, 0xf504, 0xf504, 0xf524, 
0xf4e3, 0xec80, 0xec60, 0xec60, 0xec60, 0xec60, 0xf480, 0xec80, 0xf480, 0x0000, 0x0000, 0x0000, 0x0000, 0x0000, 0x0000, 0x0000, 
0x0000, 0x0000, 0x0000, 0x0000, 0x0000, 0x0000, 0x0000, 0x0000, 0x0000, 0x0000, 0x0000, 0x0000, 0x0000, 0x0000, 0x0000, 0x0000, 
0x0000, 0x0000, 0x0000, 0x0000, 0x0000, 0x0000, 0x0000, 0x0000, 0x0000, 0x0000, 0x0000, 0x0000, 0x0000, 0x0000, 0x0000, 0x0000, 
0x0000, 0x0000, 0x0000, 0x0000, 0x0000, 0x0000, 0x0000, 0x0000, 0xec60, 0xec80, 0xec80, 0xec60, 0xec60, 0xec60, 0xec60, 0xeca1, 
0xf504, 0xf524, 0xf504, 0xf504, 0xf504, 0xf504, 0xf504, 0xf504, 0xf504, 0xf504, 0xf504, 0xf504, 0xf504, 0xf504, 0xf504, 0xf504, 
0xf504, 0xf504, 0xf504, 0xf504, 0xf504, 0xf504, 0xf504, 0xf504, 0xf504, 0xf504, 0xf504, 0xf504, 0xf504, 0xf504, 0xf504, 0xf504, 
0xf504, 0xf504, 0xf504, 0xf504, 0xf504, 0xf504, 0xf504, 0xf504, 0xf504, 0xf504, 0xf504, 0xf504, 0xf504, 0xf504, 0xf504, 0xf504, 
0xf504, 0xf504, 0xf504, 0xf504, 0xf504, 0xf504, 0xf504, 0xf504, 0xf504, 0xf504, 0xf504, 0xf504, 0xf504, 0xf504, 0xf504, 0xf504, 
0xf504, 0xf504, 0xf504, 0xf504, 0xf504, 0xf504, 0xf504, 0xf504, 0xf504, 0xf504, 0xf504, 0xf504, 0xf504, 0xf504, 0xf504, 0xf504, 
0xf504, 0xf504, 0xf504, 0xf504, 0xf504, 0xf504, 0xf504, 0xf504, 0xf504, 0xf504, 0xf504, 0xf504, 0xf504, 0xf504, 0xf524, 0xf4e3, 
0xec80, 0xec60, 0xec60, 0xec60, 0xec60, 0xf480, 0xec60, 0xec40, 0x0000, 0x0000, 0x0000, 0x0000, 0x0000, 0x0000, 0x0000, 0x0000, 
0x0000, 0x0000, 0x0000, 0x0000, 0x0000, 0x0000, 0x0000, 0x0000, 0x0000, 0x0000, 0x0000, 0x0000, 0x0000, 0x0000, 0x0000, 0x0000, 
0x0000, 0x0000, 0x0000, 0x0000, 0x0000, 0x0000, 0x0000, 0x0000, 0x0000, 0x0000, 0x0000, 0x0000, 0x0000, 0x0000, 0x0000, 0x0000, 
0x0000, 0x0000, 0x0000, 0x0000, 0x0000, 0x0000, 0x0000, 0x0000, 0x0000, 0xec60, 0xec80, 0xec80, 0xec60, 0xec60, 0xec60, 0xec60, 
0xec80, 0xf503, 0xf524, 0xf504, 0xf504, 0xf504, 0xf504, 0xf504, 0xf504, 0xf504, 0xf504, 0xf504, 0xf504, 0xf504, 0xf504, 0xf504, 
0xf504, 0xf504, 0xf504, 0xf504, 0xf504, 0xf504, 0xf504, 0xf504, 0xf504, 0xf504, 0xf504, 0xf504, 0xf504, 0xf504, 0xf504, 0xf504, 
0xf504, 0xf504, 0xf504, 0xf504, 0xf504, 0xf504, 0xf504, 0xf504, 0xf504, 0xf504, 0xf504, 0xf504, 0xf504, 0xf504, 0xf504, 0xf504, 
0xf504, 0xf504, 0xf504, 0xf504, 0xf504, 0xf504, 0xf504, 0xf504, 0xf504, 0xf504, 0xf504, 0xf504, 0xf504, 0xf504, 0xf504, 0xf504, 
0xf504, 0xf504, 0xf504, 0xf504, 0xf504, 0xf504, 0xf504, 0xf504, 0xf504, 0xf504, 0xf504, 0xf504, 0xf504, 0xf504, 0xf504, 0xf504, 
0xf504, 0xf504, 0xf504, 0xf504, 0xf504, 0xf504, 0xf504, 0xf504, 0xf504, 0xf504, 0xf504, 0xf504, 0xf504, 0xf524, 0xf4e2, 0xec80, 
0xec60, 0xec60, 0xec60, 0xec60, 0xf480, 0xec80, 0xec60, 0x0000, 0x0000, 0x0000, 0x0000, 0x0000, 0x0000, 0x0000, 0x0000, 0x0000, 
0x0000, 0x0000, 0x0000, 0x0000, 0x0000, 0x0000, 0x0000, 0x0000, 0x0000, 0x0000, 0x0000, 0x0000, 0x0000, 0x0000, 0x0000, 0x0000, 
0x0000, 0x0000, 0x0000, 0x0000, 0x0000, 0x0000, 0x0000, 0x0000, 0x0000, 0x0000, 0x0000, 0x0000, 0x0000, 0x0000, 0x0000, 0x0000, 
0x0000, 0x0000, 0x0000, 0x0000, 0x0000, 0x0000, 0x0000, 0x0000, 0x0000, 0x0000, 0xec60, 0xec80, 0xec80, 0xec60, 0xec60, 0xec60, 
0xec60, 0xec80, 0xf4e3, 0xf524, 0xf504, 0xf504, 0xf504, 0xf504, 0xf504, 0xf504, 0xf504, 0xf504, 0xf504, 0xf504, 0xf504, 0xf504, 
0xf504, 0xf504, 0xf504, 0xf504, 0xf504, 0xf504, 0xf504, 0xf504, 0xf504, 0xf504, 0xf504, 0xf504, 0xf504, 0xf504, 0xf504, 0xf504, 
0xf504, 0xf504, 0xf504, 0xf504, 0xf504, 0xf504, 0xf504, 0xf504, 0xf504, 0xf504, 0xf504, 0xf504, 0xf504, 0xf504, 0xf504, 0xf504, 
0xf504, 0xf504, 0xf504, 0xf504, 0xf504, 0xf504, 0xf504, 0xf504, 0xf504, 0xf504, 0xf504, 0xf504, 0xf504, 0xf504, 0xf504, 0xf504, 
0xf504, 0xf504, 0xf504, 0xf504, 0xf504, 0xf504, 0xf504, 0xf504, 0xf504, 0xf504, 0xf504, 0xf504, 0xf504, 0xf504, 0xf504, 0xf504, 
0xf504, 0xf504, 0xf504, 0xf504, 0xf504, 0xf504, 0xf504, 0xf504, 0xf504, 0xf504, 0xf504, 0xf504, 0xf504, 0xf4c2, 0xec60, 0xec60, 
0xec60, 0xec60, 0xec60, 0xf4a0, 0xec80, 0xe460, 0x0000, 0x0000, 0x0000, 0x0000, 0x0000, 0x0000, 0x0000, 0x0000, 0x0000, 0x0000, 
0x0000, 0x0000, 0x0000, 0x0000, 0x0000, 0x0000, 0x0000, 0x0000, 0x0000, 0x0000, 0x0000, 0x0000, 0x0000, 0x0000, 0x0000, 0x0000, 
0x0000, 0x0000, 0x0000, 0x0000, 0x0000, 0x0000, 0x0000, 0x0000, 0x0000, 0x0000, 0x0000, 0x0000, 0x0000, 0x0000, 0x0000, 0x0000, 
0x0000, 0x0000, 0x0000, 0x0000, 0x0000, 0x0000, 0x0000, 0x0000, 0x0000, 0x0000, 0x0000, 0xec60, 0xec80, 0xf480, 0xec60, 0xec60, 
0xec60, 0xec60, 0xec60, 0xf4c2, 0xf504, 0xf504, 0xf504, 0xf504, 0xf504, 0xf504, 0xf504, 0xf504, 0xf504, 0xf504, 0xf504, 0xf504, 
0xf504, 0xf504, 0xf504, 0xf504, 0xf504, 0xf504, 0xf504, 0xf504, 0xf504, 0xf504, 0xf504, 0xf504, 0xf504, 0xf504, 0xf504, 0xf504, 
0xf504, 0xf504, 0xf504, 0xf504, 0xf504, 0xf504, 0xf504, 0xf504, 0xf504, 0xf504, 0xf504, 0xf504, 0xf504, 0xf504, 0xf504, 0xf504, 
0xf504, 0xf504, 0xf504, 0xf504, 0xf504, 0xf504, 0xf504, 0xf504, 0xf504, 0xf504, 0xf504, 0xf504, 0xf504, 0xf504, 0xf504, 0xf504, 
0xf504, 0xf504, 0xf504, 0xf504, 0xf504, 0xf504, 0xf504, 0xf504, 0xf504, 0xf504, 0xf504, 0xf504, 0xf504, 0xf504, 0xf504, 0xf504, 
0xf504, 0xf504, 0xf504, 0xf504, 0xf504, 0xf504, 0xf504, 0xf504, 0xf504, 0xf504, 0xf524, 0xf504, 0xeca1, 0xec60, 0xec60, 0xec60, 
0xec60, 0xec60, 0xf4a0, 0xec80, 0xe460, 0x0000, 0x0000, 0x0000, 0x0000, 0x0000, 0x0000, 0x0000, 0x0000, 0x0000, 0x0000, 0x0000, 
0x0000, 0x0000, 0x0000, 0x0000, 0x0000, 0x0000, 0x0000, 0x0000, 0x0000, 0x0000, 0x0000, 0x0000, 0x0000, 0x0000, 0x0000, 0x0000, 
0x0000, 0x0000, 0x0000, 0x0000, 0x0000, 0x0000, 0x0000, 0x0000, 0x0000, 0x0000, 0x0000, 0x0000, 0x0000, 0x0000, 0x0000, 0x0000, 
0x0000, 0x0000, 0x0000, 0x0000, 0x0000, 0x0000, 0x0000, 0x0000, 0x0000, 0x0000, 0x0000, 0x0000, 0xec60, 0xec80, 0xf480, 0xec60, 
0xec60, 0xec60, 0xec60, 0xec60, 0xeca1, 0xf504, 0xf524, 0xf504, 0xf504, 0xf504, 0xf504, 0xf504, 0xf504, 0xf504, 0xf504, 0xf504, 
0xf504, 0xf504, 0xf504, 0xf504, 0xf504, 0xf504, 0xf504, 0xf504, 0xf504, 0xf504, 0xf504, 0xf504, 0xf504, 0xf504, 0xf504, 0xf504, 
0xf504, 0xf504, 0xf504, 0xf504, 0xf504, 0xf504, 0xf504, 0xf504, 0xf504, 0xf504, 0xf504, 0xf504, 0xf504, 0xf504, 0xf504, 0xf504, 
0xf504, 0xf504, 0xf504, 0xf504, 0xf504, 0xf504, 0xf504, 0xf504, 0xf504, 0xf504, 0xf504, 0xf504, 0xf504, 0xf504, 0xf504, 0xf504, 
0xf504, 0xf504, 0xf504, 0xf504, 0xf504, 0xf504, 0xf504, 0xf504, 0xf504, 0xf504, 0xf504, 0xf504, 0xf504, 0xf504, 0xf504, 0xf504, 
0xf504, 0xf504, 0xf504, 0xf504, 0xf504, 0xf504, 0xf504, 0xf504, 0xf504, 0xf524, 0xf4e3, 0xec80, 0xec60, 0xec60, 0xec60, 0xec60, 
0xec60, 0xf4a0, 0xec80, 0xe460, 0x0000, 0x0000, 0x0000, 0x0000, 0x0000, 0x0000, 0x0000, 0x0000, 0x0000, 0x0000, 0x0000, 0x0000, 
0x0000, 0x0000, 0x0000, 0x0000, 0x0000, 0x0000, 0x0000, 0x0000, 0x0000, 0x0000, 0x0000, 0x0000, 0x0000, 0x0000, 0x0000, 0x0000, 
0x0000, 0x0000, 0x0000, 0x0000, 0x0000, 0x0000, 0x0000, 0x0000, 0x0000, 0x0000, 0x0000, 0x0000, 0x0000, 0x0000, 0x0000, 0x0000, 
0x0000, 0x0000, 0x0000, 0x0000, 0x0000, 0x0000, 0x0000, 0x0000, 0x0000, 0x0000, 0x0000, 0x0000, 0x0000, 0xec60, 0xec80, 0xf4a0, 
0xec60, 0xec60, 0xec60, 0xec60, 0xec60, 0xec80, 0xf4e3, 0xf524, 0xf504, 0xf504, 0xf504, 0xf504, 0xf504, 0xf504, 0xf504, 0xf504, 
0xf504, 0xf504, 0xf504, 0xf504, 0xf504, 0xf504, 0xf504, 0xf504, 0xf504, 0xf504, 0xf504, 0xf504, 0xf504, 0xf504, 0xf504, 0xf504, 
0xf504, 0xf504, 0xf504, 0xf504, 0xf504, 0xf504, 0xf504, 0xf504, 0xf504, 0xf504, 0xf504, 0xf504, 0xf504, 0xf504, 0xf504, 0xf504, 
0xf504, 0xf504, 0xf504, 0xf504, 0xf504, 0xf504, 0xf504, 0xf504, 0xf504, 0xf504, 0xf504, 0xf504, 0xf504, 0xf504, 0xf504, 0xf504, 
0xf504, 0xf504, 0xf504, 0xf504, 0xf504, 0xf504, 0xf504, 0xf504, 0xf504, 0xf504, 0xf504, 0xf504, 0xf504, 0xf504, 0xf504, 0xf504, 
0xf504, 0xf504, 0xf504, 0xf504, 0xf504, 0xf504, 0xf504, 0xf524, 0xf504, 0xf4c2, 0xec60, 0xec60, 0xec60, 0xec60, 0xec60, 0xec80, 
0xf4a0, 0xec80, 0xf4a0, 0x0000, 0x0000, 0x0000, 0x0000, 0x0000, 0x0000, 0x0000, 0x0000, 0x0000, 0x0000, 0x0000, 0x0000, 0x0000, 
0x0000, 0x0000, 0x0000, 0x0000, 0x0000, 0x0000, 0x0000, 0x0000, 0x0000, 0x0000, 0x0000, 0x0000, 0x0000, 0x0000, 0x0000, 0x0000, 
0x0000, 0x0000, 0x0000, 0x0000, 0x0000, 0x0000, 0x0000, 0x0000, 0x0000, 0x0000, 0x0000, 0x0000, 0x0000, 0x0000, 0x0000, 0x0000, 
0x0000, 0x0000, 0x0000, 0x0000, 0x0000, 0x0000, 0x0000, 0x0000, 0x0000, 0x0000, 0x0000, 0x0000, 0x0000, 0x0000, 0xec60, 0xec80, 
0xf4a0, 0xec80, 0xec60, 0xec60, 0xec60, 0xec60, 0xec60, 0xeca1, 0xf504, 0xf524, 0xf504, 0xf504, 0xf504, 0xf504, 0xf504, 0xf504, 
0xf504, 0xf504, 0xf504, 0xf504, 0xf504, 0xf504, 0xf504, 0xf504, 0xf504, 0xf504, 0xf504, 0xf504, 0xf504, 0xf504, 0xf504, 0xf504, 
0xf504, 0xf504, 0xf504, 0xf504, 0xf504, 0xf504, 0xf504, 0xf504, 0xf504, 0xf504, 0xf504, 0xf504, 0xf504, 0xf504, 0xf504, 0xf504, 
0xf504, 0xf504, 0xf504, 0xf504, 0xf504, 0xf504, 0xf504, 0xf504, 0xf504, 0xf504, 0xf504, 0xf504, 0xf504, 0xf504, 0xf504, 0xf504, 
0xf504, 0xf504, 0xf504, 0xf504, 0xf504, 0xf504, 0xf504, 0xf504, 0xf504, 0xf504, 0xf504, 0xf504, 0xf504, 0xf504, 0xf504, 0xf504, 
0xf504, 0xf504, 0xf504, 0xf504, 0xf504, 0xf504, 0xf524, 0xf4e3, 0xec81, 0xec60, 0xec60, 0xec60, 0xec60, 0xec60, 0xf480, 0xec80, 
0xec60, 0xcb20, 0x0000, 0x0000, 0x0000, 0x0000, 0x0000, 0x0000, 0x0000, 0x0000, 0x0000, 0x0000, 0x0000, 0x0000, 0x0000, 0x0000, 
0x0000, 0x0000, 0x0000, 0x0000, 0x0000, 0x0000, 0x0000, 0x0000, 0x0000, 0x0000, 0x0000, 0x0000, 0x0000, 0x0000, 0x0000, 0x0000, 
0x0000, 0x0000, 0x0000, 0x0000, 0x0000, 0x0000, 0x0000, 0x0000, 0x0000, 0x0000, 0x0000, 0x0000, 0x0000, 0x0000, 0x0000, 0x0000, 
0x0000, 0x0000, 0x0000, 0x0000, 0x0000, 0x0000, 0x0000, 0x0000, 0x0000, 0x0000, 0x0000, 0x0000, 0x0000, 0x0000, 0x0000, 0xdc00, 
0xec80, 0xec80, 0xf480, 0xec60, 0xec60, 0xec60, 0xec60, 0xec60, 0xec80, 0xf4c2, 0xf504, 0xf524, 0xf504, 0xf504, 0xf504, 0xf504, 
0xf504, 0xf504, 0xf504, 0xf504, 0xf504, 0xf504, 0xf504, 0xf504, 0xf504, 0xf504, 0xf504, 0xf504, 0xf504, 0xf504, 0xf504, 0xf504, 
0xf504, 0xf504, 0xf504, 0xf504, 0xf504, 0xf504, 0xf504, 0xf504, 0xf504, 0xf504, 0xf504, 0xf504, 0xf504, 0xf504, 0xf504, 0xf504, 
0xf504, 0xf504, 0xf504, 0xf504, 0xf504, 0xf504, 0xf504, 0xf504, 0xf504, 0xf504, 0xf504, 0xf504, 0xf504, 0xf504, 0xf504, 0xf504, 
0xf504, 0xf504, 0xf504, 0xf504, 0xf504, 0xf504, 0xf504, 0xf504, 0xf504, 0xf504, 0xf504, 0xf504, 0xf504, 0xf504, 0xf504, 0xf504, 
0xf504, 0xf504, 0xf504, 0xf504, 0xf524, 0xf504, 0xf4c1, 0xec60, 0xec60, 0xec60, 0xec60, 0xec60, 0xec60, 0xf4a0, 0xec80, 0xec60, 
0x0000, 0x0000, 0x0000, 0x0000, 0x0000, 0x0000, 0x0000, 0x0000, 0x0000, 0x0000, 0x0000, 0x0000, 0x0000, 0x0000, 0x0000, 0x0000, 
0x0000, 0x0000, 0x0000, 0x0000, 0x0000, 0x0000, 0x0000, 0x0000, 0x0000, 0x0000, 0x0000, 0x0000, 0x0000, 0x0000, 0x0000, 0x0000, 
0x0000, 0x0000, 0x0000, 0x0000, 0x0000, 0x0000, 0x0000, 0x0000, 0x0000, 0x0000, 0x0000, 0x0000, 0x0000, 0x0000, 0x0000, 0x0000, 
0x0000, 0x0000, 0x0000, 0x0000, 0x0000, 0x0000, 0x0000, 0x0000, 0x0000, 0x0000, 0x0000, 0x0000, 0x0000, 0x0000, 0x0000, 0x0000, 
0x0000, 0xec60, 0xec80, 0xf4a0, 0xec60, 0xec60, 0xec60, 0xec60, 0xec60, 0xec60, 0xeca1, 0xf4e3, 0xf504, 0xf524, 0xf504, 0xf504, 
0xf504, 0xf504, 0xf504, 0xf504, 0xf504, 0xf504, 0xf504, 0xf504, 0xf504, 0xf504, 0xf504, 0xf504, 0xf504, 0xf504, 0xf504, 0xf504, 
0xf504, 0xf504, 0xf504, 0xf504, 0xf504, 0xf504, 0xf504, 0xf504, 0xf504, 0xf504, 0xf504, 0xf504, 0xf504, 0xf504, 0xf504, 0xf504, 
0xf504, 0xf504, 0xf504, 0xf504, 0xf504, 0xf504, 0xf504, 0xf504, 0xf504, 0xf504, 0xf504, 0xf504, 0xf504, 0xf504, 0xf504, 0xf504, 
0xf504, 0xf504, 0xf504, 0xf504, 0xf504, 0xf504, 0xf504, 0xf504, 0xf504, 0xf504, 0xf504, 0xf504, 0xf504, 0xf504, 0xf504, 0xf504, 
0xf504, 0xf504, 0xf524, 0xf504, 0xf4c2, 0xec80, 0xec60, 0xec60, 0xec60, 0xec60, 0xec60, 0xec80, 0xf4a0, 0xec80, 0xec60, 0x0000, 
0x0000, 0x0000, 0x0000, 0x0000, 0x0000, 0x0000, 0x0000, 0x0000, 0x0000, 0x0000, 0x0000, 0x0000, 0x0000, 0x0000, 0x0000, 0x0000, 
0x0000, 0x0000, 0x0000, 0x0000, 0x0000, 0x0000, 0x0000, 0x0000, 0x0000, 0x0000, 0x0000, 0x0000, 0x0000, 0x0000, 0x0000, 0x0000, 
0x0000, 0x0000, 0x0000, 0x0000, 0x0000, 0x0000, 0x0000, 0x0000, 0x0000, 0x0000, 0x0000, 0x0000, 0x0000, 0x0000, 0x0000, 0x0000, 
0x0000, 0x0000, 0x0000, 0x0000, 0x0000, 0x0000, 0x0000, 0x0000, 0x0000, 0x0000, 0x0000, 0x0000, 0x0000, 0x0000, 0x0000, 0x0000, 
0x0000, 0x0000, 0xec60, 0xec80, 0xf480, 0xec80, 0xec60, 0xec60, 0xec60, 0xec60, 0xec60, 0xec60, 0xeca1, 0xf4e3, 0xf504, 0xf524, 
0xf504, 0xf504, 0xf504, 0xf504, 0xf504, 0xf504, 0xf504, 0xf504, 0xf504, 0xf504, 0xf504, 0xf504, 0xf504, 0xf504, 0xf504, 0xf504, 
0xf504, 0xf504, 0xf504, 0xf504, 0xf504, 0xf504, 0xf504, 0xf504, 0xf504, 0xf504, 0xf504, 0xf504, 0xf504, 0xf504, 0xf504, 0xf504, 
0xf504, 0xf504, 0xf504, 0xf504, 0xf504, 0xf504, 0xf504, 0xf504, 0xf504, 0xf504, 0xf504, 0xf504, 0xf504, 0xf504, 0xf504, 0xf504, 
0xf504, 0xf504, 0xf504, 0xf504, 0xf504, 0xf504, 0xf504, 0xf504, 0xf504, 0xf504, 0xf504, 0xf504, 0xf504, 0xf504, 0xf504, 0xf504, 
0xf524, 0xf504, 0xf4e3, 0xec80, 0xec60, 0xec60, 0xec60, 0xec60, 0xec60, 0xec60, 0xf4a0, 0xec80, 0xec80, 0xdc00, 0x0000, 0x0000, 
0x0000, 0x0000, 0x0000, 0x0000, 0x0000, 0x0000, 0x0000, 0x0000, 0x0000, 0x0000, 0x0000, 0x0000, 0x0000, 0x0000, 0x0000, 0x0000, 
0x0000, 0x0000, 0x0000, 0x0000, 0x0000, 0x0000, 0x0000, 0x0000, 0x0000, 0x0000, 0x0000, 0x0000, 0x0000, 0x0000, 0x0000, 0x0000, 
0x0000, 0x0000, 0x0000, 0x0000, 0x0000, 0x0000, 0x0000, 0x0000, 0x0000, 0x0000, 0x0000, 0x0000, 0x0000, 0x0000, 0x0000, 0x0000, 
0x0000, 0x0000, 0x0000, 0x0000, 0x0000, 0x0000, 0x0000, 0x0000, 0x0000, 0x0000, 0x0000, 0x0000, 0x0000, 0x0000, 0x0000, 0x0000, 
0x0000, 0x0000, 0x0000, 0xf800, 0xec60, 0xec80, 0xf4a0, 0xec80, 0xec60, 0xec60, 0xec60, 0xec60, 0xec60, 0xec80, 0xeca1, 0xf4e3, 
0xf504, 0xf524, 0xf504, 0xf504, 0xf504, 0xf504, 0xf504, 0xf504, 0xf504, 0xf504, 0xf504, 0xf504, 0xf504, 0xf504, 0xf504, 0xf504, 
0xf504, 0xf504, 0xf504, 0xf504, 0xf504, 0xf504, 0xf504, 0xf504, 0xf504, 0xf504, 0xf504, 0xf504, 0xf504, 0xf504, 0xf504, 0xf504, 
0xf504, 0xf504, 0xf504, 0xf504, 0xf504, 0xf504, 0xf504, 0xf504, 0xf504, 0xf504, 0xf504, 0xf504, 0xf504, 0xf504, 0xf504, 0xf504, 
0xf504, 0xf504, 0xf504, 0xf504, 0xf504, 0xf504, 0xf504, 0xf504, 0xf504, 0xf504, 0xf504, 0xf504, 0xf504, 0xf504, 0xf524, 0xf504, 
0xf4e2, 0xeca1, 0xec60, 0xec60, 0xec60, 0xec60, 0xec60, 0xec60, 0xec80, 0xf4a0, 0xec80, 0xec60, 0x0000, 0x0000, 0x0000, 0x0000, 
0x0000, 0x0000, 0x0000, 0x0000, 0x0000, 0x0000, 0x0000, 0x0000, 0x0000, 0x0000, 0x0000, 0x0000, 0x0000, 0x0000, 0x0000, 0x0000, 
0x0000, 0x0000, 0x0000, 0x0000, 0x0000, 0x0000, 0x0000, 0x0000, 0x0000, 0x0000, 0x0000, 0x0000, 0x0000, 0x0000, 0x0000, 0x0000, 
0x0000, 0x0000, 0x0000, 0x0000, 0x0000, 0x0000, 0x0000, 0x0000, 0x0000, 0x0000, 0x0000, 0x0000, 0x0000, 0x0000, 0x0000, 0x0000, 
0x0000, 0x0000, 0x0000, 0x0000, 0x0000, 0x0000, 0x0000, 0x0000, 0x0000, 0x0000, 0x0000, 0x0000, 0x0000, 0x0000, 0x0000, 0x0000, 
0x0000, 0x0000, 0x0000, 0x0000, 0x0000, 0xe460, 0xec80, 0xec80, 0xf480, 0xec60, 0xec60, 0xec60, 0xec60, 0xec60, 0xec60, 0xec60, 
0xeca1, 0xf4e3, 0xf504, 0xf524, 0xf504, 0xf504, 0xf504, 0xf504, 0xf504, 0xf504, 0xf504, 0xf504, 0xf504, 0xf504, 0xf504, 0xf504, 
0xf504, 0xf504, 0xf504, 0xf504, 0xf504, 0xf504, 0xf504, 0xf504, 0xf504, 0xf504, 0xf504, 0xf504, 0xf504, 0xf504, 0xf504, 0xf504, 
0xf504, 0xf504, 0xf504, 0xf504, 0xf504, 0xf504, 0xf504, 0xf504, 0xf504, 0xf504, 0xf504, 0xf504, 0xf504, 0xf504, 0xf504, 0xf504, 
0xf504, 0xf504, 0xf504, 0xf504, 0xf504, 0xf504, 0xf504, 0xf504, 0xf504, 0xf504, 0xf504, 0xf504, 0xf524, 0xf504, 0xf4c2, 0xec80, 
0xec60, 0xec60, 0xec60, 0xec60, 0xec60, 0xec60, 0xec80, 0xf4a0, 0xec80, 0xec60, 0xe460, 0x0000, 0x0000, 0x0000, 0x0000, 0x0000, 
0x0000, 0x0000, 0x0000, 0x0000, 0x0000, 0x0000, 0x0000, 0x0000, 0x0000, 0x0000, 0x0000, 0x0000, 0x0000, 0x0000, 0x0000, 0x0000, 
0x0000, 0x0000, 0x0000, 0x0000, 0x0000, 0x0000, 0x0000, 0x0000, 0x0000, 0x0000, 0x0000, 0x0000, 0x0000, 0x0000, 0x0000, 0x0000, 
0x0000, 0x0000, 0x0000, 0x0000, 0x0000, 0x0000, 0x0000, 0x0000, 0x0000, 0x0000, 0x0000, 0x0000, 0x0000, 0x0000, 0x0000, 0x0000, 
0x0000, 0x0000, 0x0000, 0x0000, 0x0000, 0x0000, 0x0000, 0x0000, 0x0000, 0x0000, 0x0000, 0x0000, 0x0000, 0x0000, 0x0000, 0x0000, 
0x0000, 0x0000, 0x0000, 0x0000, 0x0000, 0x0000, 0x0000, 0xec80, 0xec80, 0xf480, 0xf480, 0xec60, 0xec60, 0xec60, 0xec60, 0xec60, 
0xec60, 0xec60, 0xec80, 0xf4c2, 0xf503, 0xf504, 0xf524, 0xf504, 0xf504, 0xf504, 0xf504, 0xf504, 0xf504, 0xf504, 0xf504, 0xf504, 
0xf504, 0xf504, 0xf504, 0xf504, 0xf504, 0xf504, 0xf504, 0xf504, 0xf504, 0xf504, 0xf504, 0xf504, 0xf504, 0xf504, 0xf504, 0xf504, 
0xf504, 0xf504, 0xf504, 0xf504, 0xf504, 0xf504, 0xf504, 0xf504, 0xf504, 0xf504, 0xf504, 0xf504, 0xf504, 0xf504, 0xf504, 0xf504, 
0xf504, 0xf504, 0xf504, 0xf504, 0xf504, 0xf504, 0xf504, 0xf504, 0xf504, 0xf524, 0xf504, 0xf4e3, 0xf4c1, 0xec80, 0xec60, 0xec60, 
0xec60, 0xec60, 0xec60, 0xec60, 0xec80, 0xf4a0, 0xec60, 0xec80, 0xe480, 0x0000, 0x0000, 0x0000, 0x0000, 0x0000, 0x0000, 0x0000, 
0x0000, 0x0000, 0x0000, 0x0000, 0x0000, 0x0000, 0x0000, 0x0000, 0x0000, 0x0000, 0x0000, 0x0000, 0x0000, 0x0000, 0x0000, 0x0000, 
0x0000, 0x0000, 0x0000, 0x0000, 0x0000, 0x0000, 0x0000, 0x0000, 0x0000, 0x0000, 0x0000, 0x0000, 0x0000, 0x0000, 0x0000, 0x0000, 
0x0000, 0x0000, 0x0000, 0x0000, 0x0000, 0x0000, 0x0000, 0x0000, 0x0000, 0x0000, 0x0000, 0x0000, 0x0000, 0x0000, 0x0000, 0x0000, 
0x0000, 0x0000, 0x0000, 0x0000, 0x0000, 0x0000, 0x0000, 0x0000, 0x0000, 0x0000, 0x0000, 0x0000, 0x0000, 0x0000, 0x0000, 0x0000, 
0x0000, 0x0000, 0x0000, 0x0000, 0x0000, 0x0000, 0x0000, 0x0000, 0xfd40, 0xec80, 0xec80, 0xf4a0, 0xf480, 0xec60, 0xec60, 0xec60, 
0xec60, 0xec60, 0xec60, 0xec60, 0xec80, 0xeca1, 0xf4e2, 0xf503, 0xf504, 0xf524, 0xf504, 0xf504, 0xf504, 0xf504, 0xf504, 0xf504, 
0xf504, 0xf504, 0xf504, 0xf504, 0xf504, 0xf504, 0xf504, 0xf504, 0xf504, 0xf504, 0xf504, 0xf504, 0xf504, 0xf504, 0xf504, 0xf504, 
0xf504, 0xf504, 0xf504, 0xf504, 0xf504, 0xf504, 0xf504, 0xf504, 0xf504, 0xf504, 0xf504, 0xf504, 0xf504, 0xf504, 0xf504, 0xf504, 
0xf504, 0xf504, 0xf504, 0xf504, 0xf504, 0xf504, 0xf524, 0xf504, 0xf503, 0xf4c2, 0xeca1, 0xec60, 0xec60, 0xec60, 0xec60, 0xec60, 
0xec60, 0xec60, 0xec80, 0xf4a0, 0xec80, 0xec80, 0xec60, 0x0000, 0x0000, 0x0000, 0x0000, 0x0000, 0x0000, 0x0000, 0x0000, 0x0000, 
0x0000, 0x0000, 0x0000, 0x0000, 0x0000, 0x0000, 0x0000, 0x0000, 0x0000, 0x0000, 0x0000, 0x0000, 0x0000, 0x0000, 0x0000, 0x0000, 
0x0000, 0x0000, 0x0000, 0x0000, 0x0000, 0x0000, 0x0000, 0x0000, 0x0000, 0x0000, 0x0000, 0x0000, 0x0000, 0x0000, 0x0000, 0x0000, 
0x0000, 0x0000, 0x0000, 0x0000, 0x0000, 0x0000, 0x0000, 0x0000, 0x0000, 0x0000, 0x0000, 0x0000, 0x0000, 0x0000, 0x0000, 0x0000, 
0x0000, 0x0000, 0x0000, 0x0000, 0x0000, 0x0000, 0x0000, 0x0000, 0x0000, 0x0000, 0x0000, 0x0000, 0x0000, 0x0000, 0x0000, 0x0000, 
0x0000, 0x0000, 0x0000, 0x0000, 0x0000, 0x0000, 0x0000, 0x0000, 0x0000, 0x0000, 0xec40, 0xec80, 0xec80, 0xf480, 0xf480, 0xec60, 
0xec60, 0xec60, 0xec60, 0xec60, 0xec60, 0xec60, 0xec60, 0xec80, 0xeca1, 0xf4c2, 0xf503, 0xf504, 0xf524, 0xf524, 0xf504, 0xf504, 
0xf504, 0xf504, 0xf504, 0xf504, 0xf504, 0xf504, 0xf504, 0xf504, 0xf504, 0xf504, 0xf504, 0xf504, 0xf504, 0xf504, 0xf504, 0xf504, 
0xf504, 0xf504, 0xf504, 0xf504, 0xf504, 0xf504, 0xf504, 0xf504, 0xf504, 0xf504, 0xf504, 0xf504, 0xf504, 0xf504, 0xf504, 0xf504, 
0xf504, 0xf504, 0xf524, 0xf524, 0xf504, 0xf4e3, 0xf4c2, 0xeca1, 0xec80, 0xec60, 0xec60, 0xec60, 0xec60, 0xec60, 0xec60, 0xec60, 
0xec80, 0xf4a0, 0xec60, 0xec80, 0xec60, 0x8400, 0x0000, 0x0000, 0x0000, 0x0000, 0x0000, 0x0000, 0x0000, 0x0000, 0x0000, 0x0000, 
0x0000, 0x0000, 0x0000, 0x0000, 0x0000, 0x0000, 0x0000, 0x0000, 0x0000, 0x0000, 0x0000, 0x0000, 0x0000, 0x0000, 0x0000, 0x0000, 
0x0000, 0x0000, 0x0000, 0x0000, 0x0000, 0x0000, 0x0000, 0x0000, 0x0000, 0x0000, 0x0000, 0x0000, 0x0000, 0x0000, 0x0000, 0x0000, 
0x0000, 0x0000, 0x0000, 0x0000, 0x0000, 0x0000, 0x0000, 0x0000, 0x0000, 0x0000, 0x0000, 0x0000, 0x0000, 0x0000, 0x0000, 0x0000, 
0x0000, 0x0000, 0x0000, 0x0000, 0x0000, 0x0000, 0x0000, 0x0000, 0x0000, 0x0000, 0x0000, 0x0000, 0x0000, 0x0000, 0x0000, 0x0000, 
0x0000, 0x0000, 0x0000, 0x0000, 0x0000, 0x0000, 0x0000, 0x0000, 0x0000, 0x0000, 0x0000, 0x0000, 0xeca0, 0xec80, 0xec80, 0xec80, 
0xf4a0, 0xec80, 0xec60, 0xec60, 0xec60, 0xec60, 0xec60, 0xec60, 0xec60, 0xec60, 0xec80, 0xec80, 0xf4c1, 0xf4e2, 0xf503, 0xf504, 
0xf504, 0xf524, 0xf524, 0xf504, 0xf504, 0xf504, 0xf504, 0xf504, 0xf504, 0xf504, 0xf504, 0xf504, 0xf504, 0xf504, 0xf504, 0xf504, 
0xf504, 0xf504, 0xf504, 0xf504, 0xf504, 0xf504, 0xf504, 0xf504, 0xf504, 0xf504, 0xf504, 0xf504, 0xf504, 0xf524, 0xf524, 0xf504, 
0xf504, 0xf503, 0xf4c2, 0xeca1, 0xec80, 0xec60, 0xec60, 0xec60, 0xec60, 0xec60, 0xec60, 0xec60, 0xec60, 0xec60, 0xec80, 0xf4a0, 
0xec60, 0xec80, 0xec80, 0x8400, 0x0000, 0x0000, 0x0000, 0x0000, 0x0000, 0x0000, 0x0000, 0x0000, 0x0000, 0x0000, 0x0000, 0x0000, 
0x0000, 0x0000, 0x0000, 0x0000, 0x0000, 0x0000, 0x0000, 0x0000, 0x0000, 0x0000, 0x0000, 0x0000, 0x0000, 0x0000, 0x0000, 0x0000, 
0x0000, 0x0000, 0x0000, 0x0000, 0x0000, 0x0000, 0x0000, 0x0000, 0x0000, 0x0000, 0x0000, 0x0000, 0x0000, 0x0000, 0x0000, 0x0000, 
0x0000, 0x0000, 0x0000, 0x0000, 0x0000, 0x0000, 0x0000, 0x0000, 0x0000, 0x0000, 0x0000, 0x0000, 0x0000, 0x0000, 0x0000, 0x0000, 
0x0000, 0x0000, 0x0000, 0x0000, 0x0000, 0x0000, 0x0000, 0x0000, 0x0000, 0x0000, 0x0000, 0x0000, 0x0000, 0x0000, 0x0000, 0x0000, 
0x0000, 0x0000, 0x0000, 0x0000, 0x0000, 0x0000, 0x0000, 0x0000, 0x0000, 0x0000, 0x0000, 0x0000, 0x0000, 0x0000, 0xdc80, 0xec60, 
0xec80, 0xec60, 0xf4a0, 0xf480, 0xec60, 0xec60, 0xec60, 0xec60, 0xec60, 0xec60, 0xec60, 0xec60, 0xec60, 0xec60, 0xec80, 0xec80, 
0xeca1, 0xf4c2, 0xf4e3, 0xf4e3, 0xf504, 0xf504, 0xf504, 0xf524, 0xf524, 0xf524, 0xf524, 0xf524, 0xf524, 0xf524, 0xf524, 0xf524, 
0xf524, 0xf524, 0xf524, 0xf524, 0xf524, 0xf524, 0xf524, 0xf524, 0xf524, 0xf504, 0xf504, 0xf504, 0xf4e3, 0xf4e2, 0xf4c2, 0xeca1, 
0xec80, 0xec80, 0xec60, 0xec60, 0xec60, 0xec60, 0xec60, 0xec60, 0xec60, 0xec60, 0xec60, 0xec80, 0xf480, 0xf4a0, 0xec80, 0xec80, 
0xec60, 0x0000, 0x0000, 0x0000, 0x0000, 0x0000, 0x0000, 0x0000, 0x0000, 0x0000, 0x0000, 0x0000, 0x0000, 0x0000, 0x0000, 0x0000, 
0x0000, 0x0000, 0x0000, 0x0000, 0x0000, 0x0000, 0x0000, 0x0000, 0x0000, 0x0000, 0x0000, 0x0000, 0x0000, 0x0000, 0x0000, 0x0000, 
0x0000, 0x0000, 0x0000, 0x0000, 0x0000, 0x0000, 0x0000, 0x0000, 0x0000, 0x0000, 0x0000, 0x0000, 0x0000, 0x0000, 0x0000, 0x0000, 
0x0000, 0x0000, 0x0000, 0x0000, 0x0000, 0x0000, 0x0000, 0x0000, 0x0000, 0x0000, 0x0000, 0x0000, 0x0000, 0x0000, 0x0000, 0x0000, 
0x0000, 0x0000, 0x0000, 0x0000, 0x0000, 0x0000, 0x0000, 0x0000, 0x0000, 0x0000, 0x0000, 0x0000, 0x0000, 0x0000, 0x0000, 0x0000, 
0x0000, 0x0000, 0x0000, 0x0000, 0x0000, 0x0000, 0x0000, 0x0000, 0x0000, 0x0000, 0x0000, 0x0000, 0x0000, 0x0000, 0x0000, 0x0000, 
0x0000, 0xec60, 0xec80, 0xec80, 0xec80, 0xf4a0, 0xf480, 0xec80, 0xec60, 0xec60, 0xec60, 0xec60, 0xec60, 0xec60, 0xec60, 0xec60, 
0xec60, 0xec60, 0xec60, 0xec60, 0xec80, 0xec80, 0xeca1, 0xeca1, 0xf4c2, 0xf4c2, 0xf4c2, 0xf4e2, 0xf4e3, 0xf4e3, 0xf4e3, 0xf4e3, 
0xf4e3, 0xf4e3, 0xf4e3, 0xf4e3, 0xf4e2, 0xf4c2, 0xf4c2, 0xf4c2, 0xeca1, 0xeca1, 0xec80, 0xec80, 0xec60, 0xec60, 0xec60, 0xec60, 
0xec60, 0xec60, 0xec60, 0xec60, 0xec60, 0xec60, 0xec60, 0xec60, 0xec80, 0xf480, 0xf4a0, 0xec60, 0xec80, 0xec80, 0xec60, 0x0000, 
0x0000, 0x0000, 0x0000, 0x0000, 0x0000, 0x0000, 0x0000, 0x0000, 0x0000, 0x0000, 0x0000, 0x0000, 0x0000, 0x0000, 0x0000, 0x0000, 
0x0000, 0x0000, 0x0000, 0x0000, 0x0000, 0x0000, 0x0000, 0x0000, 0x0000, 0x0000, 0x0000, 0x0000, 0x0000, 0x0000, 0x0000, 0x0000, 
0x0000, 0x0000, 0x0000, 0x0000, 0x0000, 0x0000, 0x0000, 0x0000, 0x0000, 0x0000, 0x0000, 0x0000, 0x0000, 0x0000, 0x0000, 0x0000, 
0x0000, 0x0000, 0x0000, 0x0000, 0x0000, 0x0000, 0x0000, 0x0000, 0x0000, 0x0000, 0x0000, 0x0000, 0x0000, 0x0000, 0x0000, 0x0000, 
0x0000, 0x0000, 0x0000, 0x0000, 0x0000, 0x0000, 0x0000, 0x0000, 0x0000, 0x0000, 0x0000, 0x0000, 0x0000, 0x0000, 0x0000, 0x0000, 
0x0000, 0x0000, 0x0000, 0x0000, 0x0000, 0x0000, 0x0000, 0x0000, 0x0000, 0x0000, 0x0000, 0x0000, 0x0000, 0x0000, 0x0000, 0x0000, 
0x0000, 0x0000, 0x0000, 0xe460, 0xec60, 0xec80, 0xec80, 0xec60, 0xf4a0, 0xf480, 0xec80, 0xec60, 0xec60, 0xec60, 0xec60, 0xec60, 
0xec60, 0xec60, 0xec60, 0xec60, 0xec60, 0xec60, 0xec60, 0xec60, 0xec60, 0xec60, 0xec60, 0xec60, 0xec60, 0xec60, 0xec60, 0xec60, 
0xec60, 0xec60, 0xec60, 0xec60, 0xec60, 0xec60, 0xec60, 0xec60, 0xec60, 0xec60, 0xec60, 0xec60, 0xec60, 0xec60, 0xec60, 0xec60, 
0xec60, 0xec60, 0xec60, 0xec60, 0xec60, 0xec80, 0xf4a0, 0xf4a0, 0xec60, 0xec80, 0xec80, 0xec60, 0x0000, 0x0000, 0x0000, 0x0000, 
0x0000, 0x0000, 0x0000, 0x0000, 0x0000, 0x0000, 0x0000, 0x0000, 0x0000, 0x0000, 0x0000, 0x0000, 0x0000, 0x0000, 0x0000, 0x0000, 
0x0000, 0x0000, 0x0000, 0x0000, 0x0000, 0x0000, 0x0000, 0x0000, 0x0000, 0x0000, 0x0000, 0x0000, 0x0000, 0x0000, 0x0000, 0x0000, 
0x0000, 0x0000, 0x0000, 0x0000, 0x0000, 0x0000, 0x0000, 0x0000, 0x0000, 0x0000, 0x0000, 0x0000, 0x0000, 0x0000, 0x0000, 0x0000, 
0x0000, 0x0000, 0x0000, 0x0000, 0x0000, 0x0000, 0x0000, 0x0000, 0x0000, 0x0000, 0x0000, 0x0000, 0x0000, 0x0000, 0x0000, 0x0000, 
0x0000, 0x0000, 0x0000, 0x0000, 0x0000, 0x0000, 0x0000, 0x0000, 0x0000, 0x0000, 0x0000, 0x0000, 0x0000, 0x0000, 0x0000, 0x0000, 
0x0000, 0x0000, 0x0000, 0x0000, 0x0000, 0x0000, 0x0000, 0x0000, 0x0000, 0x0000, 0x0000, 0x0000, 0x0000, 0x0000, 0x0000, 0x0000, 
0x0000, 0x0000, 0x0000, 0x0000, 0x0000, 0x0000, 0xe400, 0xec80, 0xec80, 0xec60, 0xec60, 0xf480, 0xf4a0, 0xf480, 0xec80, 0xec80, 
0xec60, 0xec60, 0xec60, 0xec60, 0xec60, 0xec60, 0xec60, 0xec60, 0xec60, 0xec60, 0xec60, 0xec60, 0xec60, 0xec60, 0xec60, 0xec60, 
0xec60, 0xec60, 0xec60, 0xec60, 0xec60, 0xec60, 0xec60, 0xec60, 0xec60, 0xec60, 0xec60, 0xec60, 0xec60, 0xec60, 0xec60, 0xec60, 
0xec80, 0xec80, 0xf480, 0xf4a0, 0xec80, 0xec80, 0xec80, 0xec80, 0xec60, 0xfd40, 0x0000, 0x0000, 0x0000, 0x0000, 0x0000, 0x0000, 
0x0000, 0x0000, 0x0000, 0x0000, 0x0000, 0x0000, 0x0000, 0x0000, 0x0000, 0x0000, 0x0000, 0x0000, 0x0000, 0x0000, 0x0000, 0x0000, 
0x0000, 0x0000, 0x0000, 0x0000, 0x0000, 0x0000, 0x0000, 0x0000, 0x0000, 0x0000, 0x0000, 0x0000, 0x0000, 0x0000, 0x0000, 0x0000, 
0x0000, 0x0000, 0x0000, 0x0000, 0x0000, 0x0000, 0x0000, 0x0000, 0x0000, 0x0000, 0x0000, 0x0000, 0x0000, 0x0000, 0x0000, 0x0000, 
0x0000, 0x0000, 0x0000, 0x0000, 0x0000, 0x0000, 0x0000, 0x0000, 0x0000, 0x0000, 0x0000, 0x0000, 0x0000, 0x0000, 0x0000, 0x0000, 
0x0000, 0x0000, 0x0000, 0x0000, 0x0000, 0x0000, 0x0000, 0x0000, 0x0000, 0x0000, 0x0000, 0x0000, 0x0000, 0x0000, 0x0000, 0x0000, 
0x0000, 0x0000, 0x0000, 0x0000, 0x0000, 0x0000, 0x0000, 0x0000, 0x0000, 0x0000, 0x0000, 0x0000, 0x0000, 0x0000, 0x0000, 0x0000, 
0x0000, 0x0000, 0x0000, 0x0000, 0x0000, 0x0000, 0x0000, 0x0000, 0x0000, 0x0000, 0xec60, 0xec80, 0xec60, 0xec60, 0xec60, 0xec80, 
0xf4a0, 0xf4a0, 0xf4a0, 0xf480, 0xec80, 0xec80, 0xec60, 0xec60, 0xec60, 0xec60, 0xec60, 0xec60, 0xec60, 0xec60, 0xec60, 0xec60, 
0xec60, 0xec60, 0xec60, 0xec60, 0xec60, 0xec60, 0xec60, 0xec60, 0xec60, 0xec60, 0xec80, 0xec80, 0xf480, 0xf4a0, 0xf4a0, 0xf4a0, 
0xec60, 0xec60, 0xec60, 0xec80, 0xec60, 0xec60, 0x0000, 0x0000, 0x0000, 0x0000, 0x0000, 0x0000, 0x0000, 0x0000, 0x0000, 0x0000, 
0x0000, 0x0000, 0x0000, 0x0000, 0x0000, 0x0000, 0x0000, 0x0000, 0x0000, 0x0000, 0x0000, 0x0000, 0x0000, 0x0000, 0x0000, 0x0000, 
0x0000, 0x0000, 0x0000, 0x0000, 0x0000, 0x0000, 0x0000, 0x0000, 0x0000, 0x0000, 0x0000, 0x0000, 0x0000, 0x0000, 0x0000, 0x0000, 
0x0000, 0x0000, 0x0000, 0x0000, 0x0000, 0x0000, 0x0000, 0x0000, 0x0000, 0x0000, 0x0000, 0x0000, 0x0000, 0x0000, 0x0000, 0x0000, 
0x0000, 0x0000, 0x0000, 0x0000, 0x0000, 0x0000, 0x0000, 0x0000, 0x0000, 0x0000, 0x0000, 0x0000, 0x0000, 0x0000, 0x0000, 0x0000, 
0x0000, 0x0000, 0x0000, 0x0000, 0x0000, 0x0000, 0x0000, 0x0000, 0x0000, 0x0000, 0x0000, 0x0000, 0x0000, 0x0000, 0x0000, 0x0000, 
0x0000, 0x0000, 0x0000, 0x0000, 0x0000, 0x0000, 0x0000, 0x0000, 0x0000, 0x0000, 0x0000, 0x0000, 0x0000, 0x0000, 0x0000, 0x0000, 
0x0000, 0x0000, 0x0000, 0x0000, 0x0000, 0x0000, 0x0000, 0x0000, 0x0000, 0x0000, 0x0000, 0x0000, 0x0000, 0x0000, 0xec80, 0xec80, 
0xec80, 0xec80, 0xec60, 0xec60, 0xec60, 0xec60, 0xf480, 0xf4a0, 0xf4a0, 0xf4a0, 0xf4a0, 0xf4a0, 0xf480, 0xf480, 0xf480, 0xf480, 
0xf480, 0xf480, 0xf480, 0xf480, 0xf4a0, 0xf4a0, 0xf4a0, 0xf4a0, 0xf4a0, 0xec80, 0xec60, 0xec60, 0xec60, 0xec60, 0xec60, 0xec80, 
0xec60, 0xe420, 0x0000, 0x0000, 0x0000, 0x0000, 0x0000, 0x0000, 0x0000, 0x0000, 0x0000, 0x0000, 0x0000, 0x0000, 0x0000, 0x0000, 
0x0000, 0x0000, 0x0000, 0x0000, 0x0000, 0x0000, 0x0000, 0x0000, 0x0000, 0x0000, 0x0000, 0x0000, 0x0000, 0x0000, 0x0000, 0x0000, 
0x0000, 0x0000, 0x0000, 0x0000, 0x0000, 0x0000, 0x0000, 0x0000, 0x0000, 0x0000, 0x0000, 0x0000, 0x0000, 0x0000, 0x0000, 0x0000, 
0x0000, 0x0000, 0x0000, 0x0000, 0x0000, 0x0000, 0x0000, 0x0000, 0x0000, 0x0000, 0x0000, 0x0000, 0x0000, 0x0000, 0x0000, 0x0000, 
0x0000, 0x0000, 0x0000, 0x0000, 0x0000, 0x0000, 0x0000, 0x0000, 0x0000, 0x0000, 0x0000, 0x0000, 0x0000, 0x0000, 0x0000, 0x0000, 
0x0000, 0x0000, 0x0000, 0x0000, 0x0000, 0x0000, 0x0000, 0x0000, 0x0000, 0x0000, 0x0000, 0x0000, 0x0000, 0x0000, 0x0000, 0x0000, 
0x0000, 0x0000, 0x0000, 0x0000, 0x0000, 0x0000, 0x0000, 0x0000, 0x0000, 0x0000, 0x0000, 0x0000, 0x0000, 0x0000, 0x0000, 0x0000, 
0x0000, 0x0000, 0x0000, 0x0000, 0x0000, 0x0000, 0x0000, 0x0000, 0x0000, 0x0000, 0x0000, 0x0000, 0x0000, 0x0000, 0x0000, 0x0000, 
0x0000, 0x0000, 0x0000, 0xfce0, 0xf480, 0xec80, 0xec60, 0xec80, 0xec60, 0xec60, 0xec60, 0xec60, 0xec60, 0xec60, 0xec60, 0xec60, 
0xec60, 0xec60, 0xec60, 0xec80, 0xec60, 0xec60, 0xec80, 0xec60, 0xec80, 0xec80, 0xec80, 0xf480, 0xfce0, 0x0000, 0x0000, 0x0000, 
0x0000, 0x0000, 0x0000, 0x0000, 0x0000, 0x0000, 0x0000, 0x0000, 0x0000, 0x0000, 0x0000, 0x0000, 0x0000, 0x0000, 0x0000, 0x0000, 
0x0000, 0x0000, 0x0000, 0x0000, 0x0000, 0x0000, 0x0000, 0x0000, 0x0000, 0x0000, 0x0000, 0x0000, 0x0000, 0x0000, 0x0000, 0x0000, 
0x0000, 0x0000, 0x0000, 0x0000, 0x0000, 0x0000, 0x0000, 0x0000, 0x0000, 0x0000, 0x0000, 0x0000, 0x0000, 0x0000, 0x0000, 0x0000, 
0x0000, 0x0000, 0x0000, 0x0000, 0x0000, 0x0000, 0x0000, 0x0000, 0x0000, 0x0000, 0x0000, 0x0000, 0x0000, 0x0000, 0x0000, 0x0000, 
0x0000, 0x0000, 0x0000, 0x0000, 0x0000, 0x0000, 0x0000, 0x0000, 0x0000, 0x0000, 0x0000, 0x0000, 0x0000, 0x0000, 0x0000, 0x0000, 
0x0000, 0x0000, 0x0000, 0x0000, 0x0000, 0x0000, 0x0000, 0x0000, 0x0000, 0x0000, 0x0000, 0x0000, 0x0000, 0x0000, 0x0000, 0x0000, 
0x0000, 0x0000, 0x0000, 0x0000, 0x0000, 0x0000, 0x0000, 0x0000, 0x0000, 0x0000, 0x0000, 0x0000, 0x0000, 0x0000, 0x0000, 0x0000, 
0x0000, 0x0000, 0x0000, 0x0000, 0x0000, 0x0000, 0x0000, 0x0000, 0x0000, 0x0000, 0x0000, 0x0000, 0x0000, 0x0000, 0x0000, 0x0000, 
0x0000, 0x0000, 0x0000, 0x0000, 0x0000, 0x0000, 0x0000, 0x0000, 0x0000, 0x0000, 0x0000, 0x0000, 0x0000, 0x0000, 0x0000, 0xfc00, 
0xfc00, 0x0000, 0x0000, 0x0000, 0x0000, 0x0000, 0x0000, 0x0000, 0x0000, 0x0000, 0x0000, 0x0000, 0x0000, 0x0000, 0x0000, 0x0000, 
0x0000, 0x0000, 0x0000, 0x0000, 0x0000, 0x0000, 0x0000, 0x0000, 0x0000, 0x0000, 0x0000, 0x0000, 0x0000, 0x0000, 0x0000, 0x0000, 
0x0000, 0x0000, 0x0000, 0x0000, 0x0000, 0x0000, 0x0000, 0x0000, 0x0000, 0x0000, 0x0000, 0x0000, 0x0000, 0x0000, 0x0000, 0x0000, 
0x0000, 0x0000, 0x0000, 0x0000, 0x0000, 0x0000, 0x0000, 0x0000, 0x0000, 0x0000, 0x0000, 0x0000, 0x0000, 0x0000, 0x0000, 0x0000, 
0x0000, 0x0000, 0x0000, 0x0000, 0x0000, 0x0000, 0x0000, 0x0000, 0x0000, 0x0000, 0x0000, 0x0000, 0x0000, 0x0000, 0x0000, 0x0000, 
0x0000, 0x0000, 0x0000, 0x0000, 0x0000, 0x0000, 0x0000, 0x0000, 0x0000, 0x0000, 0x0000, 0x0000, 0x0000, 0x0000, 0x0000, 0x0000, 
0x0000, 0x0000, 0x0000, 0x0000, 0x0000, 0x0000, 0x0000, 0x0000, 0x0000, 0x0000, 0x0000, 0x0000, 0x0000, 0x0000, 0x0000, 0x0000, 
0x0000, 0x0000, 0x0000, 0x0000, 0x0000, 0x0000, 0x0000, 0x0000, 0x0000, 0x0000, 0x0000, 0x0000, 0x0000, 0x0000, 0x0000, 0x0000, 
0x0000, 0x0000, 0x0000, 0x0000, 0x0000, 0x0000, 0x0000, 0x0000, 0x0000, 0x0000, 0x0000, 0x0000, 0x0000, 0x0000, 0x0000, 0x0000, 
0x0000, 0x0000, 0x0000, 0x0000, 0x0000, 0x0000, 0x0000, 0x0000, 0x0000, 0x0000, 0x0000, 0x0000, 0x0000, 0x0000, 0x0000, 0x0000, 
0x0000, 0x0000, 0x0000, 0x0000, 0x0000, 0x0000, 0x0000, 0x0000, 0x0000, 0x0000, 0x0000, 0x0000, 0x0000, 0x0000, 0x0000, 0x0000, 
0x0000, 0x0000, 0x0000, 0x0000, 0x0000, 0x0000, 0x0000, 0x0000, 0x0000, 0x0000, 0x0000, 0x0000, 0x0000, 0x0000, 0x0000, 0x0000, 
0x0000, 0x0000, 0x0000, 0x0000, 0x0000, 0x0000, 0x0000, 0x0000, 0x0000, 0x0000, 0x0000, 0x0000, 0x0000, 0x0000, 0x0000, 0x0000, 
0x0000, 0x0000, 0x0000, 0x0000, 0x0000, 0x0000, 0x0000, 0x0000, 0x0000, 0x0000, 0x0000, 0x0000, 0x0000, 0x0000, 0x0000, 0x0000, 
0x0000, 0x0000, 0x0000, 0x0000, 0x0000, 0x0000, 0x0000, 0x0000, 0x0000, 0x0000, 0x0000, 0x0000, 0x0000, 0x0000, 0x0000, 0x0000, 
0x0000, 0x0000, 0x0000, 0x0000, 0x0000, 0x0000, 0x0000, 0x0000, 0x0000, 0x0000, 0x0000, 0x0000, 0x0000, 0x0000, 0x0000, 0x0000, 
0x0000, 0x0000, 0x0000, 0x0000, 0x0000, 0x0000, 0x0000, 0x0000, 0x0000, 0x0000, 0x0000, 0x0000, 0x0000, 0x0000, 0x0000, 0x0000, 
0x0000, 0x0000, 0x0000, 0x0000, 0x0000, 0x0000, 0x0000, 0x0000, 0x0000, 0x0000, 0x0000, 0x0000, 0x0000, 0x0000, 0x0000, 0x0000, 
0x0000, 0x0000, 0x0000, 0x0000, 0x0000, 0x0000, 0x0000, 0x0000, 0x0000, 0x0000, 0x0000, 0x0000, 0x0000, 0x0000, 0x0000, 0x0000, 
0x0000, 0x0000, 0x0000, 0x0000, 0x0000, 0x0000, 0x0000, 0x0000, 0x0000, 0x0000, 0x0000, 0x0000, 0x0000, 0x0000, 0x0000, 0x0000, 
0x0000, 0x0000, 0x0000, 0x0000, 0x0000, 0x0000, 0x0000, 0x0000, 0x0000, 0x0000, 0x0000, 0x0000, 0x0000, 0x0000, 0x0000, 0x0000, 
0x0000, 0x0000, 0x0000, 0x0000, 0x0000, 0x0000, 0x0000, 0x0000, 0x0000, 0x0000, 0x0000, 0x0000, 0x0000, 0x0000, 0x0000, 0x0000, 
0x0000, 0x0000, 0x0000, 0x0000, 0x0000, 0x0000, 0x0000, 0x0000, 0x0000, 0x0000, 0x0000, 0x0000, 0x0000, 0x0000, 0x0000, 0x0000, 
0x0000, 0x0000, 0x0000, 0x0000, 0x0000, 0x0000, 0x0000, 0x0000, 0x0000, 0x0000, 0x0000, 0x0000, 0x0000, 0x0000, 0x0000, 0x0000, 
0x0000, 0x0000, 0x0000, 0x0000, 0x0000, 0x0000, 0x0000, 0x0000, 0x0000, 0x0000, 0x0000, 0x0000, 0x0000, 0x0000, 0x0000, 0x0000, 
0x0000, 0x0000, 0x0000, 0x0000, 0x0000, 0x0000, 0x0000, 0x0000, 0x0000, 0x0000, 0x0000, 0x0000, 0x0000, 0x0000, 0x0000, 0x0000, 
0x0000, 0x0000, 0x0000, 0x0000, 0x0000, 0x0000, 0x0000, 0x0000, 0x0000, 0x0000, 0x0000, 0x0000, 0x0000, 0x0000, 0x0000, 0x0000, 
0x0000, 0x0000, 0x0000, 0x0000, 0x0000, 0x0000, 0x0000, 0x0000, 0x0000, 0x0000, 0x0000, 0x0000, 0x0000, 0x0000, 0x0000, 0x0000, 
0x0000, 0x0000, 0x0000, 0x0000, 0x0000, 0x0000, 0x0000, 0x0000, 0x0000, 0x0000, 0x0000, 0x0000, 0x0000, 0x0000, 0x0000, 0x0000, 
0x0000, 0x0000, 0x0000, 0x0000, 0x0000, 0x0000, 0x0000, 0x0000, 0x0000, 0x0000, 0x0000, 0x0000, 0x0000, 0x0000, 0x0000, 0x0000, 
0x0000, 0x0000, 0x0000, 0x0000, 0x0000, 0x0000, 0x0000, 0x0000, 0x0000, 0x0000, 0x0000, 0x0000, 0x0000, 0x0000, 0x0000, 0x0000, 
0x0000, 0x0000, 0x0000, 0x0000, 0x0000, 0x0000, 0x0000, 0x0000, 0x0000, 0x0000, 0x0000, 0x0000, 0x0000, 0x0000, 0x0000, 0x0000, 
0x0000, 0x0000, 0x0000, 0x0000, 0x0000, 0x0000, 0x0000, 0x0000, 0x0000, 0x0000, 0x0000, 0x0000, 0x0000, 0x0000, 0x0000, 0x0000, 
0x0000, 0x0000, 0x0000, 0x0000, 0x0000, 0x0000, 0x0000, 0x0000, 0x0000, 0x0000, 0x0000, 0x0000, 0x0000, 0x0000, 0x0000, 0x0000, 
0x0000, 0x0000, 0x0000, 0x0000, 0x0000, 0x0000, 0x0000, 0x0000, 0x0000, 0x0000, 0x0000, 0x0000, 0x0000, 0x0000, 0x0000, 0x0000, 
0x0000, 0x0000, 0x0000, 0x0000, 0x0000, 0x0000, 0x0000, 0x0000, 0x0000, 0x0000, 0x0000, 0x0000, 0x0000, 0x0000, 0x0000, 0x0000, 
0x0000, 0x0000, 0x0000, 0x0000, 0x0000, 0x0000, 0x0000, 0x0000, 0x0000, 0x0000, 0x0000, 0x0000, 0x0000, 0x0000, 0x0000, 0x0000, 
0x0000, 0x0000, 0x0000, 0x0000, 0x0000, 0x0000, 0x0000, 0x0000, 0x0000, 0x0000, 0x0000, 0x0000, 0x0000, 0x0000, 0x0000, 0x0000, 
0x0000, 0x0000, 0x0000, 0x0000, 0x0000, 0x0000, 0x0000, 0x0000, 0x0000, 0x0000, 0x0000, 0x0000, 0x0000, 0x0000, 0x0000, 0x0000, 
0x0000, 0x0000, 0x0000, 0x0000, 0x0000, 0x0000, 0x0000, 0x0000, 0x0000, 0x0000, 0x0000, 0x0000, 0x0000, 0x0000, 0x0000, 0x0000, 
0x0000, 0x0000, 0x0000, 0x0000, 0x0000, 0x0000, 0x0000, 0x0000, 0x0000, 0x0000, 0x0000, 0x0000, 0x0000, 0x0000, 0x0000, 0x0000, 
0x0000, 0x0000, 0x0000, 0x0000, 0x0000, 0x0000, 0x0000, 0x0000, 0x0000, 0x0000, 0x0000, 0x0000, 0x0000, 0x0000, 0x0000, 0x0000, 
0x0000, 0x0000, 0x0000, 0x0000, 0x0000, 0x0000, 0x0000, 0x0000, 0x0000, 0x0000, 0x0000, 0x0000, 0x0000, 0x0000, 0x0000, 0x0000, 
0x0000, 0x0000, 0x0000, 0x0000, 0x0000, 0x0000, 0x0000, 0x0000, 0x0000, 0x0000, 0x0000, 0x0000, 0x0000, 0x0000, 0x0000, 0x0000, 
0x0000, 0x0000, 0x0000, 0x0000, 0x0000, 0x0000, 0x0000, 0x0000, 0x0000, 0x0000, 0x0000, 0x0000, 0x0000, 0x0000, 0x0000, 0x0000, 
0x0000, 0x0000, 0x0000, 0x0000, 0x0000, 0x0000, 0x0000, 0x0000, 0x0000, 0x0000, 0x0000, 0x0000, 0x0000, 0x0000, 0x0000, 0x0000, 
0x0000, 0x0000, 0x0000, 0x0000, 0x0000, 0x0000, 0x0000, 0x0000, 0x0000, 0x0000, 0x0000, 0x0000, 0x0000, 0x0000, 0x0000, 0x0000, 
0x0000, 0x0000, 0x0000, 0x0000, 0x0000, 0x0000, 0x0000, 0x0000, 0x0000, 0x0000, 0x0000, 0x0000, 0x0000, 0x0000, 0x0000, 0x0000, 
0x0000, 0x0000, 0x0000, 0x0000, 0x0000, 0x0000, 0x0000, 0x0000, 0x0000, 0x0000, 0x0000, 0x0000, 0x0000, 0x0000, 0x0000, 0x0000, 
0x0000, 0x0000, 0x0000, 0x0000, 0x0000, 0x0000, 0x0000, 0x0000, 0x0000, 0x0000, 0x0000, 0x0000, 0x0000, 0x0000, 0x0000, 0x0000, 
0x0000, 0x0000, 0x0000, 0x0000, 0x0000, 0x0000, 0x0000, 0x0000, 0x0000, 0x0000, 0x0000, 0x0000, 0x0000, 0x0000, 0x0000, 0x0000, 
0x0000, 0x0000, 0x0000, 0x0000, 0x0000, 0x0000, 0x0000, 0x0000, 0x0000, 0x0000, 0x0000, 0x0000, 0x0000, 0x0000, 0x0000, 0x0000, 
0x0000, 0x0000, 0x0000, 0x0000, 0x0000, 0x0000, 0x0000, 0x0000, 0x0000, 0x0000, 0x0000, 0x0000, 0x0000, 0x0000, 0x0000, 0x0000, 
0x0000, 0x0000, 0x0000, 0x0000, 0x0000, 0x0000, 0x0000, 0x0000, 0x0000, 0x0000, 0x0000, 0x0000, 0x0000, 0x0000, 0x0000, 0x0000, 
0x0000, 0x0000, 0x0000, 0x0000, 0x0000, 0x0000, 0x0000, 0x0000, 0x0000, 0x0000, 0x0000, 0x0000, 0x0000, 0x0000, 0x0000, 0x0000, 
0x0000, 0x0000, 0x0000, 0x0000, 0x0000, 0x0000, 0x0000, 0x0000, 0x0000, 0x0000, 0x0000, 0x0000, 0x0000, 0x0000, 0x0000, 0x0000, 
0x0000, 0x0000, 0x0000, 0x0000, 0x0000, 0x0000, 0x0000, 0x0000, 0x0000, 0x0000, 0x0000, 0x0000, 0x0000, 0x0000, 0x0000, 0x0000, 
0x0000, 0x0000, 0x0000, 0x0000, 0x0000, 0x0000, 0x0000, 0x0000, 0x0000, 0x0000, 0x0000, 0x0000, 0x0000, 0x0000, 0x0000, 0x0000, 
0x0000, 0x0000, 0x0000, 0x0000, 0x0000, 0x0000, 0x0000, 0x0000, 0x0000, 0x0000, 0x0000, 0x0000, 0x0000, 0x0000, 0x0000, 0x0000, 
0x0000, 0x0000, 0x0000, 0x0000, 0x0000, 0x0000, 0x0000, 0x0000, 0x0000, 0x0000, 0x0000, 0x0000, 0x0000, 0x0000, 0x0000, 0x0000, 
0x0000, 0x0000, 0x0000, 0x0000, 0x0000, 0x0000, 0x0000, 0x0000, 0x0000, 0x0000, 0x0000, 0x0000, 0x0000, 0x0000, 0x0000, 0x0000, 
0x0000, 0x0000, 0x0000, 0x0000, 0x0000, 0x0000, 0x0000, 0x0000, 0x0000, 0x0000, 0x0000, 0x0000, 0x0000, 0x0000, 0x0000, 0x0000, 
0x0000, 0x0000, 0x0000, 0x0000, 0x0000, 0x0000, 0x0000, 0x0000, 0x0000, 0x0000, 0x0000, 0x0000, 0x0000, 0x0000, 0x0000, 0x0000, 
0x0000, 0x0000, 0x0000, 0x0000, 0x0000, 0x0000, 0x0000, 0x0000, 0x0000, 0x0000, 0x0000, 0x0000, 0x0000, 0x0000, 0x0000, 0x0000, 
0x0000, 0x0000, 0x0000, 0x0000, 0x0000, 0x0000, 0x0000, 0x0000, 0x0000, 0x0000, 0x0000, 0x0000, 0x0000, 0x0000, 0x0000, 0x0000, 
0x0000, 0x0000, 0x0000, 0x0000, 0x0000, 0x0000, 0x0000, 0x0000, 0x0000, 0x0000, 0x0000, 0x0000, 0x0000, 0x0000, 0x0000, 0x0000, 
0x0000, 0x0000, 0x0000, 0x0000, 0x0000, 0x0000, 0x0000, 0x0000, 0x0000, 0x0000, 0x0000, 0x0000, 0x0000, 0x0000, 0x0000, 0x0000, 
0x0000, 0x0000, 0x0000, 0x0000, 0x0000, 0x0000, 0x0000, 0x0000, 0x0000, 0x0000, 0x0000, 0x0000, 0x0000, 0x0000, 0x0000, 0x0000, 
0x0000, 0x0000, 0x0000, 0x0000, 0x0000, 0x0000, 0x0000, 0x0000, 0x0000, 0x0000, 0x0000, 0x0000, 0x0000, 0x0000, 0x0000, 0x0000, 
0x0000, 0x0000, 0x0000, 0x0000, 0x0000, 0x0000, 0x0000, 0x0000, 0x0000, 0x0000, 0x0000, 0x0000, 0x0000, 0x0000, 0x0000, 0x0000, 
0x0000, 0x0000, 0x0000, 0x0000, 0x0000, 0x0000, 0x0000, 0x0000, 0x0000, 0x0000, 0x0000, 0x0000, 0x0000, 0x0000, 0x0000, 0x0000, 
0x0000, 0x0000, 0x0000, 0x0000, 0x0000, 0x0000, 0x0000, 0x0000, 0x0000, 0x0000, 0x0000, 0x0000, 0x0000, 0x0000, 0x0000, 0x0000, 
0x0000, 0x0000, 0x0000, 0x0000, 0x0000, 0x0000, 0x0000, 0x0000, 0x0000, 0x0000, 0x0000, 0x0000, 0x0000, 0x0000, 0x0000, 0x0000, 
0x0000, 0x0000, 0x0000, 0x0000, 0x0000, 0x0000, 0x0000, 0x0000, 0x0000, 0x0000, 0x0000, 0x0000, 0x0000, 0x0000, 0x0000, 0x0000, 
0x0000, 0x0000, 0x0000, 0x0000, 0x0000, 0x0000, 0x0000, 0x0000, 0x0000, 0x0000, 0x0000, 0x0000, 0x0000, 0x0000, 0x0000, 0x0000, 
0x0000, 0x0000, 0x0000, 0x0000, 0x0000, 0x0000, 0x0000, 0x0000, 0x0000, 0x0000, 0x0000, 0x0000, 0x0000, 0x0000, 0x0000, 0x0000, 
0x0000, 0x0000, 0x0000, 0x0000, 0x0000, 0x0000, 0x0000, 0x0000, 0x0000, 0x0000, 0x0000, 0x0000, 0x0000, 0x0000, 0x0000, 0x0000, 
0x0000, 0x0000, 0x0000, 0x0000, 0x0000, 0x0000, 0x0000, 0x0000, 0x0000, 0x0000, 0x0000, 0x0000, 0x0000, 0x0000, 0x0000, 0x0000, 
0x0000, 0x0000, 0x0000, 0x0000, 0x0000, 0x0000, 0x0000, 0x0000, 0x0000, 0x0000, 0x0000, 0x0000, 0x0000, 0x0000, 0x0000, 0x0000, 
0x0000, 0x0000, 0x0000, 0x0000, 0x0000, 0x0000, 0x0000, 0x0000, 0x0000, 0x0000, 0x0000, 0x0000, 0x0000, 0x0000, 0x0000, 0x0000, 
0x0000, 0x0000, 0x0000, 0x0000, 0x0000, 0x0000, 0x0000, 0x0000, 0x0000, 0x0000, 0x0000, 0x0000, 0x0000, 0x0000, 0x0000, 0x0000, 
0x0000, 0x0000, 0x0000, 0x0000, 0x0000, 0x0000, 0x0000, 0x0000, 0x0000, 0x0000, 0x0000, 0x0000, 0x0000, 0x0000, 0x0000, 0x0000, 
0x0000, 0x0000, 0x0000, 0x0000, 0x0000, 0x0000, 0x0000, 0x0000, 0x0000, 0x0000, 0x0000, 0x0000, 0x0000, 0x0000, 0x0000, 0x0000, 
0x0000, 0x0000, 0x0000, 0x0000, 0x0000, 0x0000, 0x0000, 0x0000, 0x0000, 0x0000, 0x0000, 0x0000, 0x0000, 0x0000, 0x0000, 0x0000, 
0x0000, 0x0000, 0x0000, 0x0000, 0x0000, 0x0000, 0x0000, 0x0000, 0x0000, 0x0000, 0x0000, 0x0000, 0x0000, 0x0000, 0x0000, 0x0000
};
